File name cleanup,coll id,Manifest File
1r KTK pseudo MB365UV-MB780IR,GeoNF-55,ark~=21198=z1d50wzn.json
1r KTK pseudo MB365UV-VIS,GeoNF-55,ark~=21198=z1d50wzn.json
1r KTK pseudo WBUVO22-VIS,GeoNF-55,ark~=21198=z1d50wzn.json
1r KTK pseudo WBUVUVb-MB780IR,GeoNF-55,ark~=21198=z1d50wzn.json
1r KTK pseudo WBUVUVb-VIS,GeoNF-55,ark~=21198=z1d50wzn.json
1r KTK pseudo WBUVUVP-VIS,GeoNF-55,ark~=21198=z1d50wzn.json
1r KTK sharpie avgUV-VIS,GeoNF-55,ark~=21198=z1d50wzn.json
1r KTK sharpie MB365UV-MB780IR,GeoNF-55,ark~=21198=z1d50wzn.json
1r KTK sharpie MB365UV-VIS,GeoNF-55,ark~=21198=z1d50wzn.json
1r KTK sharpie WBUVG58-MB780IR,GeoNF-55,ark~=21198=z1d50wzn.json
1r KTK sharpie WBUVO22-MB780IR,GeoNF-55,ark~=21198=z1d50wzn.json
1r KTK sharpie WBUVUVb-MB780IR,GeoNF-55,ark~=21198=z1d50wzn.json
1r KTK sharpie WBUVUVP-VIS,GeoNF-55,ark~=21198=z1d50wzn.json
1v KTK pseudo MB365UV-MB780IR,GeoNF-55,ark~=21198=z1d50wzn.json
1v KTK pseudo MB365UV-VIS,GeoNF-55,ark~=21198=z1d50wzn.json
1v KTK pseudo WBUVO22-VIS,GeoNF-55,ark~=21198=z1d50wzn.json
1v KTK pseudo WBUVUVb-MB780IR,GeoNF-55,ark~=21198=z1d50wzn.json
1v KTK pseudo WBUVUVb-VIS,GeoNF-55,ark~=21198=z1d50wzn.json
1v KTK pseudo WBUVUVP-VIS,GeoNF-55,ark~=21198=z1d50wzn.json
1v KTK sharpie MB365UV-VIS,GeoNF-55,ark~=21198=z1d50wzn.json
1v KTK sharpie WBUVB47-VIS,GeoNF-55,ark~=21198=z1d50wzn.json
1v KTK sharpie WBUVG58-MB780IR,GeoNF-55,ark~=21198=z1d50wzn.json
1v KTK sharpie WBUVG58-VIS,GeoNF-55,ark~=21198=z1d50wzn.json
1v KTK sharpie WBUVO22-MB780IR,GeoNF-55,ark~=21198=z1d50wzn.json
1v KTK sharpie WBUVO22-VIS,GeoNF-55,ark~=21198=z1d50wzn.json
1v KTK sharpie WBUVUVb-MB780IR,GeoNF-55,ark~=21198=z1d50wzn.json
1v KTK sharpie WBUVUVb-VIS,GeoNF-55,ark~=21198=z1d50wzn.json
1v KTK sharpie WBUVUVP-VIS,GeoNF-55,ark~=21198=z1d50wzn.json
2r KTK pseudo MB365UV-MB780IR,GeoNF-55,ark~=21198=z1d50wzn.json
2r KTK pseudo MB365UV-VIS,GeoNF-55,ark~=21198=z1d50wzn.json
2r KTK pseudo WBUVO22-VIS,GeoNF-55,ark~=21198=z1d50wzn.json
2r KTK pseudo WBUVUVb-MB780IR,GeoNF-55,ark~=21198=z1d50wzn.json
2r KTK pseudo WBUVUVb-VIS,GeoNF-55,ark~=21198=z1d50wzn.json
2r KTK pseudo WBUVUVP-VIS,GeoNF-55,ark~=21198=z1d50wzn.json
2r KTK sharpie avgUV-VIS,GeoNF-55,ark~=21198=z1d50wzn.json
2r KTK sharpie MB365UV-MB780IR,GeoNF-55,ark~=21198=z1d50wzn.json
2r KTK sharpie MB365UV-VIS,GeoNF-55,ark~=21198=z1d50wzn.json
2r KTK sharpie WBUVB47-VIS,GeoNF-55,ark~=21198=z1d50wzn.json
2r KTK sharpie WBUVG58-MB780IR,GeoNF-55,ark~=21198=z1d50wzn.json
2r KTK sharpie WBUVG58-VIS,GeoNF-55,ark~=21198=z1d50wzn.json
2r KTK sharpie WBUVO22-MB780IR,GeoNF-55,ark~=21198=z1d50wzn.json
2r KTK sharpie WBUVUVb-MB780IR,GeoNF-55,ark~=21198=z1d50wzn.json
2r KTK sharpie WBUVUVb-VIS,GeoNF-55,ark~=21198=z1d50wzn.json
2r KTK sharpie WBUVUVP-VIS,GeoNF-55,ark~=21198=z1d50wzn.json
2v KTK pseudo MB365UV-MB780IR,GeoNF-55,ark~=21198=z1d50wzn.json
2v KTK pseudo MB365UV-VIS,GeoNF-55,ark~=21198=z1d50wzn.json
2v KTK pseudo WBUVO22-VIS,GeoNF-55,ark~=21198=z1d50wzn.json
2v KTK pseudo WBUVUVb-MB780IR,GeoNF-55,ark~=21198=z1d50wzn.json
2v KTK pseudo WBUVUVb-VIS,GeoNF-55,ark~=21198=z1d50wzn.json
2v KTK pseudo WBUVUVP-VIS,GeoNF-55,ark~=21198=z1d50wzn.json
2v KTK sharpie avgUV-VIS,GeoNF-55,ark~=21198=z1d50wzn.json
2v KTK sharpie MB365UV-MB780IR,GeoNF-55,ark~=21198=z1d50wzn.json
2v KTK sharpie MB365UV-VIS,GeoNF-55,ark~=21198=z1d50wzn.json
2v KTK sharpie WBUVB47-VIS,GeoNF-55,ark~=21198=z1d50wzn.json
2v KTK sharpie WBUVG58-MB780IR,GeoNF-55,ark~=21198=z1d50wzn.json
2v KTK sharpie WBUVG58-VIS,GeoNF-55,ark~=21198=z1d50wzn.json
2v KTK sharpie WBUVO22-MB780IR,GeoNF-55,ark~=21198=z1d50wzn.json
2v KTK sharpie WBUVUVb-MB780IR,GeoNF-55,ark~=21198=z1d50wzn.json
2v KTK sharpie WBUVUVb-VIS,GeoNF-55,ark~=21198=z1d50wzn.json
2v KTK sharpie WBUVUVP-VIS,GeoNF-55,ark~=21198=z1d50wzn.json
3r KTK pseudo MB365UV-MB780IR,GeoNF-55,ark~=21198=z1d50wzn.json
3r KTK pseudo MB365UV-VIS,GeoNF-55,ark~=21198=z1d50wzn.json
3r KTK pseudo WBUVO22-VIS,GeoNF-55,ark~=21198=z1d50wzn.json
3r KTK pseudo WBUVUVb-MB780IR,GeoNF-55,ark~=21198=z1d50wzn.json
3r KTK pseudo WBUVUVb-VIS,GeoNF-55,ark~=21198=z1d50wzn.json
3r KTK pseudo WBUVUVP-VIS,GeoNF-55,ark~=21198=z1d50wzn.json
3r KTK sharpie avgUV-VIS,GeoNF-55,ark~=21198=z1d50wzn.json
3r KTK sharpie MB365UV-MB780IR,GeoNF-55,ark~=21198=z1d50wzn.json
3r KTK sharpie MB365UV-VIS,GeoNF-55,ark~=21198=z1d50wzn.json
3r KTK sharpie WBUVB47-VIS,GeoNF-55,ark~=21198=z1d50wzn.json
3r KTK sharpie WBUVG58-MB780IR,GeoNF-55,ark~=21198=z1d50wzn.json
3r KTK sharpie WBUVG58-VIS,GeoNF-55,ark~=21198=z1d50wzn.json
3r KTK sharpie WBUVO22-MB780IR,GeoNF-55,ark~=21198=z1d50wzn.json
3r KTK sharpie WBUVO22-VIS,GeoNF-55,ark~=21198=z1d50wzn.json
3r KTK sharpie WBUVUVb-MB780IR,GeoNF-55,ark~=21198=z1d50wzn.json
3r KTK sharpie WBUVUVb-VIS,GeoNF-55,ark~=21198=z1d50wzn.json
3r KTK sharpie WBUVUVP-VIS,GeoNF-55,ark~=21198=z1d50wzn.json
3v KTK pseudo MB365UV-MB780IR,GeoNF-55,ark~=21198=z1d50wzn.json
3v KTK pseudo MB365UV-VIS,GeoNF-55,ark~=21198=z1d50wzn.json
3v KTK pseudo WBUVO22-VIS,GeoNF-55,ark~=21198=z1d50wzn.json
3v KTK pseudo WBUVUVb-MB780IR,GeoNF-55,ark~=21198=z1d50wzn.json
3v KTK pseudo WBUVUVb-VIS,GeoNF-55,ark~=21198=z1d50wzn.json
3v KTK pseudo WBUVUVP-VIS,GeoNF-55,ark~=21198=z1d50wzn.json
3v KTK sharpie avgUV-VIS,GeoNF-55,ark~=21198=z1d50wzn.json
3v KTK sharpie MB365UV-MB780IR,GeoNF-55,ark~=21198=z1d50wzn.json
3v KTK sharpie MB365UV-VIS,GeoNF-55,ark~=21198=z1d50wzn.json
3v KTK sharpie WBUVB47-VIS,GeoNF-55,ark~=21198=z1d50wzn.json
3v KTK sharpie WBUVG58-MB780IR,GeoNF-55,ark~=21198=z1d50wzn.json
3v KTK sharpie WBUVG58-VIS,GeoNF-55,ark~=21198=z1d50wzn.json
3v KTK sharpie WBUVO22-MB780IR,GeoNF-55,ark~=21198=z1d50wzn.json
3v KTK sharpie WBUVO22-VIS,GeoNF-55,ark~=21198=z1d50wzn.json
3v KTK sharpie WBUVUVb-MB780IR,GeoNF-55,ark~=21198=z1d50wzn.json
3v KTK sharpie WBUVUVb-VIS,GeoNF-55,ark~=21198=z1d50wzn.json
3v KTK sharpie WBUVUVP-VIS,GeoNF-55,ark~=21198=z1d50wzn.json
4r KTK pseudo MB365UV-MB780IR,GeoNF-55,ark~=21198=z1d50wzn.json
4r KTK pseudo MB365UV-VIS,GeoNF-55,ark~=21198=z1d50wzn.json
4r KTK pseudo WBUVO22-VIS,GeoNF-55,ark~=21198=z1d50wzn.json
4r KTK pseudo WBUVUVb-MB780IR,GeoNF-55,ark~=21198=z1d50wzn.json
4r KTK pseudo WBUVUVb-VIS,GeoNF-55,ark~=21198=z1d50wzn.json
4r KTK pseudo WBUVUVP-VIS,GeoNF-55,ark~=21198=z1d50wzn.json
4r KTK sharpie avgUV-VIS,GeoNF-55,ark~=21198=z1d50wzn.json
4r KTK sharpie MB365UV-MB780IR,GeoNF-55,ark~=21198=z1d50wzn.json
4r KTK sharpie MB365UV-VIS,GeoNF-55,ark~=21198=z1d50wzn.json
4r KTK sharpie WBUVB47-VIS,GeoNF-55,ark~=21198=z1d50wzn.json
4r KTK sharpie WBUVG58-MB780IR,GeoNF-55,ark~=21198=z1d50wzn.json
4r KTK sharpie WBUVG58-VIS,GeoNF-55,ark~=21198=z1d50wzn.json
4r KTK sharpie WBUVO22-MB780IR,GeoNF-55,ark~=21198=z1d50wzn.json
4r KTK sharpie WBUVO22-VIS,GeoNF-55,ark~=21198=z1d50wzn.json
4r KTK sharpie WBUVUVb-MB780IR,GeoNF-55,ark~=21198=z1d50wzn.json
4v KTK pseudo MB365UV-MB780IR,GeoNF-55,ark~=21198=z1d50wzn.json
4v KTK pseudo MB365UV-VIS,GeoNF-55,ark~=21198=z1d50wzn.json
4v KTK pseudo WBUVO22-VIS,GeoNF-55,ark~=21198=z1d50wzn.json
4v KTK pseudo WBUVUVb-MB780IR,GeoNF-55,ark~=21198=z1d50wzn.json
4v KTK pseudo WBUVUVb-VIS,GeoNF-55,ark~=21198=z1d50wzn.json
4v KTK pseudo WBUVUVP-VIS,GeoNF-55,ark~=21198=z1d50wzn.json
4v KTK sharpie avgUV-VIS,GeoNF-55,ark~=21198=z1d50wzn.json
4v KTK sharpie MB365UV-MB780IR,GeoNF-55,ark~=21198=z1d50wzn.json
4v KTK sharpie MB365UV-VIS,GeoNF-55,ark~=21198=z1d50wzn.json
4v KTK sharpie WBUVB47-VIS,GeoNF-55,ark~=21198=z1d50wzn.json
4v KTK sharpie WBUVG58-MB780IR,GeoNF-55,ark~=21198=z1d50wzn.json
4v KTK sharpie WBUVG58-VIS,GeoNF-55,ark~=21198=z1d50wzn.json
4v KTK sharpie WBUVO22-MB780IR,GeoNF-55,ark~=21198=z1d50wzn.json
4v KTK sharpie WBUVO22-VIS,GeoNF-55,ark~=21198=z1d50wzn.json
4v KTK sharpie WBUVUVb-MB780IR,GeoNF-55,ark~=21198=z1d50wzn.json
4v KTK sharpie WBUVUVb-VIS,GeoNF-55,ark~=21198=z1d50wzn.json
4v KTK sharpie WBUVUVP-VIS,GeoNF-55,ark~=21198=z1d50wzn.json
5r KTK pseudo MB365UV-MB780IR,GeoNF-55,ark~=21198=z1d50wzn.json
5r KTK pseudo MB365UV-VIS,GeoNF-55,ark~=21198=z1d50wzn.json
5r KTK pseudo WBUVO22-VIS,GeoNF-55,ark~=21198=z1d50wzn.json
5r KTK pseudo WBUVUVb-MB780IR,GeoNF-55,ark~=21198=z1d50wzn.json
5r KTK pseudo WBUVUVb-VIS,GeoNF-55,ark~=21198=z1d50wzn.json
5r KTK pseudo WBUVUVP-VIS,GeoNF-55,ark~=21198=z1d50wzn.json
5r KTK sharpie avgUV-VIS,GeoNF-55,ark~=21198=z1d50wzn.json
5r KTK sharpie MB365UV-MB780IR,GeoNF-55,ark~=21198=z1d50wzn.json
5r KTK sharpie MB365UV-VIS,GeoNF-55,ark~=21198=z1d50wzn.json
5r KTK sharpie WBUVB47-VIS,GeoNF-55,ark~=21198=z1d50wzn.json
5r KTK sharpie WBUVG58-MB780IR,GeoNF-55,ark~=21198=z1d50wzn.json
5r KTK sharpie WBUVG58-VIS,GeoNF-55,ark~=21198=z1d50wzn.json
5r KTK sharpie WBUVO22-MB780IR,GeoNF-55,ark~=21198=z1d50wzn.json
5r KTK sharpie WBUVO22-VIS,GeoNF-55,ark~=21198=z1d50wzn.json
5r KTK sharpie WBUVUVb-MB780IR,GeoNF-55,ark~=21198=z1d50wzn.json
5r KTK sharpie WBUVUVb-VIS,GeoNF-55,ark~=21198=z1d50wzn.json
5r KTK sharpie WBUVUVP-VIS,GeoNF-55,ark~=21198=z1d50wzn.json
5v KTK pseudo MB365UV-MB780IR,GeoNF-55,ark~=21198=z1d50wzn.json
5v KTK pseudo MB365UV-VIS,GeoNF-55,ark~=21198=z1d50wzn.json
5v KTK pseudo WBUVO22-VIS,GeoNF-55,ark~=21198=z1d50wzn.json
5v KTK pseudo WBUVUVb-MB780IR,GeoNF-55,ark~=21198=z1d50wzn.json
5v KTK pseudo WBUVUVb-VIS,GeoNF-55,ark~=21198=z1d50wzn.json
5v KTK pseudo WBUVUVP-VIS,GeoNF-55,ark~=21198=z1d50wzn.json
5v KTK sharpie avgUV-VIS,GeoNF-55,ark~=21198=z1d50wzn.json
5v KTK sharpie MB365UV-MB780IR,GeoNF-55,ark~=21198=z1d50wzn.json
5v KTK sharpie MB365UV-VIS,GeoNF-55,ark~=21198=z1d50wzn.json
5v KTK sharpie WBUVB47-VIS,GeoNF-55,ark~=21198=z1d50wzn.json
5v KTK sharpie WBUVG58-MB780IR,GeoNF-55,ark~=21198=z1d50wzn.json
5v KTK sharpie WBUVG58-VIS,GeoNF-55,ark~=21198=z1d50wzn.json
5v KTK sharpie WBUVO22-MB780IR,GeoNF-55,ark~=21198=z1d50wzn.json
5v KTK sharpie WBUVO22-VIS,GeoNF-55,ark~=21198=z1d50wzn.json
5v KTK sharpie WBUVUVb-MB780IR,GeoNF-55,ark~=21198=z1d50wzn.json
5v KTK sharpie WBUVUVb-VIS,GeoNF-55,ark~=21198=z1d50wzn.json
5v KTK sharpie WBUVUVP-VIS,GeoNF-55,ark~=21198=z1d50wzn.json
11r-12v KTK pseudo MB365UV-MB780IR,GeoNF-59,ark~=21198=z18d059m.json
11r-12v KTK pseudo MB365UV-VIS,GeoNF-59,ark~=21198=z18d059m.json
11r-12v KTK pseudo WBUVO22-VIS,GeoNF-59,ark~=21198=z18d059m.json
11r-12v KTK pseudo WBUVUVb-MB780IR,GeoNF-59,ark~=21198=z18d059m.json
11r-12v KTK pseudo WBUVUVb-VIS,GeoNF-59,ark~=21198=z18d059m.json
11r-12v KTK pseudo WBUVUVP-VIS,GeoNF-59,ark~=21198=z18d059m.json
11r-12v KTK sharpie avgUV-VIS,GeoNF-59,ark~=21198=z18d059m.json
11r-12v KTK sharpie MB365UV-MB780IR,GeoNF-59,ark~=21198=z18d059m.json
11r-12v KTK sharpie MB365UV-VIS,GeoNF-59,ark~=21198=z18d059m.json
11r-12v KTK sharpie WBUVB47-VIS,GeoNF-59,ark~=21198=z18d059m.json
11r-12v KTK sharpie WBUVO22-MB780IR,GeoNF-59,ark~=21198=z18d059m.json
11r-12v KTK sharpie WBUVO22-VIS,GeoNF-59,ark~=21198=z18d059m.json
11r-12v KTK sharpie WBUVUVb-MB780IR,GeoNF-59,ark~=21198=z18d059m.json
11r-12v KTK sharpie WBUVUVb-VIS,GeoNF-59,ark~=21198=z18d059m.json
11r-12v KTK sharpie WBUVUVP-VIS,GeoNF-59,ark~=21198=z18d059m.json
11v-12r KTK pseudo MB365UV-MB780IR,GeoNF-59,ark~=21198=z18d059m.json
11v-12r KTK pseudo MB365UV-VIS,GeoNF-59,ark~=21198=z18d059m.json
11v-12r KTK pseudo WBUVO22-VIS,GeoNF-59,ark~=21198=z18d059m.json
11v-12r KTK pseudo WBUVUVb-MB780IR,GeoNF-59,ark~=21198=z18d059m.json
11v-12r KTK pseudo WBUVUVb-VIS,GeoNF-59,ark~=21198=z18d059m.json
11v-12r KTK pseudo WBUVUVP-VIS,GeoNF-59,ark~=21198=z18d059m.json
11v-12r KTK sharpie avgUV-VIS,GeoNF-59,ark~=21198=z18d059m.json
11v-12r KTK sharpie MB365UV-MB780IR,GeoNF-59,ark~=21198=z18d059m.json
11v-12r KTK sharpie MB365UV-VIS,GeoNF-59,ark~=21198=z18d059m.json
11v-12r KTK sharpie WBUVB47-VIS,GeoNF-59,ark~=21198=z18d059m.json
11v-12r KTK sharpie WBUVO22-MB780IR,GeoNF-59,ark~=21198=z18d059m.json
11v-12r KTK sharpie WBUVUVb-MB780IR,GeoNF-59,ark~=21198=z18d059m.json
11v-12r KTK sharpie WBUVUVb-VIS,GeoNF-59,ark~=21198=z18d059m.json
1v-6r KTK pseudo MB365UV-MB780IR,GeoNF-59,ark~=21198=z18d059m.json
1v-6r KTK pseudo MB365UV-VIS,GeoNF-59,ark~=21198=z18d059m.json
1v-6r KTK pseudo WBUVO22-VIS,GeoNF-59,ark~=21198=z18d059m.json
1v-6r KTK pseudo WBUVUVb-MB780IR,GeoNF-59,ark~=21198=z18d059m.json
1v-6r KTK pseudo WBUVUVb-VIS,GeoNF-59,ark~=21198=z18d059m.json
1v-6r KTK pseudo WBUVUVP-VIS,GeoNF-59,ark~=21198=z18d059m.json
2r-5v KTK pseudo MB365UV-MB780IR,GeoNF-59,ark~=21198=z18d059m.json
2r-5v KTK pseudo MB365UV-VIS,GeoNF-59,ark~=21198=z18d059m.json
2r-5v KTK pseudo WBUVO22-VIS,GeoNF-59,ark~=21198=z18d059m.json
2r-5v KTK pseudo WBUVUVb-MB780IR,GeoNF-59,ark~=21198=z18d059m.json
2r-5v KTK pseudo WBUVUVb-VIS,GeoNF-59,ark~=21198=z18d059m.json
2r-5v KTK pseudo WBUVUVP-VIS,GeoNF-59,ark~=21198=z18d059m.json
2r-5v KTK sharpie avgUV-VIS,GeoNF-59,ark~=21198=z18d059m.json
2r-5v KTK sharpie MB365UV-MB780IR,GeoNF-59,ark~=21198=z18d059m.json
2r-5v KTK sharpie WBUVB47-VIS,GeoNF-59,ark~=21198=z18d059m.json
2r-5v KTK sharpie WBUVO22-MB780IR,GeoNF-59,ark~=21198=z18d059m.json
2r-5v KTK sharpie WBUVO22-VIS,GeoNF-59,ark~=21198=z18d059m.json
2r-5v KTK sharpie WBUVUVb-MB780IR,GeoNF-59,ark~=21198=z18d059m.json
2r-5v KTK sharpie WBUVUVb-VIS,GeoNF-59,ark~=21198=z18d059m.json
2r-5v KTK sharpie WBUVUVP-VIS,GeoNF-59,ark~=21198=z18d059m.json
2v-5r KTK pseudo MB365UV-MB780IR,GeoNF-59,ark~=21198=z18d059m.json
2v-5r KTK pseudo MB365UV-VIS,GeoNF-59,ark~=21198=z18d059m.json
2v-5r KTK pseudo WBUVO22-VIS,GeoNF-59,ark~=21198=z18d059m.json
2v-5r KTK pseudo WBUVUVb-MB780IR,GeoNF-59,ark~=21198=z18d059m.json
2v-5r KTK pseudo WBUVUVb-VIS,GeoNF-59,ark~=21198=z18d059m.json
2v-5r KTK pseudo WBUVUVP-VIS,GeoNF-59,ark~=21198=z18d059m.json
3r-4v KTK pseudo WBUVO22-VIS,GeoNF-59,ark~=21198=z18d059m.json
3r-4v KTK pseudo WBUVUVb-MB780IR,GeoNF-59,ark~=21198=z18d059m.json
3r-4v KTK pseudo WBUVUVb-VIS,GeoNF-59,ark~=21198=z18d059m.json
3r-4v KTK sharpie avgUV-VIS,GeoNF-59,ark~=21198=z18d059m.json
3r-4v KTK sharpie MB365UV-VIS,GeoNF-59,ark~=21198=z18d059m.json
3r-4v KTK sharpie WBUVB47-VIS,GeoNF-59,ark~=21198=z18d059m.json
3r-4v KTK sharpie WBUVO22-MB780IR,GeoNF-59,ark~=21198=z18d059m.json
3r-4v KTK sharpie WBUVO22-VIS,GeoNF-59,ark~=21198=z18d059m.json
3r-4v KTK sharpie WBUVUVb-MB780IR,GeoNF-59,ark~=21198=z18d059m.json
3r-4v KTK sharpie WBUVUVb-VIS,GeoNF-59,ark~=21198=z18d059m.json
3v-4r KTK pseudo WBUVO22-VIS,GeoNF-59,ark~=21198=z18d059m.json
3v-4r KTK pseudo WBUVUVb-MB780IR,GeoNF-59,ark~=21198=z18d059m.json
3v-4r KTK pseudo WBUVUVb-VIS,GeoNF-59,ark~=21198=z18d059m.json
3v-4r KTK sharpie MB365UV-MB780IR,GeoNF-59,ark~=21198=z18d059m.json
3v-4r KTK sharpie MB365UV-VIS,GeoNF-59,ark~=21198=z18d059m.json
3v-4r KTK sharpie WBUVUVb-VIS,GeoNF-59,ark~=21198=z18d059m.json
3v-4r KTK sharpie WBUVUVP-VIS,GeoNF-59,ark~=21198=z18d059m.json
7r-8v KTK pseudo MB365UV-MB780IR,GeoNF-59,ark~=21198=z18d059m.json
7r-8v KTK pseudo WBUVO22-VIS,GeoNF-59,ark~=21198=z18d059m.json
7r-8v KTK pseudo WBUVUVb-MB780IR,GeoNF-59,ark~=21198=z18d059m.json
7r-8v KTK pseudo WBUVUVb-VIS,GeoNF-59,ark~=21198=z18d059m.json
7r-8v KTK pseudo WBUVUVP-VIS,GeoNF-59,ark~=21198=z18d059m.json
7r-8v KTK sharpie avgUV-VIS,GeoNF-59,ark~=21198=z18d059m.json
7r-8v KTK sharpie MB365UV-MB780IR,GeoNF-59,ark~=21198=z18d059m.json
7r-8v KTK sharpie MB365UV-VIS,GeoNF-59,ark~=21198=z18d059m.json
7r-8v KTK sharpie WBUVB47-VIS,GeoNF-59,ark~=21198=z18d059m.json
7r-8v KTK sharpie WBUVO22-MB780IR,GeoNF-59,ark~=21198=z18d059m.json
7r-8v KTK sharpie WBUVO22-VIS,GeoNF-59,ark~=21198=z18d059m.json
7r-8v KTK sharpie WBUVUVb-MB780IR,GeoNF-59,ark~=21198=z18d059m.json
7r-8v KTK sharpie WBUVUVb-VIS,GeoNF-59,ark~=21198=z18d059m.json
7r-8v KTK sharpie WBUVUVP-VIS,GeoNF-59,ark~=21198=z18d059m.json
7v-8r KTK pseudo MB365UV-MB780IR,GeoNF-59,ark~=21198=z18d059m.json
7v-8r KTK pseudo MB365UV-VIS,GeoNF-59,ark~=21198=z18d059m.json
7v-8r KTK sharpie MB365UV-MB780IR,GeoNF-59,ark~=21198=z18d059m.json
7v-8r KTK sharpie WBUVB47-VIS,GeoNF-59,ark~=21198=z18d059m.json
7v-8r KTK sharpie WBUVUVb-MB780IR,GeoNF-59,ark~=21198=z18d059m.json
9r-10v KTK pseudo MB365UV-MB780IR,GeoNF-59,ark~=21198=z18d059m.json
9r-10v KTK pseudo MB365UV-VIS,GeoNF-59,ark~=21198=z18d059m.json
9r-10v KTK pseudo WBUVO22-VIS,GeoNF-59,ark~=21198=z18d059m.json
9r-10v KTK pseudo WBUVUVb-MB780IR,GeoNF-59,ark~=21198=z18d059m.json
9r-10v KTK pseudo WBUVUVb-VIS,GeoNF-59,ark~=21198=z18d059m.json
9r-10v KTK pseudo WBUVUVP-VIS,GeoNF-59,ark~=21198=z18d059m.json
9r-10v KTK sharpie avgUV-VIS,GeoNF-59,ark~=21198=z18d059m.json
9r-10v KTK sharpie MB365UV-MB780IR,GeoNF-59,ark~=21198=z18d059m.json
9r-10v KTK sharpie MB365UV-VIS,GeoNF-59,ark~=21198=z18d059m.json
9r-10v KTK sharpie WBUVB47-VIS,GeoNF-59,ark~=21198=z18d059m.json
9r-10v KTK sharpie WBUVO22-MB780IR,GeoNF-59,ark~=21198=z18d059m.json
9r-10v KTK sharpie WBUVO22-VIS,GeoNF-59,ark~=21198=z18d059m.json
9r-10v KTK sharpie WBUVUVb-MB780IR,GeoNF-59,ark~=21198=z18d059m.json
9r-10v KTK sharpie WBUVUVb-VIS,GeoNF-59,ark~=21198=z18d059m.json
9v-10r KTK pseudo MB365UV-MB780IR,GeoNF-59,ark~=21198=z18d059m.json
9v-10r KTK pseudo MB365UV-VIS,GeoNF-59,ark~=21198=z18d059m.json
9v-10r KTK pseudo WBUVO22-VIS,GeoNF-59,ark~=21198=z18d059m.json
9v-10r KTK pseudo WBUVUVb-MB780IR,GeoNF-59,ark~=21198=z18d059m.json
9v-10r KTK pseudo WBUVUVb-VIS,GeoNF-59,ark~=21198=z18d059m.json
9v-10r KTK pseudo WBUVUVP-VIS,GeoNF-59,ark~=21198=z18d059m.json
9v-10r KTK sharpie avgUV-VIS,GeoNF-59,ark~=21198=z18d059m.json
9v-10r KTK sharpie MB365UV-MB780IR,GeoNF-59,ark~=21198=z18d059m.json
9v-10r KTK sharpie MB365UV-VIS,GeoNF-59,ark~=21198=z18d059m.json
9v-10r KTK sharpie WBUVB47-VIS,GeoNF-59,ark~=21198=z18d059m.json
9v-10r KTK sharpie WBUVO22-MB780IR,GeoNF-59,ark~=21198=z18d059m.json
9v-10r KTK sharpie WBUVO22-VIS,GeoNF-59,ark~=21198=z18d059m.json
9v-10r KTK sharpie WBUVUVb-MB780IR,GeoNF-59,ark~=21198=z18d059m.json
9v-10r KTK sharpie WBUVUVb-VIS,GeoNF-59,ark~=21198=z18d059m.json
9v-10r KTK sharpie WBUVUVP-VIS,GeoNF-59,ark~=21198=z18d059m.json
1r KTK pseudo MB365UV-MB780IR,GrkNF-MG29,ark~=21198=z1kp8b5g.json
1r KTK pseudo MB365UV-VIS,GrkNF-MG29,ark~=21198=z1kp8b5g.json
1r KTK pseudo WBUVO22-VIS,GrkNF-MG29,ark~=21198=z1kp8b5g.json
1r KTK pseudo WBUVUVb-MB780IR,GrkNF-MG29,ark~=21198=z1kp8b5g.json
1r KTK pseudo WBUVUVb-VIS,GrkNF-MG29,ark~=21198=z1kp8b5g.json
1r KTK pseudo WBUVUVP-VIS,GrkNF-MG29,ark~=21198=z1kp8b5g.json
1r KTK sharpie avgUV-VIS,GrkNF-MG29,ark~=21198=z1kp8b5g.json
1r KTK sharpie MB365UV-VIS,GrkNF-MG29,ark~=21198=z1kp8b5g.json
1r KTK sharpie WBUVB47-VIS,GrkNF-MG29,ark~=21198=z1kp8b5g.json
1r KTK sharpie WBUVG58-MB780IR,GrkNF-MG29,ark~=21198=z1kp8b5g.json
1r KTK sharpie WBUVG58-VIS,GrkNF-MG29,ark~=21198=z1kp8b5g.json
1r KTK sharpie WBUVO22-MB780IR,GrkNF-MG29,ark~=21198=z1kp8b5g.json
1r KTK sharpie WBUVO22-VIS,GrkNF-MG29,ark~=21198=z1kp8b5g.json
1r KTK sharpie WBUVUVb-MB780IR,GrkNF-MG29,ark~=21198=z1kp8b5g.json
1r KTK sharpie WBUVUVb-VIS,GrkNF-MG29,ark~=21198=z1kp8b5g.json
1r KTK sharpie WBUVUVP-VIS,GrkNF-MG29,ark~=21198=z1kp8b5g.json
1v KTK pseudo MB365UV-MB780IR,GrkNF-MG29,ark~=21198=z1kp8b5g.json
1v KTK pseudo MB365UV-VIS,GrkNF-MG29,ark~=21198=z1kp8b5g.json
1v KTK pseudo WBUVO22-VIS,GrkNF-MG29,ark~=21198=z1kp8b5g.json
1v KTK pseudo WBUVUVb-MB780IR,GrkNF-MG29,ark~=21198=z1kp8b5g.json
1v KTK pseudo WBUVUVb-VIS,GrkNF-MG29,ark~=21198=z1kp8b5g.json
1v KTK pseudo WBUVUVP-VIS,GrkNF-MG29,ark~=21198=z1kp8b5g.json
1v KTK sharpie avgUV-VIS,GrkNF-MG29,ark~=21198=z1kp8b5g.json
1v KTK sharpie MB365UV-MB780IR,GrkNF-MG29,ark~=21198=z1kp8b5g.json
1v KTK sharpie MB365UV-VIS,GrkNF-MG29,ark~=21198=z1kp8b5g.json
1v KTK sharpie WBUVB47-VIS,GrkNF-MG29,ark~=21198=z1kp8b5g.json
1v KTK sharpie WBUVG58-MB780IR,GrkNF-MG29,ark~=21198=z1kp8b5g.json
1v KTK sharpie WBUVG58-VIS,GrkNF-MG29,ark~=21198=z1kp8b5g.json
1v KTK sharpie WBUVO22-MB780IR,GrkNF-MG29,ark~=21198=z1kp8b5g.json
1v KTK sharpie WBUVO22-VIS,GrkNF-MG29,ark~=21198=z1kp8b5g.json
1v KTK sharpie WBUVUVb-MB780IR,GrkNF-MG29,ark~=21198=z1kp8b5g.json
1v KTK sharpie WBUVUVb-VIS,GrkNF-MG29,ark~=21198=z1kp8b5g.json
1v KTK sharpie WBUVUVP-VIS,GrkNF-MG29,ark~=21198=z1kp8b5g.json
2r KTK pseudo MB365UV-MB780IR,GrkNF-MG29,ark~=21198=z1kp8b5g.json
2r KTK pseudo MB365UV-VIS,GrkNF-MG29,ark~=21198=z1kp8b5g.json
2r KTK pseudo WBUVO22-VIS,GrkNF-MG29,ark~=21198=z1kp8b5g.json
2r KTK pseudo WBUVUVb-MB780IR,GrkNF-MG29,ark~=21198=z1kp8b5g.json
2r KTK pseudo WBUVUVb-VIS,GrkNF-MG29,ark~=21198=z1kp8b5g.json
2r KTK pseudo WBUVUVP-VIS,GrkNF-MG29,ark~=21198=z1kp8b5g.json
2r KTK sharpie avgUV-VIS,GrkNF-MG29,ark~=21198=z1kp8b5g.json
2r KTK sharpie MB365UV-MB780IR,GrkNF-MG29,ark~=21198=z1kp8b5g.json
2r KTK sharpie MB365UV-VIS,GrkNF-MG29,ark~=21198=z1kp8b5g.json
2r KTK sharpie WBUVB47-VIS,GrkNF-MG29,ark~=21198=z1kp8b5g.json
2r KTK sharpie WBUVG58-MB780IR,GrkNF-MG29,ark~=21198=z1kp8b5g.json
2r KTK sharpie WBUVG58-VIS,GrkNF-MG29,ark~=21198=z1kp8b5g.json
2r KTK sharpie WBUVO22-MB780IR,GrkNF-MG29,ark~=21198=z1kp8b5g.json
2r KTK sharpie WBUVO22-VIS,GrkNF-MG29,ark~=21198=z1kp8b5g.json
2r KTK sharpie WBUVUVb-MB780IR,GrkNF-MG29,ark~=21198=z1kp8b5g.json
2r KTK sharpie WBUVUVb-VIS,GrkNF-MG29,ark~=21198=z1kp8b5g.json
2r KTK sharpie WBUVUVP-VIS,GrkNF-MG29,ark~=21198=z1kp8b5g.json
2v KTK pseudo MB365UV-MB780IR,GrkNF-MG29,ark~=21198=z1kp8b5g.json
2v KTK pseudo MB365UV-VIS,GrkNF-MG29,ark~=21198=z1kp8b5g.json
2v KTK pseudo WBUVO22-VIS,GrkNF-MG29,ark~=21198=z1kp8b5g.json
2v KTK pseudo WBUVUVb-MB780IR,GrkNF-MG29,ark~=21198=z1kp8b5g.json
2v KTK pseudo WBUVUVb-VIS,GrkNF-MG29,ark~=21198=z1kp8b5g.json
2v KTK pseudo WBUVUVP-VIS,GrkNF-MG29,ark~=21198=z1kp8b5g.json
2v KTK sharpie avgUV-VIS,GrkNF-MG29,ark~=21198=z1kp8b5g.json
2v KTK sharpie MB365UV-MB780IR,GrkNF-MG29,ark~=21198=z1kp8b5g.json
2v KTK sharpie MB365UV-VIS,GrkNF-MG29,ark~=21198=z1kp8b5g.json
2v KTK sharpie WBUVB47-VIS,GrkNF-MG29,ark~=21198=z1kp8b5g.json
2v KTK sharpie WBUVG58-MB780IR,GrkNF-MG29,ark~=21198=z1kp8b5g.json
2v KTK sharpie WBUVG58-VIS,GrkNF-MG29,ark~=21198=z1kp8b5g.json
2v KTK sharpie WBUVO22-MB780IR,GrkNF-MG29,ark~=21198=z1kp8b5g.json
2v KTK sharpie WBUVO22-VIS,GrkNF-MG29,ark~=21198=z1kp8b5g.json
2v KTK sharpie WBUVUVb-MB780IR,GrkNF-MG29,ark~=21198=z1kp8b5g.json
2v KTK sharpie WBUVUVb-VIS,GrkNF-MG29,ark~=21198=z1kp8b5g.json
2v KTK sharpie WBUVUVP-VIS,GrkNF-MG29,ark~=21198=z1kp8b5g.json
3r KTK pseudo MB365UV-MB780IR,GrkNF-MG29,ark~=21198=z1kp8b5g.json
3r KTK pseudo MB365UV-VIS,GrkNF-MG29,ark~=21198=z1kp8b5g.json
3r KTK pseudo WBUVO22-VIS,GrkNF-MG29,ark~=21198=z1kp8b5g.json
3r KTK pseudo WBUVUVb-MB780IR,GrkNF-MG29,ark~=21198=z1kp8b5g.json
3r KTK pseudo WBUVUVb-VIS,GrkNF-MG29,ark~=21198=z1kp8b5g.json
3r KTK pseudo WBUVUVP-VIS,GrkNF-MG29,ark~=21198=z1kp8b5g.json
3r KTK sharpie avgUV-VIS,GrkNF-MG29,ark~=21198=z1kp8b5g.json
3r KTK sharpie MB365UV-MB780IR,GrkNF-MG29,ark~=21198=z1kp8b5g.json
3r KTK sharpie MB365UV-VIS,GrkNF-MG29,ark~=21198=z1kp8b5g.json
3r KTK sharpie WBUVB47-VIS,GrkNF-MG29,ark~=21198=z1kp8b5g.json
3r KTK sharpie WBUVG58-MB780IR,GrkNF-MG29,ark~=21198=z1kp8b5g.json
3r KTK sharpie WBUVG58-VIS,GrkNF-MG29,ark~=21198=z1kp8b5g.json
3r KTK sharpie WBUVO22-MB780IR,GrkNF-MG29,ark~=21198=z1kp8b5g.json
3r KTK sharpie WBUVO22-VIS,GrkNF-MG29,ark~=21198=z1kp8b5g.json
3r KTK sharpie WBUVUVb-MB780IR,GrkNF-MG29,ark~=21198=z1kp8b5g.json
3r KTK sharpie WBUVUVb-VIS,GrkNF-MG29,ark~=21198=z1kp8b5g.json
3v KTK pseudo MB365UV-MB780IR,GrkNF-MG29,ark~=21198=z1kp8b5g.json
3v KTK pseudo MB365UV-VIS,GrkNF-MG29,ark~=21198=z1kp8b5g.json
3v KTK pseudo WBUVO22-VIS,GrkNF-MG29,ark~=21198=z1kp8b5g.json
3v KTK pseudo WBUVUVb-MB780IR,GrkNF-MG29,ark~=21198=z1kp8b5g.json
3v KTK pseudo WBUVUVb-VIS,GrkNF-MG29,ark~=21198=z1kp8b5g.json
3v KTK pseudo WBUVUVP-VIS,GrkNF-MG29,ark~=21198=z1kp8b5g.json
3v KTK sharpie avgUV-VIS,GrkNF-MG29,ark~=21198=z1kp8b5g.json
3v KTK sharpie MB365UV-MB780IR,GrkNF-MG29,ark~=21198=z1kp8b5g.json
3v KTK sharpie MB365UV-VIS,GrkNF-MG29,ark~=21198=z1kp8b5g.json
3v KTK sharpie WBUVB47-VIS,GrkNF-MG29,ark~=21198=z1kp8b5g.json
3v KTK sharpie WBUVG58-MB780IR,GrkNF-MG29,ark~=21198=z1kp8b5g.json
3v KTK sharpie WBUVG58-VIS,GrkNF-MG29,ark~=21198=z1kp8b5g.json
3v KTK sharpie WBUVO22-MB780IR,GrkNF-MG29,ark~=21198=z1kp8b5g.json
3v KTK sharpie WBUVO22-VIS,GrkNF-MG29,ark~=21198=z1kp8b5g.json
3v KTK sharpie WBUVUVb-MB780IR,GrkNF-MG29,ark~=21198=z1kp8b5g.json
3v KTK sharpie WBUVUVb-VIS,GrkNF-MG29,ark~=21198=z1kp8b5g.json
4r KTK pseudo MB365UV-MB780IR,GrkNF-MG29,ark~=21198=z1kp8b5g.json
4r KTK pseudo MB365UV-VIS,GrkNF-MG29,ark~=21198=z1kp8b5g.json
4r KTK pseudo WBUVO22-VIS,GrkNF-MG29,ark~=21198=z1kp8b5g.json
4r KTK pseudo WBUVUVb-MB780IR,GrkNF-MG29,ark~=21198=z1kp8b5g.json
4r KTK pseudo WBUVUVb-VIS,GrkNF-MG29,ark~=21198=z1kp8b5g.json
4r KTK pseudo WBUVUVP-VIS,GrkNF-MG29,ark~=21198=z1kp8b5g.json
4r KTK sharpie avgUV-VIS,GrkNF-MG29,ark~=21198=z1kp8b5g.json
4r KTK sharpie MB365UV-MB780IR,GrkNF-MG29,ark~=21198=z1kp8b5g.json
4r KTK sharpie MB365UV-VIS,GrkNF-MG29,ark~=21198=z1kp8b5g.json
4r KTK sharpie WBUVB47-VIS,GrkNF-MG29,ark~=21198=z1kp8b5g.json
4r KTK sharpie WBUVG58-MB780IR,GrkNF-MG29,ark~=21198=z1kp8b5g.json
4r KTK sharpie WBUVO22-MB780IR,GrkNF-MG29,ark~=21198=z1kp8b5g.json
4r KTK sharpie WBUVO22-VIS,GrkNF-MG29,ark~=21198=z1kp8b5g.json
4r KTK sharpie WBUVUVb-MB780IR,GrkNF-MG29,ark~=21198=z1kp8b5g.json
4r KTK sharpie WBUVUVb-VIS,GrkNF-MG29,ark~=21198=z1kp8b5g.json
4v KTK pseudo MB365UV-MB780IR,GrkNF-MG29,ark~=21198=z1kp8b5g.json
4v KTK pseudo MB365UV-VIS,GrkNF-MG29,ark~=21198=z1kp8b5g.json
4v KTK pseudo WBUVO22-VIS,GrkNF-MG29,ark~=21198=z1kp8b5g.json
4v KTK pseudo WBUVUVb-MB780IR,GrkNF-MG29,ark~=21198=z1kp8b5g.json
4v KTK pseudo WBUVUVb-VIS,GrkNF-MG29,ark~=21198=z1kp8b5g.json
4v KTK pseudo WBUVUVP-VIS,GrkNF-MG29,ark~=21198=z1kp8b5g.json
4v KTK sharpie avgUV-VIS,GrkNF-MG29,ark~=21198=z1kp8b5g.json
4v KTK sharpie MB365UV-MB780IR,GrkNF-MG29,ark~=21198=z1kp8b5g.json
4v KTK sharpie MB365UV-VIS,GrkNF-MG29,ark~=21198=z1kp8b5g.json
4v KTK sharpie WBUVB47-VIS,GrkNF-MG29,ark~=21198=z1kp8b5g.json
4v KTK sharpie WBUVG58-MB780IR,GrkNF-MG29,ark~=21198=z1kp8b5g.json
4v KTK sharpie WBUVG58-VIS,GrkNF-MG29,ark~=21198=z1kp8b5g.json
4v KTK sharpie WBUVO22-MB780IR,GrkNF-MG29,ark~=21198=z1kp8b5g.json
4v KTK sharpie WBUVO22-VIS,GrkNF-MG29,ark~=21198=z1kp8b5g.json
4v KTK sharpie WBUVUVb-MB780IR,GrkNF-MG29,ark~=21198=z1kp8b5g.json
4v KTK sharpie WBUVUVb-VIS,GrkNF-MG29,ark~=21198=z1kp8b5g.json
5r KTK pseudo MB365UV-MB780IR,GrkNF-MG29,ark~=21198=z1kp8b5g.json
5r KTK pseudo MB365UV-VIS,GrkNF-MG29,ark~=21198=z1kp8b5g.json
5r KTK pseudo WBUVO22-VIS,GrkNF-MG29,ark~=21198=z1kp8b5g.json
5r KTK pseudo WBUVUVb-MB780IR,GrkNF-MG29,ark~=21198=z1kp8b5g.json
5r KTK pseudo WBUVUVb-VIS,GrkNF-MG29,ark~=21198=z1kp8b5g.json
5r KTK pseudo WBUVUVP-VIS,GrkNF-MG29,ark~=21198=z1kp8b5g.json
5r KTK sharpie MB365UV-MB780IR,GrkNF-MG29,ark~=21198=z1kp8b5g.json
5r KTK sharpie WBUVG58-MB780IR,GrkNF-MG29,ark~=21198=z1kp8b5g.json
5r KTK sharpie WBUVO22-MB780IR,GrkNF-MG29,ark~=21198=z1kp8b5g.json
5r KTK sharpie WBUVUVb-MB780IR,GrkNF-MG29,ark~=21198=z1kp8b5g.json
5r KTK sharpie WBUVUVb-VIS,GrkNF-MG29,ark~=21198=z1kp8b5g.json
5v KTK pseudo MB365UV-MB780IR,GrkNF-MG29,ark~=21198=z1kp8b5g.json
5v KTK pseudo MB365UV-VIS,GrkNF-MG29,ark~=21198=z1kp8b5g.json
5v KTK pseudo WBUVO22-VIS,GrkNF-MG29,ark~=21198=z1kp8b5g.json
5v KTK pseudo WBUVUVb-MB780IR,GrkNF-MG29,ark~=21198=z1kp8b5g.json
5v KTK pseudo WBUVUVb-VIS,GrkNF-MG29,ark~=21198=z1kp8b5g.json
5v KTK pseudo WBUVUVP-VIS,GrkNF-MG29,ark~=21198=z1kp8b5g.json
5v KTK sharpie avgUV-VIS,GrkNF-MG29,ark~=21198=z1kp8b5g.json
5v KTK sharpie MB365UV-MB780IR,GrkNF-MG29,ark~=21198=z1kp8b5g.json
5v KTK sharpie MB365UV-VIS,GrkNF-MG29,ark~=21198=z1kp8b5g.json
5v KTK sharpie WBUVB47-VIS,GrkNF-MG29,ark~=21198=z1kp8b5g.json
5v KTK sharpie WBUVG58-MB780IR,GrkNF-MG29,ark~=21198=z1kp8b5g.json
5v KTK sharpie WBUVG58-VIS,GrkNF-MG29,ark~=21198=z1kp8b5g.json
5v KTK sharpie WBUVO22-MB780IR,GrkNF-MG29,ark~=21198=z1kp8b5g.json
5v KTK sharpie WBUVO22-VIS,GrkNF-MG29,ark~=21198=z1kp8b5g.json
5v KTK sharpie WBUVUVb-MB780IR,GrkNF-MG29,ark~=21198=z1kp8b5g.json
5v KTK sharpie WBUVUVb-VIS,GrkNF-MG29,ark~=21198=z1kp8b5g.json
5v KTK sharpie WBUVUVP-VIS,GrkNF-MG29,ark~=21198=z1kp8b5g.json
-141ar KTK pseudo MB365UV-MB780IR,SlvNF-3,ark~=21198=z1rb7dmv.json
-141av KTK pseudo MB365UV-MB780IR,SlvNF-3,ark~=21198=z1rb7dmv.json
-141av KTK sharpie MB365UV-MB780IR,SlvNF-3,ark~=21198=z1rb7dmv.json
-141br KTK pseudo MB365UV-MB780IR,SlvNF-3,ark~=21198=z1rb7dmv.json
-141br KTK sharpie MB365UV-MB780IR,SlvNF-3,ark~=21198=z1rb7dmv.json
-141bv KTK sharpie MB365UV-MB780IR,SlvNF-3,ark~=21198=z1rb7dmv.json
-141cv KTK pseudo MB365UV-MB780IR,SlvNF-3,ark~=21198=z1rb7dmv.json
141ar KTK pseudo MB365UV-MB780IR,SlvNF-3,ark~=21198=z1rb7dmv.json
141ar KTK pseudo WBUVUVb-MB780IR,SlvNF-3,ark~=21198=z1rb7dmv.json
141ar KTK sharpie MB365UV-MB780IR,SlvNF-3,ark~=21198=z1rb7dmv.json
141av KTK pseudo MB365UV-MB780IR,SlvNF-3,ark~=21198=z1rb7dmv.json
141av KTK sharpie WBUVG58-MB780IR,SlvNF-3,ark~=21198=z1rb7dmv.json
141br KTK sharpie WBUVO22-MB780IR,SlvNF-3,ark~=21198=z1rb7dmv.json
141bv KTK sharpie MB365UV-MB780IR,SlvNF-3,ark~=21198=z1rb7dmv.json
12r KTK pseudo MB365UV-MB780IR,SlvNF-5,ark~=21198=z1mk6nxk.json
12r KTK pseudo MB365UV-VIS,SlvNF-5,ark~=21198=z1mk6nxk.json
12r KTK pseudo WBUVO22-VIS,SlvNF-5,ark~=21198=z1mk6nxk.json
12r KTK pseudo WBUVUVb-MB780IR,SlvNF-5,ark~=21198=z1mk6nxk.json
12r KTK pseudo WBUVUVb-VIS,SlvNF-5,ark~=21198=z1mk6nxk.json
12r KTK pseudo WBUVUVP-VIS,SlvNF-5,ark~=21198=z1mk6nxk.json
12r KTK sharpie MB365UV-MB780IR,SlvNF-5,ark~=21198=z1mk6nxk.json
12r KTK sharpie MB365UV-VIS,SlvNF-5,ark~=21198=z1mk6nxk.json
12r KTK sharpie WBUVB47-VIS,SlvNF-5,ark~=21198=z1mk6nxk.json
12r KTK sharpie WBUVG58-MB780IR,SlvNF-5,ark~=21198=z1mk6nxk.json
12r KTK sharpie WBUVG58-VIS,SlvNF-5,ark~=21198=z1mk6nxk.json
12r KTK sharpie WBUVO22-MB780IR,SlvNF-5,ark~=21198=z1mk6nxk.json
12r KTK sharpie WBUVO22-VIS,SlvNF-5,ark~=21198=z1mk6nxk.json
12r KTK sharpie WBUVUVb-MB780IR,SlvNF-5,ark~=21198=z1mk6nxk.json
12r KTK sharpie WBUVUVb-VIS,SlvNF-5,ark~=21198=z1mk6nxk.json
12v KTK pseudo MB365UV-MB780IR,SlvNF-5,ark~=21198=z1mk6nxk.json
12v KTK pseudo MB365UV-VIS,SlvNF-5,ark~=21198=z1mk6nxk.json
12v KTK pseudo WBUVO22-VIS,SlvNF-5,ark~=21198=z1mk6nxk.json
12v KTK pseudo WBUVUVb-MB780IR,SlvNF-5,ark~=21198=z1mk6nxk.json
12v KTK pseudo WBUVUVb-VIS,SlvNF-5,ark~=21198=z1mk6nxk.json
12v KTK pseudo WBUVUVP-VIS,SlvNF-5,ark~=21198=z1mk6nxk.json
12v KTK sharpie avgUV-VIS,SlvNF-5,ark~=21198=z1mk6nxk.json
12v KTK sharpie MB365UV-MB780IR,SlvNF-5,ark~=21198=z1mk6nxk.json
12v KTK sharpie MB365UV-VIS,SlvNF-5,ark~=21198=z1mk6nxk.json
12v KTK sharpie WBUVB47-VIS,SlvNF-5,ark~=21198=z1mk6nxk.json
12v KTK sharpie WBUVG58-MB780IR,SlvNF-5,ark~=21198=z1mk6nxk.json
12v KTK sharpie WBUVG58-VIS,SlvNF-5,ark~=21198=z1mk6nxk.json
12v KTK sharpie WBUVO22-MB780IR,SlvNF-5,ark~=21198=z1mk6nxk.json
12v KTK sharpie WBUVUVb-MB780IR,SlvNF-5,ark~=21198=z1mk6nxk.json
12v KTK sharpie WBUVUVb-VIS,SlvNF-5,ark~=21198=z1mk6nxk.json
12v KTK sharpie WBUVUVP-VIS,SlvNF-5,ark~=21198=z1mk6nxk.json
13r KTK pseudo MB365UV-MB780IR,SlvNF-5,ark~=21198=z1mk6nxk.json
13r KTK pseudo MB365UV-VIS,SlvNF-5,ark~=21198=z1mk6nxk.json
13r KTK pseudo WBUVO22-VIS,SlvNF-5,ark~=21198=z1mk6nxk.json
13r KTK pseudo WBUVUVb-MB780IR,SlvNF-5,ark~=21198=z1mk6nxk.json
13r KTK pseudo WBUVUVb-VIS,SlvNF-5,ark~=21198=z1mk6nxk.json
13r KTK pseudo WBUVUVP-VIS,SlvNF-5,ark~=21198=z1mk6nxk.json
13r KTK sharpie avgUV-VIS,SlvNF-5,ark~=21198=z1mk6nxk.json
13r KTK sharpie MB365UV-MB780IR,SlvNF-5,ark~=21198=z1mk6nxk.json
13r KTK sharpie MB365UV-VIS,SlvNF-5,ark~=21198=z1mk6nxk.json
13r KTK sharpie WBUVB47-VIS,SlvNF-5,ark~=21198=z1mk6nxk.json
13r KTK sharpie WBUVG58-MB780IR,SlvNF-5,ark~=21198=z1mk6nxk.json
13r KTK sharpie WBUVG58-VIS,SlvNF-5,ark~=21198=z1mk6nxk.json
13r KTK sharpie WBUVO22-MB780IR,SlvNF-5,ark~=21198=z1mk6nxk.json
13r KTK sharpie WBUVUVb-MB780IR,SlvNF-5,ark~=21198=z1mk6nxk.json
13r KTK sharpie WBUVUVb-VIS,SlvNF-5,ark~=21198=z1mk6nxk.json
13r KTK sharpie WBUVUVP-VIS,SlvNF-5,ark~=21198=z1mk6nxk.json
13v KTK pseudo MB365UV-MB780IR,SlvNF-5,ark~=21198=z1mk6nxk.json
13v KTK pseudo MB365UV-VIS,SlvNF-5,ark~=21198=z1mk6nxk.json
13v KTK pseudo WBUVO22-VIS,SlvNF-5,ark~=21198=z1mk6nxk.json
13v KTK pseudo WBUVUVb-MB780IR,SlvNF-5,ark~=21198=z1mk6nxk.json
13v KTK pseudo WBUVUVb-VIS,SlvNF-5,ark~=21198=z1mk6nxk.json
13v KTK pseudo WBUVUVP-VIS,SlvNF-5,ark~=21198=z1mk6nxk.json
13v KTK sharpie avgUV-VIS,SlvNF-5,ark~=21198=z1mk6nxk.json
13v KTK sharpie MB365UV-MB780IR,SlvNF-5,ark~=21198=z1mk6nxk.json
13v KTK sharpie MB365UV-VIS,SlvNF-5,ark~=21198=z1mk6nxk.json
13v KTK sharpie WBUVB47-VIS,SlvNF-5,ark~=21198=z1mk6nxk.json
13v KTK sharpie WBUVG58-MB780IR,SlvNF-5,ark~=21198=z1mk6nxk.json
13v KTK sharpie WBUVG58-VIS,SlvNF-5,ark~=21198=z1mk6nxk.json
13v KTK sharpie WBUVO22-MB780IR,SlvNF-5,ark~=21198=z1mk6nxk.json
13v KTK sharpie WBUVO22-VIS,SlvNF-5,ark~=21198=z1mk6nxk.json
13v KTK sharpie WBUVUVb-MB780IR,SlvNF-5,ark~=21198=z1mk6nxk.json
13v KTK sharpie WBUVUVb-VIS,SlvNF-5,ark~=21198=z1mk6nxk.json
13v KTK sharpie WBUVUVP-VIS,SlvNF-5,ark~=21198=z1mk6nxk.json
16r KTK pseudo MB365UV-MB780IR,SlvNF-5,ark~=21198=z1mk6nxk.json
16r KTK pseudo WBUVO22-VIS,SlvNF-5,ark~=21198=z1mk6nxk.json
16r KTK pseudo WBUVUVb-MB780IR,SlvNF-5,ark~=21198=z1mk6nxk.json
16r KTK pseudo WBUVUVb-VIS,SlvNF-5,ark~=21198=z1mk6nxk.json
16r KTK pseudo WBUVUVP-VIS,SlvNF-5,ark~=21198=z1mk6nxk.json
16r KTK sharpie avgUV-VIS,SlvNF-5,ark~=21198=z1mk6nxk.json
16r KTK sharpie MB365UV-MB780IR,SlvNF-5,ark~=21198=z1mk6nxk.json
16r KTK sharpie WBUVB47-VIS,SlvNF-5,ark~=21198=z1mk6nxk.json
16r KTK sharpie WBUVG58-MB780IR,SlvNF-5,ark~=21198=z1mk6nxk.json
16r KTK sharpie WBUVG58-VIS,SlvNF-5,ark~=21198=z1mk6nxk.json
16r KTK sharpie WBUVO22-MB780IR,SlvNF-5,ark~=21198=z1mk6nxk.json
16r KTK sharpie WBUVUVb-MB780IR,SlvNF-5,ark~=21198=z1mk6nxk.json
16r KTK sharpie WBUVUVb-VIS,SlvNF-5,ark~=21198=z1mk6nxk.json
16r KTK sharpie WBUVUVP-VIS,SlvNF-5,ark~=21198=z1mk6nxk.json
16v KTK pseudo MB365UV-MB780IR,SlvNF-5,ark~=21198=z1mk6nxk.json
16v KTK pseudo MB365UV-VIS,SlvNF-5,ark~=21198=z1mk6nxk.json
16v KTK pseudo WBUVO22-VIS,SlvNF-5,ark~=21198=z1mk6nxk.json
16v KTK pseudo WBUVUVb-MB780IR,SlvNF-5,ark~=21198=z1mk6nxk.json
16v KTK pseudo WBUVUVb-VIS,SlvNF-5,ark~=21198=z1mk6nxk.json
16v KTK pseudo WBUVUVP-VIS,SlvNF-5,ark~=21198=z1mk6nxk.json
16v KTK sharpie avgUV-VIS,SlvNF-5,ark~=21198=z1mk6nxk.json
16v KTK sharpie MB365UV-MB780IR,SlvNF-5,ark~=21198=z1mk6nxk.json
16v KTK sharpie MB365UV-VIS,SlvNF-5,ark~=21198=z1mk6nxk.json
16v KTK sharpie WBUVB47-VIS,SlvNF-5,ark~=21198=z1mk6nxk.json
16v KTK sharpie WBUVG58-MB780IR,SlvNF-5,ark~=21198=z1mk6nxk.json
16v KTK sharpie WBUVG58-VIS,SlvNF-5,ark~=21198=z1mk6nxk.json
16v KTK sharpie WBUVO22-MB780IR,SlvNF-5,ark~=21198=z1mk6nxk.json
16v KTK sharpie WBUVO22-VIS,SlvNF-5,ark~=21198=z1mk6nxk.json
16v KTK sharpie WBUVUVb-MB780IR,SlvNF-5,ark~=21198=z1mk6nxk.json
16v KTK sharpie WBUVUVb-VIS,SlvNF-5,ark~=21198=z1mk6nxk.json
16v KTK sharpie WBUVUVP-VIS,SlvNF-5,ark~=21198=z1mk6nxk.json
8r KTK pseudo MB365UV-MB780IR,SlvNF-5,ark~=21198=z1mk6nxk.json
8r KTK pseudo MB365UV-VIS,SlvNF-5,ark~=21198=z1mk6nxk.json
8r KTK pseudo WBUVO22-VIS,SlvNF-5,ark~=21198=z1mk6nxk.json
8r KTK pseudo WBUVUVb-MB780IR,SlvNF-5,ark~=21198=z1mk6nxk.json
8r KTK pseudo WBUVUVb-VIS,SlvNF-5,ark~=21198=z1mk6nxk.json
8r KTK pseudo WBUVUVP-VIS,SlvNF-5,ark~=21198=z1mk6nxk.json
8r KTK sharpie avgUV-VIS,SlvNF-5,ark~=21198=z1mk6nxk.json
8r KTK sharpie MB365UV-MB780IR,SlvNF-5,ark~=21198=z1mk6nxk.json
8r KTK sharpie MB365UV-VIS,SlvNF-5,ark~=21198=z1mk6nxk.json
8r KTK sharpie WBUVB47-VIS,SlvNF-5,ark~=21198=z1mk6nxk.json
8r KTK sharpie WBUVG58-MB780IR,SlvNF-5,ark~=21198=z1mk6nxk.json
8r KTK sharpie WBUVG58-VIS,SlvNF-5,ark~=21198=z1mk6nxk.json
8r KTK sharpie WBUVO22-MB780IR,SlvNF-5,ark~=21198=z1mk6nxk.json
8r KTK sharpie WBUVO22-VIS,SlvNF-5,ark~=21198=z1mk6nxk.json
8r KTK sharpie WBUVUVb-MB780IR,SlvNF-5,ark~=21198=z1mk6nxk.json
8r KTK sharpie WBUVUVb-VIS,SlvNF-5,ark~=21198=z1mk6nxk.json
8r KTK sharpie WBUVUVP-VIS,SlvNF-5,ark~=21198=z1mk6nxk.json
8v KTK pseudo MB365UV-MB780IR,SlvNF-5,ark~=21198=z1mk6nxk.json
8v KTK pseudo MB365UV-VIS,SlvNF-5,ark~=21198=z1mk6nxk.json
8v KTK pseudo WBUVO22-VIS,SlvNF-5,ark~=21198=z1mk6nxk.json
8v KTK pseudo WBUVUVb-MB780IR,SlvNF-5,ark~=21198=z1mk6nxk.json
8v KTK pseudo WBUVUVb-VIS,SlvNF-5,ark~=21198=z1mk6nxk.json
8v KTK pseudo WBUVUVP-VIS,SlvNF-5,ark~=21198=z1mk6nxk.json
8v KTK sharpie avgUV-VIS,SlvNF-5,ark~=21198=z1mk6nxk.json
8v KTK sharpie MB365UV-MB780IR,SlvNF-5,ark~=21198=z1mk6nxk.json
8v KTK sharpie MB365UV-VIS,SlvNF-5,ark~=21198=z1mk6nxk.json
8v KTK sharpie WBUVB47-VIS,SlvNF-5,ark~=21198=z1mk6nxk.json
8v KTK sharpie WBUVG58-MB780IR,SlvNF-5,ark~=21198=z1mk6nxk.json
8v KTK sharpie WBUVG58-VIS,SlvNF-5,ark~=21198=z1mk6nxk.json
8v KTK sharpie WBUVO22-MB780IR,SlvNF-5,ark~=21198=z1mk6nxk.json
8v KTK sharpie WBUVO22-VIS,SlvNF-5,ark~=21198=z1mk6nxk.json
8v KTK sharpie WBUVUVb-MB780IR,SlvNF-5,ark~=21198=z1mk6nxk.json
8v KTK sharpie WBUVUVb-VIS,SlvNF-5,ark~=21198=z1mk6nxk.json
8v KTK sharpie WBUVUVP-VIS,SlvNF-5,ark~=21198=z1mk6nxk.json
9r KTK pseudo MB365UV-MB780IR,SlvNF-5,ark~=21198=z1mk6nxk.json
9r KTK pseudo MB365UV-VIS,SlvNF-5,ark~=21198=z1mk6nxk.json
9r KTK pseudo WBUVUVb-MB780IR,SlvNF-5,ark~=21198=z1mk6nxk.json
9r KTK pseudo WBUVUVb-VIS,SlvNF-5,ark~=21198=z1mk6nxk.json
9r KTK pseudo WBUVUVP-VIS,SlvNF-5,ark~=21198=z1mk6nxk.json
9r KTK sharpie MB365UV-VIS,SlvNF-5,ark~=21198=z1mk6nxk.json
9r KTK sharpie WBUVB47-VIS,SlvNF-5,ark~=21198=z1mk6nxk.json
9r KTK sharpie WBUVG58-MB780IR,SlvNF-5,ark~=21198=z1mk6nxk.json
9r KTK sharpie WBUVG58-VIS,SlvNF-5,ark~=21198=z1mk6nxk.json
9r KTK sharpie WBUVO22-MB780IR,SlvNF-5,ark~=21198=z1mk6nxk.json
9r KTK sharpie WBUVUVb-MB780IR,SlvNF-5,ark~=21198=z1mk6nxk.json
9r KTK sharpie WBUVUVb-VIS,SlvNF-5,ark~=21198=z1mk6nxk.json
9r KTK sharpie WBUVUVP-VIS,SlvNF-5,ark~=21198=z1mk6nxk.json
9v KTK pseudo MB365UV-MB780IR,SlvNF-5,ark~=21198=z1mk6nxk.json
9v KTK pseudo MB365UV-VIS,SlvNF-5,ark~=21198=z1mk6nxk.json
9v KTK pseudo WBUVO22-VIS,SlvNF-5,ark~=21198=z1mk6nxk.json
9v KTK pseudo WBUVUVb-MB780IR,SlvNF-5,ark~=21198=z1mk6nxk.json
9v KTK pseudo WBUVUVb-VIS,SlvNF-5,ark~=21198=z1mk6nxk.json
9v KTK pseudo WBUVUVP-VIS,SlvNF-5,ark~=21198=z1mk6nxk.json
9v KTK sharpie avgUV-VIS,SlvNF-5,ark~=21198=z1mk6nxk.json
9v KTK sharpie MB365UV-MB780IR,SlvNF-5,ark~=21198=z1mk6nxk.json
9v KTK sharpie MB365UV-VIS,SlvNF-5,ark~=21198=z1mk6nxk.json
9v KTK sharpie WBUVB47-VIS,SlvNF-5,ark~=21198=z1mk6nxk.json
9v KTK sharpie WBUVG58-MB780IR,SlvNF-5,ark~=21198=z1mk6nxk.json
9v KTK sharpie WBUVG58-VIS,SlvNF-5,ark~=21198=z1mk6nxk.json
9v KTK sharpie WBUVO22-MB780IR,SlvNF-5,ark~=21198=z1mk6nxk.json
9v KTK sharpie WBUVO22-VIS,SlvNF-5,ark~=21198=z1mk6nxk.json
9v KTK sharpie WBUVUVb-MB780IR,SlvNF-5,ark~=21198=z1mk6nxk.json
9v KTK sharpie WBUVUVb-VIS,SlvNF-5,ark~=21198=z1mk6nxk.json
9v KTK sharpie WBUVUVP-VIS,SlvNF-5,ark~=21198=z1mk6nxk.json
123r KTK pseudo WBUVG61-MB780IR,Syr-2A,ark~=21198=z1h70g33.json
123r KTK pseudo WBUVG61-VIS,Syr-2A,ark~=21198=z1h70g33.json
123r KTK pseudo WBUVR25-VIS,Syr-2A,ark~=21198=z1h70g33.json
123r KTK sharpie WBUVG61-MB780IR,Syr-2A,ark~=21198=z1h70g33.json
123r KTK sharpie WBUVR25-MB780IR,Syr-2A,ark~=21198=z1h70g33.json
123v DJK color RGB,Syr-2A,ark~=21198=z1h70g33.json
123v KTK pseudo WBUVG61-MB780IR,Syr-2A,ark~=21198=z1h70g33.json
123v KTK pseudo WBUVG61-VIS,Syr-2A,ark~=21198=z1h70g33.json
123v KTK sharpie WBUVG61-MB780IR,Syr-2A,ark~=21198=z1h70g33.json
123v KTK sharpie WBUVR25-MB780IR,Syr-2A,ark~=21198=z1h70g33.json
124r DJK color RGB,Syr-2A,ark~=21198=z1h70g33.json
124r KTK pseudo MB365UV-MB780IR,Syr-2A,ark~=21198=z1h70g33.json
124r KTK pseudo WBUVG61-MB780IR,Syr-2A,ark~=21198=z1h70g33.json
124r KTK pseudo WBUVG61-VIS,Syr-2A,ark~=21198=z1h70g33.json
124r KTK sharpie MB365UV-MB780IR,Syr-2A,ark~=21198=z1h70g33.json
124r KTK sharpie MB365UV-VIS,Syr-2A,ark~=21198=z1h70g33.json
124r KTK sharpie WBUVB47-VIS,Syr-2A,ark~=21198=z1h70g33.json
124r KTK sharpie WBUVG61-MB780IR,Syr-2A,ark~=21198=z1h70g33.json
124r KTK sharpie WBUVG61-VIS,Syr-2A,ark~=21198=z1h70g33.json
124r KTK sharpie WBUVR25-MB780IR,Syr-2A,ark~=21198=z1h70g33.json
124r KTK sharpie WBUVR25-VIS,Syr-2A,ark~=21198=z1h70g33.json
124v DJK color RGB,Syr-2A,ark~=21198=z1h70g33.json
124v KTK pseudo MB365UV-MB780IR,Syr-2A,ark~=21198=z1h70g33.json
124v KTK pseudo MB365UV-VIS,Syr-2A,ark~=21198=z1h70g33.json
124v KTK pseudo WBUVG61-MB780IR,Syr-2A,ark~=21198=z1h70g33.json
124v KTK pseudo WBUVG61-VIS,Syr-2A,ark~=21198=z1h70g33.json
124v KTK pseudo WBUVR25-VIS,Syr-2A,ark~=21198=z1h70g33.json
124v KTK pseudo WBUVUVP-VIS,Syr-2A,ark~=21198=z1h70g33.json
124v KTK sharpie MB365UV-MB780IR,Syr-2A,ark~=21198=z1h70g33.json
124v KTK sharpie MB365UV-VIS,Syr-2A,ark~=21198=z1h70g33.json
124v KTK sharpie WBUVB47-VIS,Syr-2A,ark~=21198=z1h70g33.json
124v KTK sharpie WBUVG61-MB780IR,Syr-2A,ark~=21198=z1h70g33.json
124v KTK sharpie WBUVR25-MB780IR,Syr-2A,ark~=21198=z1h70g33.json
124v KTK sharpie WBUVUVP-VIS,Syr-2A,ark~=21198=z1h70g33.json
125r DJK color RGB,Syr-2A,ark~=21198=z1h70g33.json
125r KTK pseudo MB365UV-MB780IR,Syr-2A,ark~=21198=z1h70g33.json
125r KTK pseudo WBUVG61-MB780IR,Syr-2A,ark~=21198=z1h70g33.json
125r KTK pseudo WBUVG61-VIS,Syr-2A,ark~=21198=z1h70g33.json
125r KTK pseudo WBUVR25-VIS,Syr-2A,ark~=21198=z1h70g33.json
125r KTK sharpie MB365UV-MB780IR,Syr-2A,ark~=21198=z1h70g33.json
125r KTK sharpie MB365UV-VIS,Syr-2A,ark~=21198=z1h70g33.json
125r KTK sharpie WBUVB47-VIS,Syr-2A,ark~=21198=z1h70g33.json
125r KTK sharpie WBUVG61-MB780IR,Syr-2A,ark~=21198=z1h70g33.json
125r KTK sharpie WBUVR25-MB780IR,Syr-2A,ark~=21198=z1h70g33.json
125v DJK color RGB,Syr-2A,ark~=21198=z1h70g33.json
125v KTK pseudo MB365UV-MB780IR,Syr-2A,ark~=21198=z1h70g33.json
125v KTK pseudo MB365UV-VIS,Syr-2A,ark~=21198=z1h70g33.json
125v KTK pseudo WBUVG61-MB780IR,Syr-2A,ark~=21198=z1h70g33.json
125v KTK pseudo WBUVG61-VIS,Syr-2A,ark~=21198=z1h70g33.json
125v KTK pseudo WBUVR25-VIS,Syr-2A,ark~=21198=z1h70g33.json
125v KTK pseudo WBUVUVP-VIS,Syr-2A,ark~=21198=z1h70g33.json
125v KTK sharpie MB365UV-MB780IR,Syr-2A,ark~=21198=z1h70g33.json
125v KTK sharpie MB365UV-VIS,Syr-2A,ark~=21198=z1h70g33.json
125v KTK sharpie WBUVB47-VIS,Syr-2A,ark~=21198=z1h70g33.json
125v KTK sharpie WBUVG61-MB780IR,Syr-2A,ark~=21198=z1h70g33.json
125v KTK sharpie WBUVR25-MB780IR,Syr-2A,ark~=21198=z1h70g33.json
125v KTK sharpie WBUVUVP-VIS,Syr-2A,ark~=21198=z1h70g33.json
126r DJK color RGB,Syr-2A,ark~=21198=z1h70g33.json
126r KTK pseudo MB365UV-MB780IR,Syr-2A,ark~=21198=z1h70g33.json
126r KTK pseudo WBUVG61-MB780IR,Syr-2A,ark~=21198=z1h70g33.json
126r KTK pseudo WBUVG61-VIS,Syr-2A,ark~=21198=z1h70g33.json
126r KTK sharpie MB365UV-MB780IR,Syr-2A,ark~=21198=z1h70g33.json
126r KTK sharpie MB365UV-VIS,Syr-2A,ark~=21198=z1h70g33.json
126r KTK sharpie WBUVB47-VIS,Syr-2A,ark~=21198=z1h70g33.json
126r KTK sharpie WBUVG61-MB780IR,Syr-2A,ark~=21198=z1h70g33.json
126r KTK sharpie WBUVR25-MB780IR,Syr-2A,ark~=21198=z1h70g33.json
126v DJK color RGB,Syr-2A,ark~=21198=z1h70g33.json
126v KTK pseudo MB365UV-MB780IR,Syr-2A,ark~=21198=z1h70g33.json
126v KTK pseudo MB365UV-VIS,Syr-2A,ark~=21198=z1h70g33.json
126v KTK pseudo WBUVG61-MB780IR,Syr-2A,ark~=21198=z1h70g33.json
126v KTK pseudo WBUVUVP-VIS,Syr-2A,ark~=21198=z1h70g33.json
126v KTK sharpie MB365UV-MB780IR,Syr-2A,ark~=21198=z1h70g33.json
126v KTK sharpie WBUVG61-MB780IR,Syr-2A,ark~=21198=z1h70g33.json
126v KTK sharpie WBUVR25-MB780IR,Syr-2A,ark~=21198=z1h70g33.json
126v KTK sharpie WBUVUVP-VIS,Syr-2A,ark~=21198=z1h70g33.json
127r DJK color RGB,Syr-2A,ark~=21198=z1h70g33.json
127r KTK pseudo MB365UV-MB780IR,Syr-2A,ark~=21198=z1h70g33.json
127r KTK pseudo MB365UV-VIS,Syr-2A,ark~=21198=z1h70g33.json
127r KTK pseudo WBUVG61-MB780IR,Syr-2A,ark~=21198=z1h70g33.json
127r KTK pseudo WBUVG61-VIS,Syr-2A,ark~=21198=z1h70g33.json
127r KTK pseudo WBUVUVP-VIS,Syr-2A,ark~=21198=z1h70g33.json
127r KTK sharpie MB365UV-MB780IR,Syr-2A,ark~=21198=z1h70g33.json
127r KTK sharpie MB365UV-VIS,Syr-2A,ark~=21198=z1h70g33.json
127r KTK sharpie WBUVB47-VIS,Syr-2A,ark~=21198=z1h70g33.json
127r KTK sharpie WBUVG61-MB780IR,Syr-2A,ark~=21198=z1h70g33.json
127r KTK sharpie WBUVR25-MB780IR,Syr-2A,ark~=21198=z1h70g33.json
127r KTK sharpie WBUVUVP-VIS,Syr-2A,ark~=21198=z1h70g33.json
127v DJK color RGB,Syr-2A,ark~=21198=z1h70g33.json
127v KTK pseudo MB365UV-MB780IR,Syr-2A,ark~=21198=z1h70g33.json
127v KTK pseudo MB365UV-VIS,Syr-2A,ark~=21198=z1h70g33.json
127v KTK pseudo WBUVG61-MB780IR,Syr-2A,ark~=21198=z1h70g33.json
127v KTK pseudo WBUVG61-VIS,Syr-2A,ark~=21198=z1h70g33.json
127v KTK pseudo WBUVUVP-VIS,Syr-2A,ark~=21198=z1h70g33.json
127v KTK sharpie MB365UV-MB780IR,Syr-2A,ark~=21198=z1h70g33.json
127v KTK sharpie MB365UV-VIS,Syr-2A,ark~=21198=z1h70g33.json
127v KTK sharpie WBUVB47-VIS,Syr-2A,ark~=21198=z1h70g33.json
127v KTK sharpie WBUVG61-MB780IR,Syr-2A,ark~=21198=z1h70g33.json
127v KTK sharpie WBUVR25-MB780IR,Syr-2A,ark~=21198=z1h70g33.json
127v KTK sharpie WBUVUVP-VIS,Syr-2A,ark~=21198=z1h70g33.json
128r DJK color RGB,Syr-2A,ark~=21198=z1h70g33.json
128r KTK pseudo MB365UV-MB780IR,Syr-2A,ark~=21198=z1h70g33.json
128r KTK pseudo MB365UV-VIS,Syr-2A,ark~=21198=z1h70g33.json
128r KTK pseudo WBUVG61-MB780IR,Syr-2A,ark~=21198=z1h70g33.json
128r KTK pseudo WBUVG61-VIS,Syr-2A,ark~=21198=z1h70g33.json
128r KTK pseudo WBUVUVP-VIS,Syr-2A,ark~=21198=z1h70g33.json
128r KTK sharpie MB365UV-MB780IR,Syr-2A,ark~=21198=z1h70g33.json
128r KTK sharpie MB365UV-VIS,Syr-2A,ark~=21198=z1h70g33.json
128r KTK sharpie WBUVG61-MB780IR,Syr-2A,ark~=21198=z1h70g33.json
128r KTK sharpie WBUVR25-MB780IR,Syr-2A,ark~=21198=z1h70g33.json
128r KTK sharpie WBUVUVP-VIS,Syr-2A,ark~=21198=z1h70g33.json
128v DJK color RGB,Syr-2A,ark~=21198=z1h70g33.json
128v KTK pseudo MB365UV-MB780IR,Syr-2A,ark~=21198=z1h70g33.json
128v KTK pseudo MB365UV-VIS,Syr-2A,ark~=21198=z1h70g33.json
128v KTK pseudo WBUVG61-MB780IR,Syr-2A,ark~=21198=z1h70g33.json
128v KTK pseudo WBUVG61-VIS,Syr-2A,ark~=21198=z1h70g33.json
128v KTK pseudo WBUVR25-VIS,Syr-2A,ark~=21198=z1h70g33.json
128v KTK pseudo WBUVUVP-VIS,Syr-2A,ark~=21198=z1h70g33.json
128v KTK sharpie MB365UV-MB780IR,Syr-2A,ark~=21198=z1h70g33.json
128v KTK sharpie MB365UV-VIS,Syr-2A,ark~=21198=z1h70g33.json
128v KTK sharpie WBUVB47-VIS,Syr-2A,ark~=21198=z1h70g33.json
128v KTK sharpie WBUVG61-MB780IR,Syr-2A,ark~=21198=z1h70g33.json
128v KTK sharpie WBUVG61-VIS,Syr-2A,ark~=21198=z1h70g33.json
128v KTK sharpie WBUVR25-MB780IR,Syr-2A,ark~=21198=z1h70g33.json
153r DJK color RGB,Syr-2A,ark~=21198=z1h70g33.json
153r KTK pseudo MB365UV-MB780IR,Syr-2A,ark~=21198=z1h70g33.json
153r KTK pseudo MB365UV-VIS,Syr-2A,ark~=21198=z1h70g33.json
153r KTK pseudo WBUVG61-MB780IR,Syr-2A,ark~=21198=z1h70g33.json
153r KTK pseudo WBUVG61-VIS,Syr-2A,ark~=21198=z1h70g33.json
153r KTK pseudo WBUVUVP-VIS,Syr-2A,ark~=21198=z1h70g33.json
153r KTK sharpie MB365UV-MB780IR,Syr-2A,ark~=21198=z1h70g33.json
153r KTK sharpie MB365UV-VIS,Syr-2A,ark~=21198=z1h70g33.json
153r KTK sharpie WBUVB47-VIS,Syr-2A,ark~=21198=z1h70g33.json
153r KTK sharpie WBUVG61-MB780IR,Syr-2A,ark~=21198=z1h70g33.json
153r KTK sharpie WBUVR25-MB780IR,Syr-2A,ark~=21198=z1h70g33.json
153v DJK color RGB,Syr-2A,ark~=21198=z1h70g33.json
153v KTK pseudo MB365UV-MB780IR,Syr-2A,ark~=21198=z1h70g33.json
153v KTK pseudo MB365UV-VIS,Syr-2A,ark~=21198=z1h70g33.json
153v KTK pseudo WBUVG61-MB780IR,Syr-2A,ark~=21198=z1h70g33.json
153v KTK pseudo WBUVG61-VIS,Syr-2A,ark~=21198=z1h70g33.json
153v KTK pseudo WBUVR25-VIS,Syr-2A,ark~=21198=z1h70g33.json
153v KTK sharpie MB365UV-MB780IR,Syr-2A,ark~=21198=z1h70g33.json
153v KTK sharpie MB365UV-VIS,Syr-2A,ark~=21198=z1h70g33.json
153v KTK sharpie WBUVB47-VIS,Syr-2A,ark~=21198=z1h70g33.json
153v KTK sharpie WBUVG61-MB780IR,Syr-2A,ark~=21198=z1h70g33.json
153v KTK sharpie WBUVR25-MB780IR,Syr-2A,ark~=21198=z1h70g33.json
154r DJK color RGB,Syr-2A,ark~=21198=z1h70g33.json
154r KTK pseudo MB365UV-MB780IR,Syr-2A,ark~=21198=z1h70g33.json
154r KTK pseudo MB365UV-VIS,Syr-2A,ark~=21198=z1h70g33.json
154r KTK pseudo WBUVG61-MB780IR,Syr-2A,ark~=21198=z1h70g33.json
154r KTK pseudo WBUVG61-VIS,Syr-2A,ark~=21198=z1h70g33.json
154r KTK pseudo WBUVR25-VIS,Syr-2A,ark~=21198=z1h70g33.json
154r KTK pseudo WBUVUVP-VIS,Syr-2A,ark~=21198=z1h70g33.json
154r KTK sharpie MB365UV-MB780IR,Syr-2A,ark~=21198=z1h70g33.json
154r KTK sharpie WBUVG61-MB780IR,Syr-2A,ark~=21198=z1h70g33.json
154r KTK sharpie WBUVR25-MB780IR,Syr-2A,ark~=21198=z1h70g33.json
154v DJK color RGB,Syr-2A,ark~=21198=z1h70g33.json
154v KTK pseudo MB365UV-MB780IR,Syr-2A,ark~=21198=z1h70g33.json
154v KTK pseudo MB365UV-VIS,Syr-2A,ark~=21198=z1h70g33.json
154v KTK pseudo WBUVG61-MB780IR,Syr-2A,ark~=21198=z1h70g33.json
154v KTK pseudo WBUVG61-VIS,Syr-2A,ark~=21198=z1h70g33.json
154v KTK pseudo WBUVR25-VIS,Syr-2A,ark~=21198=z1h70g33.json
154v KTK sharpie MB365UV-MB780IR,Syr-2A,ark~=21198=z1h70g33.json
154v KTK sharpie MB365UV-VIS,Syr-2A,ark~=21198=z1h70g33.json
154v KTK sharpie WBUVB47-VIS,Syr-2A,ark~=21198=z1h70g33.json
154v KTK sharpie WBUVG61-MB780IR,Syr-2A,ark~=21198=z1h70g33.json
154v KTK sharpie WBUVG61-VIS,Syr-2A,ark~=21198=z1h70g33.json
154v KTK sharpie WBUVR25-MB780IR,Syr-2A,ark~=21198=z1h70g33.json
154v KTK sharpie WBUVR25-VIS,Syr-2A,ark~=21198=z1h70g33.json
154v KTK sharpie WBUVUVP-VIS,Syr-2A,ark~=21198=z1h70g33.json
155r DJK color RGB,Syr-2A,ark~=21198=z1h70g33.json
155r KTK pseudo MB365UV-MB780IR,Syr-2A,ark~=21198=z1h70g33.json
155r KTK pseudo MB365UV-VIS,Syr-2A,ark~=21198=z1h70g33.json
155r KTK pseudo WBUVG61-MB780IR,Syr-2A,ark~=21198=z1h70g33.json
155r KTK pseudo WBUVUVP-VIS,Syr-2A,ark~=21198=z1h70g33.json
155r KTK sharpie MB365UV-MB780IR,Syr-2A,ark~=21198=z1h70g33.json
155r KTK sharpie MB365UV-VIS,Syr-2A,ark~=21198=z1h70g33.json
155r KTK sharpie WBUVB47-VIS,Syr-2A,ark~=21198=z1h70g33.json
155r KTK sharpie WBUVG61-MB780IR,Syr-2A,ark~=21198=z1h70g33.json
155r KTK sharpie WBUVR25-MB780IR,Syr-2A,ark~=21198=z1h70g33.json
155r KTK sharpie WBUVUVP-VIS,Syr-2A,ark~=21198=z1h70g33.json
155v DJK color RGB,Syr-2A,ark~=21198=z1h70g33.json
155v KTK pseudo MB365UV-MB780IR,Syr-2A,ark~=21198=z1h70g33.json
155v KTK pseudo MB365UV-VIS,Syr-2A,ark~=21198=z1h70g33.json
155v KTK pseudo WBUVG61-MB780IR,Syr-2A,ark~=21198=z1h70g33.json
155v KTK sharpie MB365UV-MB780IR,Syr-2A,ark~=21198=z1h70g33.json
155v KTK sharpie MB365UV-VIS,Syr-2A,ark~=21198=z1h70g33.json
155v KTK sharpie WBUVG61-MB780IR,Syr-2A,ark~=21198=z1h70g33.json
155v KTK sharpie WBUVR25-MB780IR,Syr-2A,ark~=21198=z1h70g33.json
155v KTK sharpie WBUVR25-VIS,Syr-2A,ark~=21198=z1h70g33.json
156r DJK color RGB,Syr-2A,ark~=21198=z1h70g33.json
156r KTK pseudo MB365UV-MB780IR,Syr-2A,ark~=21198=z1h70g33.json
156r KTK pseudo MB365UV-VIS,Syr-2A,ark~=21198=z1h70g33.json
156r KTK pseudo WBUVG61-MB780IR,Syr-2A,ark~=21198=z1h70g33.json
156r KTK pseudo WBUVUVP-VIS,Syr-2A,ark~=21198=z1h70g33.json
156r KTK sharpie MB365UV-MB780IR,Syr-2A,ark~=21198=z1h70g33.json
156r KTK sharpie MB365UV-VIS,Syr-2A,ark~=21198=z1h70g33.json
156r KTK sharpie WBUVG61-MB780IR,Syr-2A,ark~=21198=z1h70g33.json
156r KTK sharpie WBUVUVP-VIS,Syr-2A,ark~=21198=z1h70g33.json
156v DJK color RGB,Syr-2A,ark~=21198=z1h70g33.json
156v KTK pseudo MB365UV-MB780IR,Syr-2A,ark~=21198=z1h70g33.json
156v KTK pseudo MB365UV-VIS,Syr-2A,ark~=21198=z1h70g33.json
156v KTK pseudo WBUVG61-MB780IR,Syr-2A,ark~=21198=z1h70g33.json
156v KTK pseudo WBUVG61-VIS,Syr-2A,ark~=21198=z1h70g33.json
156v KTK sharpie MB365UV-MB780IR,Syr-2A,ark~=21198=z1h70g33.json
156v KTK sharpie MB365UV-VIS,Syr-2A,ark~=21198=z1h70g33.json
156v KTK sharpie WBUVG61-MB780IR,Syr-2A,ark~=21198=z1h70g33.json
156v KTK sharpie WBUVR25-MB780IR,Syr-2A,ark~=21198=z1h70g33.json
157r DJK color RGB,Syr-2A,ark~=21198=z1h70g33.json
157r KTK pseudo MB365UV-MB780IR,Syr-2A,ark~=21198=z1h70g33.json
157r KTK pseudo MB365UV-VIS,Syr-2A,ark~=21198=z1h70g33.json
157r KTK pseudo WBUVG61-MB780IR,Syr-2A,ark~=21198=z1h70g33.json
157r KTK pseudo WBUVG61-VIS,Syr-2A,ark~=21198=z1h70g33.json
157r KTK pseudo WBUVUVP-VIS,Syr-2A,ark~=21198=z1h70g33.json
157r KTK sharpie MB365UV-MB780IR,Syr-2A,ark~=21198=z1h70g33.json
157r KTK sharpie MB365UV-VIS,Syr-2A,ark~=21198=z1h70g33.json
157r KTK sharpie WBUVB47-VIS,Syr-2A,ark~=21198=z1h70g33.json
157r KTK sharpie WBUVG61-MB780IR,Syr-2A,ark~=21198=z1h70g33.json
157r KTK sharpie WBUVR25-MB780IR,Syr-2A,ark~=21198=z1h70g33.json
157v DJK color RGB,Syr-2A,ark~=21198=z1h70g33.json
157v KTK pseudo MB365UV-MB780IR,Syr-2A,ark~=21198=z1h70g33.json
157v KTK pseudo MB365UV-VIS,Syr-2A,ark~=21198=z1h70g33.json
157v KTK pseudo WBUVG61-MB780IR,Syr-2A,ark~=21198=z1h70g33.json
157v KTK pseudo WBUVUVP-VIS,Syr-2A,ark~=21198=z1h70g33.json
157v KTK sharpie MB365UV-MB780IR,Syr-2A,ark~=21198=z1h70g33.json
157v KTK sharpie MB365UV-VIS,Syr-2A,ark~=21198=z1h70g33.json
157v KTK sharpie WBUVB47-VIS,Syr-2A,ark~=21198=z1h70g33.json
157v KTK sharpie WBUVG61-MB780IR,Syr-2A,ark~=21198=z1h70g33.json
157v KTK sharpie WBUVR25-MB780IR,Syr-2A,ark~=21198=z1h70g33.json
158r DJK color RGB,Syr-2A,ark~=21198=z1h70g33.json
158r KTK pseudo MB365UV-MB780IR,Syr-2A,ark~=21198=z1h70g33.json
158r KTK pseudo MB365UV-VIS,Syr-2A,ark~=21198=z1h70g33.json
158r KTK pseudo WBUVG61-MB780IR,Syr-2A,ark~=21198=z1h70g33.json
158r KTK pseudo WBUVUVP-VIS,Syr-2A,ark~=21198=z1h70g33.json
158r KTK sharpie MB365UV-MB780IR,Syr-2A,ark~=21198=z1h70g33.json
158r KTK sharpie WBUVG61-MB780IR,Syr-2A,ark~=21198=z1h70g33.json
158r KTK sharpie WBUVR25-MB780IR,Syr-2A,ark~=21198=z1h70g33.json
158v DJK color RGB,Syr-2A,ark~=21198=z1h70g33.json
158v KTK pseudo MB365UV-MB780IR,Syr-2A,ark~=21198=z1h70g33.json
158v KTK pseudo WBUVG61-MB780IR,Syr-2A,ark~=21198=z1h70g33.json
158v KTK pseudo WBUVG61-VIS,Syr-2A,ark~=21198=z1h70g33.json
158v KTK pseudo WBUVR25-VIS,Syr-2A,ark~=21198=z1h70g33.json
158v KTK sharpie MB365UV-MB780IR,Syr-2A,ark~=21198=z1h70g33.json
158v KTK sharpie MB365UV-VIS,Syr-2A,ark~=21198=z1h70g33.json
158v KTK sharpie WBUVB47-VIS,Syr-2A,ark~=21198=z1h70g33.json
158v KTK sharpie WBUVG61-MB780IR,Syr-2A,ark~=21198=z1h70g33.json
158v KTK sharpie WBUVR25-MB780IR,Syr-2A,ark~=21198=z1h70g33.json
159r DJK color RGB,Syr-2A,ark~=21198=z1h70g33.json
159r KTK pseudo MB365UV-MB780IR,Syr-2A,ark~=21198=z1h70g33.json
159r KTK pseudo WBUVG61-MB780IR,Syr-2A,ark~=21198=z1h70g33.json
159r KTK pseudo WBUVG61-VIS,Syr-2A,ark~=21198=z1h70g33.json
159r KTK pseudo WBUVR25-VIS,Syr-2A,ark~=21198=z1h70g33.json
159r KTK sharpie MB365UV-MB780IR,Syr-2A,ark~=21198=z1h70g33.json
159r KTK sharpie MB365UV-VIS,Syr-2A,ark~=21198=z1h70g33.json
159r KTK sharpie WBUVB47-VIS,Syr-2A,ark~=21198=z1h70g33.json
159r KTK sharpie WBUVG61-MB780IR,Syr-2A,ark~=21198=z1h70g33.json
159r KTK sharpie WBUVR25-MB780IR,Syr-2A,ark~=21198=z1h70g33.json
159v DJK color RGB,Syr-2A,ark~=21198=z1h70g33.json
159v KTK pseudo MB365UV-MB780IR,Syr-2A,ark~=21198=z1h70g33.json
159v KTK pseudo WBUVG61-MB780IR,Syr-2A,ark~=21198=z1h70g33.json
159v KTK sharpie MB365UV-MB780IR,Syr-2A,ark~=21198=z1h70g33.json
159v KTK sharpie MB365UV-VIS,Syr-2A,ark~=21198=z1h70g33.json
159v KTK sharpie WBUVB47-VIS,Syr-2A,ark~=21198=z1h70g33.json
159v KTK sharpie WBUVG61-MB780IR,Syr-2A,ark~=21198=z1h70g33.json
159v KTK sharpie WBUVR25-MB780IR,Syr-2A,ark~=21198=z1h70g33.json
160r DJK color RGB,Syr-2A,ark~=21198=z1h70g33.json
160r KTK pseudo MB365UV-MB780IR,Syr-2A,ark~=21198=z1h70g33.json
160r KTK pseudo WBUVG61-MB780IR,Syr-2A,ark~=21198=z1h70g33.json
160r KTK pseudo WBUVG61-VIS,Syr-2A,ark~=21198=z1h70g33.json
160r KTK sharpie MB365UV-MB780IR,Syr-2A,ark~=21198=z1h70g33.json
160r KTK sharpie WBUVB47-VIS,Syr-2A,ark~=21198=z1h70g33.json
160r KTK sharpie WBUVG61-MB780IR,Syr-2A,ark~=21198=z1h70g33.json
160r KTK sharpie WBUVG61-VIS,Syr-2A,ark~=21198=z1h70g33.json
160r KTK sharpie WBUVR25-MB780IR,Syr-2A,ark~=21198=z1h70g33.json
160v DJK color RGB,Syr-2A,ark~=21198=z1h70g33.json
160v KTK pseudo MB365UV-MB780IR,Syr-2A,ark~=21198=z1h70g33.json
160v KTK pseudo WBUVG61-MB780IR,Syr-2A,ark~=21198=z1h70g33.json
160v KTK pseudo WBUVG61-VIS,Syr-2A,ark~=21198=z1h70g33.json
160v KTK sharpie MB365UV-MB780IR,Syr-2A,ark~=21198=z1h70g33.json
160v KTK sharpie WBUVB47-VIS,Syr-2A,ark~=21198=z1h70g33.json
160v KTK sharpie WBUVG61-MB780IR,Syr-2A,ark~=21198=z1h70g33.json
160v KTK sharpie WBUVR25-MB780IR,Syr-2A,ark~=21198=z1h70g33.json
161r DJK color RGB,Syr-2A,ark~=21198=z1h70g33.json
161r KTK pseudo MB365UV-MB780IR,Syr-2A,ark~=21198=z1h70g33.json
161r KTK pseudo MB365UV-VIS,Syr-2A,ark~=21198=z1h70g33.json
161r KTK pseudo WBUVG61-MB780IR,Syr-2A,ark~=21198=z1h70g33.json
161r KTK pseudo WBUVUVP-VIS,Syr-2A,ark~=21198=z1h70g33.json
161r KTK sharpie MB365UV-MB780IR,Syr-2A,ark~=21198=z1h70g33.json
161r KTK sharpie MB365UV-VIS,Syr-2A,ark~=21198=z1h70g33.json
161r KTK sharpie WBUVB47-VIS,Syr-2A,ark~=21198=z1h70g33.json
161r KTK sharpie WBUVG61-MB780IR,Syr-2A,ark~=21198=z1h70g33.json
161r KTK sharpie WBUVR25-MB780IR,Syr-2A,ark~=21198=z1h70g33.json
161v DJK color RGB,Syr-2A,ark~=21198=z1h70g33.json
161v KTK pseudo MB365UV-MB780IR,Syr-2A,ark~=21198=z1h70g33.json
161v KTK pseudo WBUVG61-MB780IR,Syr-2A,ark~=21198=z1h70g33.json
161v KTK pseudo WBUVG61-VIS,Syr-2A,ark~=21198=z1h70g33.json
161v KTK sharpie MB365UV-MB780IR,Syr-2A,ark~=21198=z1h70g33.json
161v KTK sharpie MB365UV-VIS,Syr-2A,ark~=21198=z1h70g33.json
161v KTK sharpie WBUVB47-VIS,Syr-2A,ark~=21198=z1h70g33.json
161v KTK sharpie WBUVG61-MB780IR,Syr-2A,ark~=21198=z1h70g33.json
161v KTK sharpie WBUVR25-MB780IR,Syr-2A,ark~=21198=z1h70g33.json
162r DJK color RGB,Syr-2A,ark~=21198=z1h70g33.json
162r KTK pseudo MB365UV-MB780IR,Syr-2A,ark~=21198=z1h70g33.json
162r KTK pseudo MB365UV-VIS,Syr-2A,ark~=21198=z1h70g33.json
162r KTK pseudo WBUVG61-MB780IR,Syr-2A,ark~=21198=z1h70g33.json
162r KTK pseudo WBUVG61-VIS,Syr-2A,ark~=21198=z1h70g33.json
162r KTK pseudo WBUVR25-VIS,Syr-2A,ark~=21198=z1h70g33.json
162r KTK sharpie MB365UV-MB780IR,Syr-2A,ark~=21198=z1h70g33.json
162r KTK sharpie MB365UV-VIS,Syr-2A,ark~=21198=z1h70g33.json
162r KTK sharpie WBUVB47-VIS,Syr-2A,ark~=21198=z1h70g33.json
162r KTK sharpie WBUVG61-MB780IR,Syr-2A,ark~=21198=z1h70g33.json
162r KTK sharpie WBUVR25-MB780IR,Syr-2A,ark~=21198=z1h70g33.json
162v DJK color RGB,Syr-2A,ark~=21198=z1h70g33.json
162v KTK pseudo MB365UV-MB780IR,Syr-2A,ark~=21198=z1h70g33.json
162v KTK pseudo MB365UV-VIS,Syr-2A,ark~=21198=z1h70g33.json
162v KTK pseudo WBUVG61-MB780IR,Syr-2A,ark~=21198=z1h70g33.json
162v KTK pseudo WBUVG61-VIS,Syr-2A,ark~=21198=z1h70g33.json
162v KTK pseudo WBUVUVP-VIS,Syr-2A,ark~=21198=z1h70g33.json
162v KTK sharpie MB365UV-MB780IR,Syr-2A,ark~=21198=z1h70g33.json
162v KTK sharpie MB365UV-VIS,Syr-2A,ark~=21198=z1h70g33.json
162v KTK sharpie WBUVB47-VIS,Syr-2A,ark~=21198=z1h70g33.json
162v KTK sharpie WBUVG61-MB780IR,Syr-2A,ark~=21198=z1h70g33.json
162v KTK sharpie WBUVR25-MB780IR,Syr-2A,ark~=21198=z1h70g33.json
162v KTK sharpie WBUVUVP-VIS,Syr-2A,ark~=21198=z1h70g33.json
163r DJK color RGB,Syr-2A,ark~=21198=z1h70g33.json
163r KTK pseudo MB365UV-MB780IR,Syr-2A,ark~=21198=z1h70g33.json
163r KTK pseudo MB365UV-VIS,Syr-2A,ark~=21198=z1h70g33.json
163r KTK pseudo WBUVG61-MB780IR,Syr-2A,ark~=21198=z1h70g33.json
163r KTK sharpie MB365UV-MB780IR,Syr-2A,ark~=21198=z1h70g33.json
163r KTK sharpie MB365UV-VIS,Syr-2A,ark~=21198=z1h70g33.json
163r KTK sharpie WBUVB47-VIS,Syr-2A,ark~=21198=z1h70g33.json
163v DJK color RGB,Syr-2A,ark~=21198=z1h70g33.json
163v KTK pseudo MB365UV-MB780IR,Syr-2A,ark~=21198=z1h70g33.json
163v KTK pseudo MB365UV-VIS,Syr-2A,ark~=21198=z1h70g33.json
163v KTK pseudo WBUVG61-MB780IR,Syr-2A,ark~=21198=z1h70g33.json
163v KTK pseudo WBUVUVP-VIS,Syr-2A,ark~=21198=z1h70g33.json
163v KTK sharpie MB365UV-MB780IR,Syr-2A,ark~=21198=z1h70g33.json
163v KTK sharpie MB365UV-VIS,Syr-2A,ark~=21198=z1h70g33.json
163v KTK sharpie WBUVB47-VIS,Syr-2A,ark~=21198=z1h70g33.json
163v KTK sharpie WBUVG61-MB780IR,Syr-2A,ark~=21198=z1h70g33.json
163v KTK sharpie WBUVR25-MB780IR,Syr-2A,ark~=21198=z1h70g33.json
164r DJK color RGB,Syr-2A,ark~=21198=z1h70g33.json
164r KTK pseudo MB365UV-MB780IR,Syr-2A,ark~=21198=z1h70g33.json
164r KTK pseudo WBUVG61-MB780IR,Syr-2A,ark~=21198=z1h70g33.json
164r KTK pseudo WBUVG61-VIS,Syr-2A,ark~=21198=z1h70g33.json
164r KTK pseudo WBUVR25-VIS,Syr-2A,ark~=21198=z1h70g33.json
164r KTK sharpie MB365UV-MB780IR,Syr-2A,ark~=21198=z1h70g33.json
164r KTK sharpie MB365UV-VIS,Syr-2A,ark~=21198=z1h70g33.json
164r KTK sharpie WBUVB47-VIS,Syr-2A,ark~=21198=z1h70g33.json
164r KTK sharpie WBUVG61-MB780IR,Syr-2A,ark~=21198=z1h70g33.json
164r KTK sharpie WBUVR25-MB780IR,Syr-2A,ark~=21198=z1h70g33.json
164v DJK color RGB,Syr-2A,ark~=21198=z1h70g33.json
164v KTK pseudo MB365UV-MB780IR,Syr-2A,ark~=21198=z1h70g33.json
164v KTK pseudo WBUVG61-MB780IR,Syr-2A,ark~=21198=z1h70g33.json
164v KTK sharpie MB365UV-MB780IR,Syr-2A,ark~=21198=z1h70g33.json
164v KTK sharpie WBUVG61-MB780IR,Syr-2A,ark~=21198=z1h70g33.json
164v KTK sharpie WBUVR25-MB780IR,Syr-2A,ark~=21198=z1h70g33.json
165r DJK color RGB,Syr-2A,ark~=21198=z1h70g33.json
165r KTK pseudo MB365UV-MB780IR,Syr-2A,ark~=21198=z1h70g33.json
165r KTK pseudo WBUVG61-MB780IR,Syr-2A,ark~=21198=z1h70g33.json
165r KTK sharpie MB365UV-MB780IR,Syr-2A,ark~=21198=z1h70g33.json
165r KTK sharpie WBUVG61-MB780IR,Syr-2A,ark~=21198=z1h70g33.json
165r KTK sharpie WBUVR25-MB780IR,Syr-2A,ark~=21198=z1h70g33.json
165v DJK color RGB,Syr-2A,ark~=21198=z1h70g33.json
165v KTK pseudo MB365UV-MB780IR,Syr-2A,ark~=21198=z1h70g33.json
165v KTK pseudo WBUVG61-MB780IR,Syr-2A,ark~=21198=z1h70g33.json
165v KTK sharpie MB365UV-MB780IR,Syr-2A,ark~=21198=z1h70g33.json
165v KTK sharpie WBUVG61-MB780IR,Syr-2A,ark~=21198=z1h70g33.json
166r DJK color RGB,Syr-2A,ark~=21198=z1h70g33.json
166r KTK pseudo MB365UV-MB780IR,Syr-2A,ark~=21198=z1h70g33.json
166r KTK pseudo WBUVG61-MB780IR,Syr-2A,ark~=21198=z1h70g33.json
166r KTK sharpie MB365UV-MB780IR,Syr-2A,ark~=21198=z1h70g33.json
166r KTK sharpie WBUVG61-MB780IR,Syr-2A,ark~=21198=z1h70g33.json
166r KTK sharpie WBUVR25-MB780IR,Syr-2A,ark~=21198=z1h70g33.json
166v DJK color RGB,Syr-2A,ark~=21198=z1h70g33.json
166v KTK pseudo MB365UV-MB780IR,Syr-2A,ark~=21198=z1h70g33.json
166v KTK pseudo WBUVG61-MB780IR,Syr-2A,ark~=21198=z1h70g33.json
166v KTK sharpie MB365UV-MB780IR,Syr-2A,ark~=21198=z1h70g33.json
2r KTK pseudo MB365UV-MB780IR,SyrNF-42,ark~=21198=z1c53vvq.json
2r KTK pseudo MB365UV-VIS,SyrNF-42,ark~=21198=z1c53vvq.json
2r KTK pseudo WBUVO22-VIS,SyrNF-42,ark~=21198=z1c53vvq.json
2r KTK pseudo WBUVUVb-MB780IR,SyrNF-42,ark~=21198=z1c53vvq.json
2r KTK pseudo WBUVUVb-VIS,SyrNF-42,ark~=21198=z1c53vvq.json
2r KTK pseudo WBUVUVP-VIS,SyrNF-42,ark~=21198=z1c53vvq.json
2r KTK sharpie avgUV-VIS,SyrNF-42,ark~=21198=z1c53vvq.json
2r KTK sharpie MB365UV-MB780IR,SyrNF-42,ark~=21198=z1c53vvq.json
2r KTK sharpie MB365UV-VIS,SyrNF-42,ark~=21198=z1c53vvq.json
2r KTK sharpie WBUVB47-VIS,SyrNF-42,ark~=21198=z1c53vvq.json
2r KTK sharpie WBUVG58-MB780IR,SyrNF-42,ark~=21198=z1c53vvq.json
2r KTK sharpie WBUVO22-VIS,SyrNF-42,ark~=21198=z1c53vvq.json
2r KTK sharpie WBUVUVb-MB780IR,SyrNF-42,ark~=21198=z1c53vvq.json
2r KTK sharpie WBUVUVb-VIS,SyrNF-42,ark~=21198=z1c53vvq.json
2r KTK sharpie WBUVUVP-VIS,SyrNF-42,ark~=21198=z1c53vvq.json
2v KTK pseudo MB365UV-MB780IR,SyrNF-42,ark~=21198=z1c53vvq.json
2v KTK pseudo MB365UV-VIS,SyrNF-42,ark~=21198=z1c53vvq.json
2v KTK pseudo WBUVO22-VIS,SyrNF-42,ark~=21198=z1c53vvq.json
2v KTK pseudo WBUVUVb-MB780IR,SyrNF-42,ark~=21198=z1c53vvq.json
2v KTK pseudo WBUVUVb-VIS,SyrNF-42,ark~=21198=z1c53vvq.json
2v KTK pseudo WBUVUVP-VIS,SyrNF-42,ark~=21198=z1c53vvq.json
2v KTK sharpie avgUV-VIS,SyrNF-42,ark~=21198=z1c53vvq.json
2v KTK sharpie MB365UV-MB780IR,SyrNF-42,ark~=21198=z1c53vvq.json
2v KTK sharpie MB365UV-VIS,SyrNF-42,ark~=21198=z1c53vvq.json
2v KTK sharpie WBUVB47-VIS,SyrNF-42,ark~=21198=z1c53vvq.json
2v KTK sharpie WBUVG58-MB780IR,SyrNF-42,ark~=21198=z1c53vvq.json
2v KTK sharpie WBUVG58-VIS,SyrNF-42,ark~=21198=z1c53vvq.json
2v KTK sharpie WBUVO22-MB780IR,SyrNF-42,ark~=21198=z1c53vvq.json
2v KTK sharpie WBUVO22-VIS,SyrNF-42,ark~=21198=z1c53vvq.json
2v KTK sharpie WBUVUVb-MB780IR,SyrNF-42,ark~=21198=z1c53vvq.json
2v KTK sharpie WBUVUVb-VIS,SyrNF-42,ark~=21198=z1c53vvq.json
2v KTK sharpie WBUVUVP-VIS,SyrNF-42,ark~=21198=z1c53vvq.json
3r KTK pseudo MB365UV-MB780IR,SyrNF-42,ark~=21198=z1c53vvq.json
3r KTK pseudo MB365UV-VIS,SyrNF-42,ark~=21198=z1c53vvq.json
3r KTK pseudo WBUVO22-VIS,SyrNF-42,ark~=21198=z1c53vvq.json
3r KTK pseudo WBUVUVb-MB780IR,SyrNF-42,ark~=21198=z1c53vvq.json
3r KTK pseudo WBUVUVb-VIS,SyrNF-42,ark~=21198=z1c53vvq.json
3r KTK pseudo WBUVUVP-VIS,SyrNF-42,ark~=21198=z1c53vvq.json
3r KTK sharpie avgUV-VIS,SyrNF-42,ark~=21198=z1c53vvq.json
3r KTK sharpie MB365UV-MB780IR,SyrNF-42,ark~=21198=z1c53vvq.json
3r KTK sharpie MB365UV-VIS,SyrNF-42,ark~=21198=z1c53vvq.json
3r KTK sharpie WBUVB47-VIS,SyrNF-42,ark~=21198=z1c53vvq.json
3r KTK sharpie WBUVG58-MB780IR,SyrNF-42,ark~=21198=z1c53vvq.json
3r KTK sharpie WBUVG58-VIS,SyrNF-42,ark~=21198=z1c53vvq.json
3r KTK sharpie WBUVO22-MB780IR,SyrNF-42,ark~=21198=z1c53vvq.json
3r KTK sharpie WBUVO22-VIS,SyrNF-42,ark~=21198=z1c53vvq.json
3r KTK sharpie WBUVUVb-MB780IR,SyrNF-42,ark~=21198=z1c53vvq.json
3r KTK sharpie WBUVUVb-VIS,SyrNF-42,ark~=21198=z1c53vvq.json
3r KTK sharpie WBUVUVP-VIS,SyrNF-42,ark~=21198=z1c53vvq.json
3v KTK pseudo MB365UV-MB780IR,SyrNF-42,ark~=21198=z1c53vvq.json
3v KTK pseudo MB365UV-VIS,SyrNF-42,ark~=21198=z1c53vvq.json
3v KTK pseudo WBUVO22-VIS,SyrNF-42,ark~=21198=z1c53vvq.json
3v KTK pseudo WBUVUVb-MB780IR,SyrNF-42,ark~=21198=z1c53vvq.json
3v KTK pseudo WBUVUVb-VIS,SyrNF-42,ark~=21198=z1c53vvq.json
3v KTK pseudo WBUVUVP-VIS,SyrNF-42,ark~=21198=z1c53vvq.json
3v KTK sharpie avgUV-VIS,SyrNF-42,ark~=21198=z1c53vvq.json
3v KTK sharpie MB365UV-MB780IR,SyrNF-42,ark~=21198=z1c53vvq.json
3v KTK sharpie MB365UV-VIS,SyrNF-42,ark~=21198=z1c53vvq.json
3v KTK sharpie WBUVB47-VIS,SyrNF-42,ark~=21198=z1c53vvq.json
3v KTK sharpie WBUVG58-MB780IR,SyrNF-42,ark~=21198=z1c53vvq.json
3v KTK sharpie WBUVG58-VIS,SyrNF-42,ark~=21198=z1c53vvq.json
3v KTK sharpie WBUVO22-MB780IR,SyrNF-42,ark~=21198=z1c53vvq.json
3v KTK sharpie WBUVUVb-MB780IR,SyrNF-42,ark~=21198=z1c53vvq.json
3v KTK sharpie WBUVUVb-VIS,SyrNF-42,ark~=21198=z1c53vvq.json
3v KTK sharpie WBUVUVP-VIS,SyrNF-42,ark~=21198=z1c53vvq.json
4r KTK pseudo MB365UV-MB780IR,SyrNF-42,ark~=21198=z1c53vvq.json
4r KTK pseudo MB365UV-VIS,SyrNF-42,ark~=21198=z1c53vvq.json
4r KTK pseudo WBUVO22-VIS,SyrNF-42,ark~=21198=z1c53vvq.json
4r KTK pseudo WBUVUVb-MB780IR,SyrNF-42,ark~=21198=z1c53vvq.json
4r KTK pseudo WBUVUVb-VIS,SyrNF-42,ark~=21198=z1c53vvq.json
4r KTK pseudo WBUVUVP-VIS,SyrNF-42,ark~=21198=z1c53vvq.json
4r KTK sharpie avgUV-VIS,SyrNF-42,ark~=21198=z1c53vvq.json
4r KTK sharpie MB365UV-MB780IR,SyrNF-42,ark~=21198=z1c53vvq.json
4r KTK sharpie MB365UV-VIS,SyrNF-42,ark~=21198=z1c53vvq.json
4r KTK sharpie WBUVB47-VIS,SyrNF-42,ark~=21198=z1c53vvq.json
4r KTK sharpie WBUVG58-MB780IR,SyrNF-42,ark~=21198=z1c53vvq.json
4r KTK sharpie WBUVG58-VIS,SyrNF-42,ark~=21198=z1c53vvq.json
4r KTK sharpie WBUVO22-MB780IR,SyrNF-42,ark~=21198=z1c53vvq.json
4r KTK sharpie WBUVO22-VIS,SyrNF-42,ark~=21198=z1c53vvq.json
4r KTK sharpie WBUVUVb-MB780IR,SyrNF-42,ark~=21198=z1c53vvq.json
4r KTK sharpie WBUVUVb-VIS,SyrNF-42,ark~=21198=z1c53vvq.json
4r KTK sharpie WBUVUVP-VIS,SyrNF-42,ark~=21198=z1c53vvq.json
4v KTK pseudo MB365UV-MB780IR,SyrNF-42,ark~=21198=z1c53vvq.json
4v KTK pseudo MB365UV-VIS,SyrNF-42,ark~=21198=z1c53vvq.json
4v KTK pseudo WBUVO22-VIS,SyrNF-42,ark~=21198=z1c53vvq.json
4v KTK pseudo WBUVUVb-MB780IR,SyrNF-42,ark~=21198=z1c53vvq.json
4v KTK pseudo WBUVUVb-VIS,SyrNF-42,ark~=21198=z1c53vvq.json
4v KTK pseudo WBUVUVP-VIS,SyrNF-42,ark~=21198=z1c53vvq.json
4v KTK sharpie avgUV-VIS,SyrNF-42,ark~=21198=z1c53vvq.json
4v KTK sharpie MB365UV-MB780IR,SyrNF-42,ark~=21198=z1c53vvq.json
4v KTK sharpie MB365UV-VIS,SyrNF-42,ark~=21198=z1c53vvq.json
4v KTK sharpie WBUVB47-VIS,SyrNF-42,ark~=21198=z1c53vvq.json
4v KTK sharpie WBUVG58-MB780IR,SyrNF-42,ark~=21198=z1c53vvq.json
4v KTK sharpie WBUVG58-VIS,SyrNF-42,ark~=21198=z1c53vvq.json
4v KTK sharpie WBUVO22-MB780IR,SyrNF-42,ark~=21198=z1c53vvq.json
4v KTK sharpie WBUVO22-VIS,SyrNF-42,ark~=21198=z1c53vvq.json
4v KTK sharpie WBUVUVb-MB780IR,SyrNF-42,ark~=21198=z1c53vvq.json
4v KTK sharpie WBUVUVb-VIS,SyrNF-42,ark~=21198=z1c53vvq.json
4v KTK sharpie WBUVUVP-VIS,SyrNF-42,ark~=21198=z1c53vvq.json
5r KTK pseudo MB365UV-MB780IR,SyrNF-42,ark~=21198=z1c53vvq.json
5r KTK pseudo MB365UV-VIS,SyrNF-42,ark~=21198=z1c53vvq.json
5r KTK pseudo WBUVO22-VIS,SyrNF-42,ark~=21198=z1c53vvq.json
5r KTK pseudo WBUVUVb-MB780IR,SyrNF-42,ark~=21198=z1c53vvq.json
5r KTK pseudo WBUVUVb-VIS,SyrNF-42,ark~=21198=z1c53vvq.json
5r KTK pseudo WBUVUVP-VIS,SyrNF-42,ark~=21198=z1c53vvq.json
5r KTK sharpie avgUV-VIS,SyrNF-42,ark~=21198=z1c53vvq.json
5r KTK sharpie MB365UV-MB780IR,SyrNF-42,ark~=21198=z1c53vvq.json
5r KTK sharpie MB365UV-VIS,SyrNF-42,ark~=21198=z1c53vvq.json
5r KTK sharpie WBUVB47-VIS,SyrNF-42,ark~=21198=z1c53vvq.json
5r KTK sharpie WBUVG58-MB780IR,SyrNF-42,ark~=21198=z1c53vvq.json
5r KTK sharpie WBUVG58-VIS,SyrNF-42,ark~=21198=z1c53vvq.json
5r KTK sharpie WBUVO22-MB780IR,SyrNF-42,ark~=21198=z1c53vvq.json
5r KTK sharpie WBUVO22-VIS,SyrNF-42,ark~=21198=z1c53vvq.json
5r KTK sharpie WBUVUVb-MB780IR,SyrNF-42,ark~=21198=z1c53vvq.json
5r KTK sharpie WBUVUVb-VIS,SyrNF-42,ark~=21198=z1c53vvq.json
5r KTK sharpie WBUVUVP-VIS,SyrNF-42,ark~=21198=z1c53vvq.json
5v KTK pseudo MB365UV-MB780IR,SyrNF-42,ark~=21198=z1c53vvq.json
5v KTK pseudo MB365UV-VIS,SyrNF-42,ark~=21198=z1c53vvq.json
5v KTK pseudo WBUVO22-VIS,SyrNF-42,ark~=21198=z1c53vvq.json
5v KTK pseudo WBUVUVb-MB780IR,SyrNF-42,ark~=21198=z1c53vvq.json
5v KTK pseudo WBUVUVb-VIS,SyrNF-42,ark~=21198=z1c53vvq.json
5v KTK pseudo WBUVUVP-VIS,SyrNF-42,ark~=21198=z1c53vvq.json
5v KTK sharpie avgUV-VIS,SyrNF-42,ark~=21198=z1c53vvq.json
5v KTK sharpie MB365UV-MB780IR,SyrNF-42,ark~=21198=z1c53vvq.json
5v KTK sharpie MB365UV-VIS,SyrNF-42,ark~=21198=z1c53vvq.json
5v KTK sharpie WBUVB47-VIS,SyrNF-42,ark~=21198=z1c53vvq.json
5v KTK sharpie WBUVG58-MB780IR,SyrNF-42,ark~=21198=z1c53vvq.json
5v KTK sharpie WBUVG58-VIS,SyrNF-42,ark~=21198=z1c53vvq.json
5v KTK sharpie WBUVO22-MB780IR,SyrNF-42,ark~=21198=z1c53vvq.json
5v KTK sharpie WBUVO22-VIS,SyrNF-42,ark~=21198=z1c53vvq.json
5v KTK sharpie WBUVUVb-MB780IR,SyrNF-42,ark~=21198=z1c53vvq.json
5v KTK sharpie WBUVUVb-VIS,SyrNF-42,ark~=21198=z1c53vvq.json
5v KTK sharpie WBUVUVP-VIS,SyrNF-42,ark~=21198=z1c53vvq.json
6r KTK pseudo MB365UV-MB780IR,SyrNF-42,ark~=21198=z1c53vvq.json
6r KTK pseudo MB365UV-VIS,SyrNF-42,ark~=21198=z1c53vvq.json
6r KTK pseudo WBUVO22-VIS,SyrNF-42,ark~=21198=z1c53vvq.json
6r KTK pseudo WBUVUVb-MB780IR,SyrNF-42,ark~=21198=z1c53vvq.json
6r KTK pseudo WBUVUVb-VIS,SyrNF-42,ark~=21198=z1c53vvq.json
6r KTK pseudo WBUVUVP-VIS,SyrNF-42,ark~=21198=z1c53vvq.json
6r KTK sharpie avgUV-VIS,SyrNF-42,ark~=21198=z1c53vvq.json
6r KTK sharpie MB365UV-MB780IR,SyrNF-42,ark~=21198=z1c53vvq.json
6r KTK sharpie MB365UV-VIS,SyrNF-42,ark~=21198=z1c53vvq.json
6r KTK sharpie WBUVB47-VIS,SyrNF-42,ark~=21198=z1c53vvq.json
6r KTK sharpie WBUVG58-MB780IR,SyrNF-42,ark~=21198=z1c53vvq.json
6r KTK sharpie WBUVG58-VIS,SyrNF-42,ark~=21198=z1c53vvq.json
6r KTK sharpie WBUVO22-MB780IR,SyrNF-42,ark~=21198=z1c53vvq.json
6r KTK sharpie WBUVO22-VIS,SyrNF-42,ark~=21198=z1c53vvq.json
6r KTK sharpie WBUVUVb-MB780IR,SyrNF-42,ark~=21198=z1c53vvq.json
6r KTK sharpie WBUVUVb-VIS,SyrNF-42,ark~=21198=z1c53vvq.json
6r KTK sharpie WBUVUVP-VIS,SyrNF-42,ark~=21198=z1c53vvq.json
6v KTK pseudo MB365UV-MB780IR,SyrNF-42,ark~=21198=z1c53vvq.json
6v KTK pseudo MB365UV-VIS,SyrNF-42,ark~=21198=z1c53vvq.json
6v KTK pseudo WBUVO22-VIS,SyrNF-42,ark~=21198=z1c53vvq.json
6v KTK pseudo WBUVUVb-MB780IR,SyrNF-42,ark~=21198=z1c53vvq.json
6v KTK pseudo WBUVUVb-VIS,SyrNF-42,ark~=21198=z1c53vvq.json
6v KTK pseudo WBUVUVP-VIS,SyrNF-42,ark~=21198=z1c53vvq.json
6v KTK sharpie avgUV-VIS,SyrNF-42,ark~=21198=z1c53vvq.json
6v KTK sharpie MB365UV-MB780IR,SyrNF-42,ark~=21198=z1c53vvq.json
6v KTK sharpie MB365UV-VIS,SyrNF-42,ark~=21198=z1c53vvq.json
6v KTK sharpie WBUVB47-VIS,SyrNF-42,ark~=21198=z1c53vvq.json
6v KTK sharpie WBUVG58-MB780IR,SyrNF-42,ark~=21198=z1c53vvq.json
6v KTK sharpie WBUVG58-VIS,SyrNF-42,ark~=21198=z1c53vvq.json
6v KTK sharpie WBUVO22-MB780IR,SyrNF-42,ark~=21198=z1c53vvq.json
6v KTK sharpie WBUVO22-VIS,SyrNF-42,ark~=21198=z1c53vvq.json
6v KTK sharpie WBUVUVb-MB780IR,SyrNF-42,ark~=21198=z1c53vvq.json
6v KTK sharpie WBUVUVb-VIS,SyrNF-42,ark~=21198=z1c53vvq.json
6v KTK sharpie WBUVUVP-VIS,SyrNF-42,ark~=21198=z1c53vvq.json
7r KTK pseudo MB365UV-MB780IR,SyrNF-42,ark~=21198=z1c53vvq.json
7r KTK pseudo MB365UV-VIS,SyrNF-42,ark~=21198=z1c53vvq.json
7r KTK pseudo WBUVO22-VIS,SyrNF-42,ark~=21198=z1c53vvq.json
7r KTK pseudo WBUVUVb-MB780IR,SyrNF-42,ark~=21198=z1c53vvq.json
7r KTK pseudo WBUVUVb-VIS,SyrNF-42,ark~=21198=z1c53vvq.json
7r KTK pseudo WBUVUVP-VIS,SyrNF-42,ark~=21198=z1c53vvq.json
7r KTK sharpie avgUV-VIS,SyrNF-42,ark~=21198=z1c53vvq.json
7r KTK sharpie MB365UV-MB780IR,SyrNF-42,ark~=21198=z1c53vvq.json
7r KTK sharpie MB365UV-VIS,SyrNF-42,ark~=21198=z1c53vvq.json
7r KTK sharpie WBUVB47-VIS,SyrNF-42,ark~=21198=z1c53vvq.json
7r KTK sharpie WBUVG58-MB780IR,SyrNF-42,ark~=21198=z1c53vvq.json
7r KTK sharpie WBUVG58-VIS,SyrNF-42,ark~=21198=z1c53vvq.json
7r KTK sharpie WBUVO22-MB780IR,SyrNF-42,ark~=21198=z1c53vvq.json
7r KTK sharpie WBUVO22-VIS,SyrNF-42,ark~=21198=z1c53vvq.json
7r KTK sharpie WBUVUVb-MB780IR,SyrNF-42,ark~=21198=z1c53vvq.json
7r KTK sharpie WBUVUVb-VIS,SyrNF-42,ark~=21198=z1c53vvq.json
7r KTK sharpie WBUVUVP-VIS,SyrNF-42,ark~=21198=z1c53vvq.json
7v KTK pseudo MB365UV-MB780IR,SyrNF-42,ark~=21198=z1c53vvq.json
7v KTK pseudo MB365UV-VIS,SyrNF-42,ark~=21198=z1c53vvq.json
7v KTK pseudo WBUVO22-VIS,SyrNF-42,ark~=21198=z1c53vvq.json
7v KTK pseudo WBUVUVb-MB780IR,SyrNF-42,ark~=21198=z1c53vvq.json
7v KTK pseudo WBUVUVb-VIS,SyrNF-42,ark~=21198=z1c53vvq.json
7v KTK pseudo WBUVUVP-VIS,SyrNF-42,ark~=21198=z1c53vvq.json
7v KTK sharpie avgUV-VIS,SyrNF-42,ark~=21198=z1c53vvq.json
7v KTK sharpie MB365UV-MB780IR,SyrNF-42,ark~=21198=z1c53vvq.json
7v KTK sharpie MB365UV-VIS,SyrNF-42,ark~=21198=z1c53vvq.json
7v KTK sharpie WBUVB47-VIS,SyrNF-42,ark~=21198=z1c53vvq.json
7v KTK sharpie WBUVG58-MB780IR,SyrNF-42,ark~=21198=z1c53vvq.json
7v KTK sharpie WBUVG58-VIS,SyrNF-42,ark~=21198=z1c53vvq.json
7v KTK sharpie WBUVO22-MB780IR,SyrNF-42,ark~=21198=z1c53vvq.json
7v KTK sharpie WBUVO22-VIS,SyrNF-42,ark~=21198=z1c53vvq.json
7v KTK sharpie WBUVUVb-MB780IR,SyrNF-42,ark~=21198=z1c53vvq.json
7v KTK sharpie WBUVUVb-VIS,SyrNF-42,ark~=21198=z1c53vvq.json
7v KTK sharpie WBUVUVP-VIS,SyrNF-42,ark~=21198=z1c53vvq.json
8r KTK pseudo MB365UV-MB780IR,SyrNF-42,ark~=21198=z1c53vvq.json
8r KTK pseudo MB365UV-VIS,SyrNF-42,ark~=21198=z1c53vvq.json
8r KTK pseudo WBUVUVb-MB780IR,SyrNF-42,ark~=21198=z1c53vvq.json
8r KTK pseudo WBUVUVb-VIS,SyrNF-42,ark~=21198=z1c53vvq.json
8r KTK pseudo WBUVUVP-VIS,SyrNF-42,ark~=21198=z1c53vvq.json
8r KTK sharpie avgUV-VIS,SyrNF-42,ark~=21198=z1c53vvq.json
8r KTK sharpie MB365UV-MB780IR,SyrNF-42,ark~=21198=z1c53vvq.json
8r KTK sharpie MB365UV-VIS,SyrNF-42,ark~=21198=z1c53vvq.json
8r KTK sharpie WBUVB47-VIS,SyrNF-42,ark~=21198=z1c53vvq.json
8r KTK sharpie WBUVG58-MB780IR,SyrNF-42,ark~=21198=z1c53vvq.json
8r KTK sharpie WBUVG58-VIS,SyrNF-42,ark~=21198=z1c53vvq.json
8r KTK sharpie WBUVO22-VIS,SyrNF-42,ark~=21198=z1c53vvq.json
8r KTK sharpie WBUVUVb-VIS,SyrNF-42,ark~=21198=z1c53vvq.json
8r KTK sharpie WBUVUVP-VIS,SyrNF-42,ark~=21198=z1c53vvq.json
128r KTK pseudo MB365UV-MB780IR,AraNF-28,ark~=21198=r1qn64nz.json
128r KTK pseudo WBUVUVb-MB780IR,AraNF-28,ark~=21198=r1qn64nz.json
128r KTK sharpie MB365UV-MB780IR,AraNF-28,ark~=21198=r1qn64nz.json
128r KTK sharpie WBUVG58-MB780IR,AraNF-28,ark~=21198=r1qn64nz.json
128r KTK sharpie WBUVO22-MB780IR,AraNF-28,ark~=21198=r1qn64nz.json
128r KTK sharpie WBUVUVb-MB780IR,AraNF-28,ark~=21198=r1qn64nz.json
128r-135v KTK pseudo MB365UV-MB780IR,AraNF-28,ark~=21198=r1qn64nz.json
128r-135v KTK pseudo MB365UV-VIS,AraNF-28,ark~=21198=r1qn64nz.json
128r-135v KTK pseudo WBUVO22-VIS,AraNF-28,ark~=21198=r1qn64nz.json
128r-135v KTK pseudo WBUVUVb-MB780IR,AraNF-28,ark~=21198=r1qn64nz.json
128r-135v KTK pseudo WBUVUVb-VIS,AraNF-28,ark~=21198=r1qn64nz.json
128r-135v KTK pseudo WBUVUVP-VIS,AraNF-28,ark~=21198=r1qn64nz.json
128r-135v KTK sharpie avgUV-VIS,AraNF-28,ark~=21198=r1qn64nz.json
128r-135v KTK sharpie MB365UV-MB780IR,AraNF-28,ark~=21198=r1qn64nz.json
128r-135v KTK sharpie MB365UV-VIS,AraNF-28,ark~=21198=r1qn64nz.json
128r-135v KTK sharpie WBUVB47-VIS,AraNF-28,ark~=21198=r1qn64nz.json
128r-135v KTK sharpie WBUVG58-MB780IR,AraNF-28,ark~=21198=r1qn64nz.json
128r-135v KTK sharpie WBUVG58-VIS,AraNF-28,ark~=21198=r1qn64nz.json
128r-135v KTK sharpie WBUVO22-MB780IR,AraNF-28,ark~=21198=r1qn64nz.json
128r-135v KTK sharpie WBUVO22-VIS,AraNF-28,ark~=21198=r1qn64nz.json
128r-135v KTK sharpie WBUVUVb-MB780IR,AraNF-28,ark~=21198=r1qn64nz.json
128r-135v KTK sharpie WBUVUVb-VIS,AraNF-28,ark~=21198=r1qn64nz.json
128r-135v KTK sharpie WBUVUVP-VIS,AraNF-28,ark~=21198=r1qn64nz.json
128v KTK pseudo MB365UV-MB780IR,AraNF-28,ark~=21198=r1qn64nz.json
128v KTK pseudo WBUVUVb-MB780IR,AraNF-28,ark~=21198=r1qn64nz.json
128v KTK sharpie MB365UV-MB780IR,AraNF-28,ark~=21198=r1qn64nz.json
128v KTK sharpie WBUVG58-MB780IR,AraNF-28,ark~=21198=r1qn64nz.json
128v KTK sharpie WBUVO22-MB780IR,AraNF-28,ark~=21198=r1qn64nz.json
128v KTK sharpie WBUVUVb-MB780IR,AraNF-28,ark~=21198=r1qn64nz.json
128v-135r KTK pseudo MB365UV-MB780IR,AraNF-28,ark~=21198=r1qn64nz.json
128v-135r KTK pseudo MB365UV-VIS,AraNF-28,ark~=21198=r1qn64nz.json
128v-135r KTK pseudo WBUVO22-VIS,AraNF-28,ark~=21198=r1qn64nz.json
128v-135r KTK pseudo WBUVUVb-MB780IR,AraNF-28,ark~=21198=r1qn64nz.json
128v-135r KTK pseudo WBUVUVb-VIS,AraNF-28,ark~=21198=r1qn64nz.json
128v-135r KTK pseudo WBUVUVP-VIS,AraNF-28,ark~=21198=r1qn64nz.json
128v-135r KTK sharpie avgUV-VIS,AraNF-28,ark~=21198=r1qn64nz.json
128v-135r KTK sharpie MB365UV-MB780IR,AraNF-28,ark~=21198=r1qn64nz.json
128v-135r KTK sharpie MB365UV-VIS,AraNF-28,ark~=21198=r1qn64nz.json
128v-135r KTK sharpie WBUVB47-VIS,AraNF-28,ark~=21198=r1qn64nz.json
128v-135r KTK sharpie WBUVG58-MB780IR,AraNF-28,ark~=21198=r1qn64nz.json
128v-135r KTK sharpie WBUVG58-VIS,AraNF-28,ark~=21198=r1qn64nz.json
128v-135r KTK sharpie WBUVO22-MB780IR,AraNF-28,ark~=21198=r1qn64nz.json
128v-135r KTK sharpie WBUVO22-VIS,AraNF-28,ark~=21198=r1qn64nz.json
128v-135r KTK sharpie WBUVUVb-MB780IR,AraNF-28,ark~=21198=r1qn64nz.json
128v-135r KTK sharpie WBUVUVb-VIS,AraNF-28,ark~=21198=r1qn64nz.json
128v-135r KTK sharpie WBUVUVP-VIS,AraNF-28,ark~=21198=r1qn64nz.json
129r KTK pseudo MB365UV-MB780IR,AraNF-28,ark~=21198=r1qn64nz.json
129r KTK pseudo WBUVUVb-MB780IR,AraNF-28,ark~=21198=r1qn64nz.json
129r KTK sharpie MB365UV-MB780IR,AraNF-28,ark~=21198=r1qn64nz.json
129r KTK sharpie WBUVG58-MB780IR,AraNF-28,ark~=21198=r1qn64nz.json
129r KTK sharpie WBUVO22-MB780IR,AraNF-28,ark~=21198=r1qn64nz.json
129r KTK sharpie WBUVUVb-MB780IR,AraNF-28,ark~=21198=r1qn64nz.json
129r-134v KTK pseudo MB365UV-MB780IR,AraNF-28,ark~=21198=r1qn64nz.json
129r-134v KTK pseudo MB365UV-VIS,AraNF-28,ark~=21198=r1qn64nz.json
129r-134v KTK pseudo WBUVO22-VIS,AraNF-28,ark~=21198=r1qn64nz.json
129r-134v KTK pseudo WBUVUVb-MB780IR,AraNF-28,ark~=21198=r1qn64nz.json
129r-134v KTK pseudo WBUVUVb-VIS,AraNF-28,ark~=21198=r1qn64nz.json
129r-134v KTK pseudo WBUVUVP-VIS,AraNF-28,ark~=21198=r1qn64nz.json
129r-134v KTK sharpie avgUV-VIS,AraNF-28,ark~=21198=r1qn64nz.json
129r-134v KTK sharpie MB365UV-MB780IR,AraNF-28,ark~=21198=r1qn64nz.json
129r-134v KTK sharpie MB365UV-VIS,AraNF-28,ark~=21198=r1qn64nz.json
129r-134v KTK sharpie WBUVB47-VIS,AraNF-28,ark~=21198=r1qn64nz.json
129r-134v KTK sharpie WBUVG58-MB780IR,AraNF-28,ark~=21198=r1qn64nz.json
129r-134v KTK sharpie WBUVG58-VIS,AraNF-28,ark~=21198=r1qn64nz.json
129r-134v KTK sharpie WBUVO22-MB780IR,AraNF-28,ark~=21198=r1qn64nz.json
129r-134v KTK sharpie WBUVO22-VIS,AraNF-28,ark~=21198=r1qn64nz.json
129r-134v KTK sharpie WBUVUVb-MB780IR,AraNF-28,ark~=21198=r1qn64nz.json
129r-134v KTK sharpie WBUVUVb-VIS,AraNF-28,ark~=21198=r1qn64nz.json
129r-134v KTK sharpie WBUVUVP-VIS,AraNF-28,ark~=21198=r1qn64nz.json
129v KTK pseudo MB365UV-MB780IR,AraNF-28,ark~=21198=r1qn64nz.json
129v KTK pseudo WBUVUVb-MB780IR,AraNF-28,ark~=21198=r1qn64nz.json
129v KTK sharpie MB365UV-MB780IR,AraNF-28,ark~=21198=r1qn64nz.json
129v KTK sharpie WBUVG58-MB780IR,AraNF-28,ark~=21198=r1qn64nz.json
129v KTK sharpie WBUVO22-MB780IR,AraNF-28,ark~=21198=r1qn64nz.json
129v KTK sharpie WBUVUVb-MB780IR,AraNF-28,ark~=21198=r1qn64nz.json
129v-134r KTK pseudo MB365UV-MB780IR,AraNF-28,ark~=21198=r1qn64nz.json
129v-134r KTK pseudo MB365UV-VIS,AraNF-28,ark~=21198=r1qn64nz.json
129v-134r KTK pseudo WBUVO22-VIS,AraNF-28,ark~=21198=r1qn64nz.json
129v-134r KTK pseudo WBUVUVb-MB780IR,AraNF-28,ark~=21198=r1qn64nz.json
129v-134r KTK pseudo WBUVUVb-VIS,AraNF-28,ark~=21198=r1qn64nz.json
129v-134r KTK pseudo WBUVUVP-VIS,AraNF-28,ark~=21198=r1qn64nz.json
129v-134r KTK sharpie avgUV-VIS,AraNF-28,ark~=21198=r1qn64nz.json
129v-134r KTK sharpie MB365UV-MB780IR,AraNF-28,ark~=21198=r1qn64nz.json
129v-134r KTK sharpie MB365UV-VIS,AraNF-28,ark~=21198=r1qn64nz.json
129v-134r KTK sharpie WBUVB47-VIS,AraNF-28,ark~=21198=r1qn64nz.json
129v-134r KTK sharpie WBUVG58-MB780IR,AraNF-28,ark~=21198=r1qn64nz.json
129v-134r KTK sharpie WBUVG58-VIS,AraNF-28,ark~=21198=r1qn64nz.json
129v-134r KTK sharpie WBUVO22-MB780IR,AraNF-28,ark~=21198=r1qn64nz.json
129v-134r KTK sharpie WBUVO22-VIS,AraNF-28,ark~=21198=r1qn64nz.json
129v-134r KTK sharpie WBUVUVb-MB780IR,AraNF-28,ark~=21198=r1qn64nz.json
129v-134r KTK sharpie WBUVUVb-VIS,AraNF-28,ark~=21198=r1qn64nz.json
129v-134r KTK sharpie WBUVUVP-VIS,AraNF-28,ark~=21198=r1qn64nz.json
130r KTK pseudo MB365UV-MB780IR,AraNF-28,ark~=21198=r1qn64nz.json
130r KTK pseudo WBUVUVb-MB780IR,AraNF-28,ark~=21198=r1qn64nz.json
130r KTK sharpie MB365UV-MB780IR,AraNF-28,ark~=21198=r1qn64nz.json
130r KTK sharpie WBUVG58-MB780IR,AraNF-28,ark~=21198=r1qn64nz.json
130r KTK sharpie WBUVO22-MB780IR,AraNF-28,ark~=21198=r1qn64nz.json
130r KTK sharpie WBUVUVb-MB780IR,AraNF-28,ark~=21198=r1qn64nz.json
130r-133v KTK pseudo MB365UV-MB780IR,AraNF-28,ark~=21198=r1qn64nz.json
130r-133v KTK pseudo MB365UV-VIS,AraNF-28,ark~=21198=r1qn64nz.json
130r-133v KTK pseudo WBUVO22-VIS,AraNF-28,ark~=21198=r1qn64nz.json
130r-133v KTK pseudo WBUVUVb-MB780IR,AraNF-28,ark~=21198=r1qn64nz.json
130r-133v KTK pseudo WBUVUVb-VIS,AraNF-28,ark~=21198=r1qn64nz.json
130r-133v KTK sharpie MB365UV-MB780IR,AraNF-28,ark~=21198=r1qn64nz.json
130r-133v KTK sharpie WBUVB47-VIS,AraNF-28,ark~=21198=r1qn64nz.json
130r-133v KTK sharpie WBUVG58-MB780IR,AraNF-28,ark~=21198=r1qn64nz.json
130r-133v KTK sharpie WBUVG58-VIS,AraNF-28,ark~=21198=r1qn64nz.json
130r-133v KTK sharpie WBUVO22-MB780IR,AraNF-28,ark~=21198=r1qn64nz.json
130r-133v KTK sharpie WBUVO22-VIS,AraNF-28,ark~=21198=r1qn64nz.json
130r-133v KTK sharpie WBUVUVb-MB780IR,AraNF-28,ark~=21198=r1qn64nz.json
130r-133v KTK sharpie WBUVUVb-VIS,AraNF-28,ark~=21198=r1qn64nz.json
130v KTK pseudo MB365UV-MB780IR,AraNF-28,ark~=21198=r1qn64nz.json
130v KTK pseudo WBUVUVb-MB780IR,AraNF-28,ark~=21198=r1qn64nz.json
130v KTK sharpie MB365UV-MB780IR,AraNF-28,ark~=21198=r1qn64nz.json
130v KTK sharpie WBUVG58-MB780IR,AraNF-28,ark~=21198=r1qn64nz.json
130v KTK sharpie WBUVO22-MB780IR,AraNF-28,ark~=21198=r1qn64nz.json
130v KTK sharpie WBUVUVb-MB780IR,AraNF-28,ark~=21198=r1qn64nz.json
130v-133r KTK pseudo MB365UV-MB780IR,AraNF-28,ark~=21198=r1qn64nz.json
130v-133r KTK pseudo WBUVUVb-MB780IR,AraNF-28,ark~=21198=r1qn64nz.json
130v-133r KTK pseudo WBUVUVb-VIS,AraNF-28,ark~=21198=r1qn64nz.json
130v-133r KTK pseudo WBUVUVP-VIS,AraNF-28,ark~=21198=r1qn64nz.json
130v-133r KTK sharpie MB365UV-MB780IR,AraNF-28,ark~=21198=r1qn64nz.json
130v-133r KTK sharpie MB365UV-VIS,AraNF-28,ark~=21198=r1qn64nz.json
130v-133r KTK sharpie WBUVB47-VIS,AraNF-28,ark~=21198=r1qn64nz.json
130v-133r KTK sharpie WBUVG58-MB780IR,AraNF-28,ark~=21198=r1qn64nz.json
130v-133r KTK sharpie WBUVO22-MB780IR,AraNF-28,ark~=21198=r1qn64nz.json
130v-133r KTK sharpie WBUVO22-VIS,AraNF-28,ark~=21198=r1qn64nz.json
130v-133r KTK sharpie WBUVUVb-MB780IR,AraNF-28,ark~=21198=r1qn64nz.json
130v-133r KTK sharpie WBUVUVb-VIS,AraNF-28,ark~=21198=r1qn64nz.json
130v-133r KTK sharpie WBUVUVP-VIS,AraNF-28,ark~=21198=r1qn64nz.json
131r KTK pseudo MB365UV-MB780IR,AraNF-28,ark~=21198=r1qn64nz.json
131r KTK pseudo WBUVUVb-MB780IR,AraNF-28,ark~=21198=r1qn64nz.json
131r KTK sharpie WBUVG58-MB780IR,AraNF-28,ark~=21198=r1qn64nz.json
131r KTK sharpie WBUVO22-MB780IR,AraNF-28,ark~=21198=r1qn64nz.json
131r KTK sharpie WBUVUVb-MB780IR,AraNF-28,ark~=21198=r1qn64nz.json
131r-132v KTK pseudo MB365UV-MB780IR,AraNF-28,ark~=21198=r1qn64nz.json
131r-132v KTK pseudo MB365UV-VIS,AraNF-28,ark~=21198=r1qn64nz.json
131r-132v KTK pseudo WBUVO22-VIS,AraNF-28,ark~=21198=r1qn64nz.json
131r-132v KTK pseudo WBUVUVb-MB780IR,AraNF-28,ark~=21198=r1qn64nz.json
131r-132v KTK pseudo WBUVUVb-VIS,AraNF-28,ark~=21198=r1qn64nz.json
131r-132v KTK sharpie WBUVG58-MB780IR,AraNF-28,ark~=21198=r1qn64nz.json
131r-132v KTK sharpie WBUVO22-MB780IR,AraNF-28,ark~=21198=r1qn64nz.json
131r-132v KTK sharpie WBUVUVb-MB780IR,AraNF-28,ark~=21198=r1qn64nz.json
131v KTK pseudo MB365UV-MB780IR,AraNF-28,ark~=21198=r1qn64nz.json
131v KTK pseudo WBUVUVb-MB780IR,AraNF-28,ark~=21198=r1qn64nz.json
131v KTK sharpie WBUVUVb-MB780IR,AraNF-28,ark~=21198=r1qn64nz.json
131v-132r KTK pseudo MB365UV-VIS,AraNF-28,ark~=21198=r1qn64nz.json
131v-132r KTK pseudo WBUVO22-VIS,AraNF-28,ark~=21198=r1qn64nz.json
131v-132r KTK pseudo WBUVUVb-MB780IR,AraNF-28,ark~=21198=r1qn64nz.json
131v-132r KTK pseudo WBUVUVb-VIS,AraNF-28,ark~=21198=r1qn64nz.json
131v-132r KTK sharpie WBUVG58-MB780IR,AraNF-28,ark~=21198=r1qn64nz.json
132r KTK pseudo WBUVUVb-MB780IR,AraNF-28,ark~=21198=r1qn64nz.json
132v KTK pseudo MB365UV-MB780IR,AraNF-28,ark~=21198=r1qn64nz.json
132v KTK pseudo WBUVUVb-MB780IR,AraNF-28,ark~=21198=r1qn64nz.json
132v KTK sharpie WBUVG58-MB780IR,AraNF-28,ark~=21198=r1qn64nz.json
132v KTK sharpie WBUVO22-MB780IR,AraNF-28,ark~=21198=r1qn64nz.json
132v KTK sharpie WBUVUVb-MB780IR,AraNF-28,ark~=21198=r1qn64nz.json
133r KTK pseudo WBUVUVb-MB780IR,AraNF-28,ark~=21198=r1qn64nz.json
133r KTK sharpie WBUVG58-MB780IR,AraNF-28,ark~=21198=r1qn64nz.json
133r KTK sharpie WBUVO22-MB780IR,AraNF-28,ark~=21198=r1qn64nz.json
133r KTK sharpie WBUVUVb-MB780IR,AraNF-28,ark~=21198=r1qn64nz.json
133v KTK pseudo WBUVUVb-MB780IR,AraNF-28,ark~=21198=r1qn64nz.json
133v KTK sharpie WBUVG58-MB780IR,AraNF-28,ark~=21198=r1qn64nz.json
133v KTK sharpie WBUVO22-MB780IR,AraNF-28,ark~=21198=r1qn64nz.json
133v KTK sharpie WBUVUVb-MB780IR,AraNF-28,ark~=21198=r1qn64nz.json
134r KTK pseudo MB365UV-MB780IR,AraNF-28,ark~=21198=r1qn64nz.json
134r KTK pseudo WBUVUVb-MB780IR,AraNF-28,ark~=21198=r1qn64nz.json
134r KTK sharpie MB365UV-MB780IR,AraNF-28,ark~=21198=r1qn64nz.json
134r KTK sharpie WBUVG58-MB780IR,AraNF-28,ark~=21198=r1qn64nz.json
134r KTK sharpie WBUVO22-MB780IR,AraNF-28,ark~=21198=r1qn64nz.json
134r KTK sharpie WBUVUVb-MB780IR,AraNF-28,ark~=21198=r1qn64nz.json
134v KTK pseudo MB365UV-MB780IR,AraNF-28,ark~=21198=r1qn64nz.json
134v KTK pseudo WBUVUVb-MB780IR,AraNF-28,ark~=21198=r1qn64nz.json
134v KTK sharpie MB365UV-MB780IR,AraNF-28,ark~=21198=r1qn64nz.json
134v KTK sharpie WBUVG58-MB780IR,AraNF-28,ark~=21198=r1qn64nz.json
134v KTK sharpie WBUVO22-MB780IR,AraNF-28,ark~=21198=r1qn64nz.json
134v KTK sharpie WBUVUVb-MB780IR,AraNF-28,ark~=21198=r1qn64nz.json
135r KTK pseudo MB365UV-MB780IR,AraNF-28,ark~=21198=r1qn64nz.json
135r KTK pseudo WBUVUVb-MB780IR,AraNF-28,ark~=21198=r1qn64nz.json
135r KTK sharpie WBUVUVb-MB780IR,AraNF-28,ark~=21198=r1qn64nz.json
135v KTK pseudo WBUVUVb-MB780IR,AraNF-28,ark~=21198=r1qn64nz.json
135v KTK sharpie WBUVG58-MB780IR,AraNF-28,ark~=21198=r1qn64nz.json
135v KTK sharpie WBUVO22-MB780IR,AraNF-28,ark~=21198=r1qn64nz.json
135v KTK sharpie WBUVUVb-MB780IR,AraNF-28,ark~=21198=r1qn64nz.json
136r KTK pseudo MB365UV-MB780IR,AraNF-28,ark~=21198=r1qn64nz.json
136r KTK pseudo WBUVUVb-MB780IR,AraNF-28,ark~=21198=r1qn64nz.json
136r KTK sharpie WBUVG58-MB780IR,AraNF-28,ark~=21198=r1qn64nz.json
136r KTK sharpie WBUVO22-MB780IR,AraNF-28,ark~=21198=r1qn64nz.json
136r KTK sharpie WBUVUVb-MB780IR,AraNF-28,ark~=21198=r1qn64nz.json
136v KTK pseudo MB365UV-MB780IR,AraNF-28,ark~=21198=r1qn64nz.json
136v KTK pseudo WBUVUVb-MB780IR,AraNF-28,ark~=21198=r1qn64nz.json
136v KTK sharpie MB365UV-MB780IR,AraNF-28,ark~=21198=r1qn64nz.json
136v KTK sharpie WBUVG58-MB780IR,AraNF-28,ark~=21198=r1qn64nz.json
136v KTK sharpie WBUVO22-MB780IR,AraNF-28,ark~=21198=r1qn64nz.json
136v KTK sharpie WBUVUVb-MB780IR,AraNF-28,ark~=21198=r1qn64nz.json
137r KTK pseudo MB365UV-MB780IR,AraNF-28,ark~=21198=r1qn64nz.json
137r KTK pseudo WBUVUVb-MB780IR,AraNF-28,ark~=21198=r1qn64nz.json
137r KTK sharpie WBUVG58-MB780IR,AraNF-28,ark~=21198=r1qn64nz.json
137r KTK sharpie WBUVO22-MB780IR,AraNF-28,ark~=21198=r1qn64nz.json
137r KTK sharpie WBUVUVb-MB780IR,AraNF-28,ark~=21198=r1qn64nz.json
137v KTK pseudo MB365UV-MB780IR,AraNF-28,ark~=21198=r1qn64nz.json
137v KTK pseudo WBUVUVb-MB780IR,AraNF-28,ark~=21198=r1qn64nz.json
137v KTK sharpie MB365UV-MB780IR,AraNF-28,ark~=21198=r1qn64nz.json
137v KTK sharpie WBUVG58-MB780IR,AraNF-28,ark~=21198=r1qn64nz.json
137v KTK sharpie WBUVO22-MB780IR,AraNF-28,ark~=21198=r1qn64nz.json
137v KTK sharpie WBUVUVb-MB780IR,AraNF-28,ark~=21198=r1qn64nz.json
138r KTK pseudo WBUVUVb-MB780IR,AraNF-28,ark~=21198=r1qn64nz.json
138r KTK sharpie WBUVG58-MB780IR,AraNF-28,ark~=21198=r1qn64nz.json
138r KTK sharpie WBUVO22-MB780IR,AraNF-28,ark~=21198=r1qn64nz.json
138r KTK sharpie WBUVUVb-MB780IR,AraNF-28,ark~=21198=r1qn64nz.json
138v KTK pseudo MB365UV-MB780IR,AraNF-28,ark~=21198=r1qn64nz.json
138v KTK pseudo WBUVUVb-MB780IR,AraNF-28,ark~=21198=r1qn64nz.json
138v KTK sharpie MB365UV-MB780IR,AraNF-28,ark~=21198=r1qn64nz.json
138v KTK sharpie WBUVG58-MB780IR,AraNF-28,ark~=21198=r1qn64nz.json
138v KTK sharpie WBUVO22-MB780IR,AraNF-28,ark~=21198=r1qn64nz.json
138v KTK sharpie WBUVUVb-MB780IR,AraNF-28,ark~=21198=r1qn64nz.json
139r KTK pseudo WBUVUVb-MB780IR,AraNF-28,ark~=21198=r1qn64nz.json
139r KTK sharpie WBUVUVb-MB780IR,AraNF-28,ark~=21198=r1qn64nz.json
139v KTK pseudo MB365UV-MB780IR,AraNF-28,ark~=21198=r1qn64nz.json
139v KTK sharpie WBUVUVb-MB780IR,AraNF-28,ark~=21198=r1qn64nz.json
140r KTK pseudo MB365UV-MB780IR,AraNF-28,ark~=21198=r1qn64nz.json
140r KTK pseudo WBUVUVb-MB780IR,AraNF-28,ark~=21198=r1qn64nz.json
140r KTK sharpie WBUVG58-MB780IR,AraNF-28,ark~=21198=r1qn64nz.json
140r KTK sharpie WBUVO22-MB780IR,AraNF-28,ark~=21198=r1qn64nz.json
140r KTK sharpie WBUVUVb-MB780IR,AraNF-28,ark~=21198=r1qn64nz.json
140v KTK pseudo WBUVUVb-MB780IR,AraNF-28,ark~=21198=r1qn64nz.json
140v KTK sharpie WBUVG58-MB780IR,AraNF-28,ark~=21198=r1qn64nz.json
141r KTK pseudo MB365UV-MB780IR,AraNF-28,ark~=21198=r1qn64nz.json
141r KTK pseudo WBUVUVb-MB780IR,AraNF-28,ark~=21198=r1qn64nz.json
141r KTK sharpie WBUVG58-MB780IR,AraNF-28,ark~=21198=r1qn64nz.json
141r KTK sharpie WBUVO22-MB780IR,AraNF-28,ark~=21198=r1qn64nz.json
141r KTK sharpie WBUVUVb-MB780IR,AraNF-28,ark~=21198=r1qn64nz.json
141v KTK pseudo WBUVUVb-MB780IR,AraNF-28,ark~=21198=r1qn64nz.json
141v KTK sharpie WBUVG58-MB780IR,AraNF-28,ark~=21198=r1qn64nz.json
142r KTK pseudo WBUVUVb-MB780IR,AraNF-28,ark~=21198=r1qn64nz.json
142r KTK sharpie WBUVG58-MB780IR,AraNF-28,ark~=21198=r1qn64nz.json
142r KTK sharpie WBUVO22-MB780IR,AraNF-28,ark~=21198=r1qn64nz.json
142r KTK sharpie WBUVUVb-MB780IR,AraNF-28,ark~=21198=r1qn64nz.json
142v KTK pseudo WBUVUVb-MB780IR,AraNF-28,ark~=21198=r1qn64nz.json
142v KTK sharpie WBUVUVb-MB780IR,AraNF-28,ark~=21198=r1qn64nz.json
143r KTK pseudo MB365UV-MB780IR,AraNF-28,ark~=21198=r1qn64nz.json
143r KTK pseudo WBUVUVb-MB780IR,AraNF-28,ark~=21198=r1qn64nz.json
143r KTK sharpie MB365UV-MB780IR,AraNF-28,ark~=21198=r1qn64nz.json
143r KTK sharpie WBUVG58-MB780IR,AraNF-28,ark~=21198=r1qn64nz.json
143r KTK sharpie WBUVO22-MB780IR,AraNF-28,ark~=21198=r1qn64nz.json
143r KTK sharpie WBUVUVb-MB780IR,AraNF-28,ark~=21198=r1qn64nz.json
143v KTK pseudo WBUVUVb-MB780IR,AraNF-28,ark~=21198=r1qn64nz.json
143v KTK sharpie WBUVO22-MB780IR,AraNF-28,ark~=21198=r1qn64nz.json
143v KTK sharpie WBUVUVb-MB780IR,AraNF-28,ark~=21198=r1qn64nz.json
1r KTK pseudo MB365UV-VIS,AraNF-68,ark~=21198=z15m6fqq.json
1r KTK pseudo WBUVUVb-MB780IR,AraNF-68,ark~=21198=z15m6fqq.json
1r KTK sharpie MB365UV-MB780IR,AraNF-68,ark~=21198=z15m6fqq.json
1r KTK sharpie WBUVG58-MB780IR,AraNF-68,ark~=21198=z15m6fqq.json
1v KTK pseudo WBUVO22-VIS,AraNF-68,ark~=21198=z15m6fqq.json
1v KTK pseudo WBUVUVb-MB780IR,AraNF-68,ark~=21198=z15m6fqq.json
1v KTK pseudo WBUVUVb-VIS,AraNF-68,ark~=21198=z15m6fqq.json
1v KTK sharpie MB365UV-MB780IR,AraNF-68,ark~=21198=z15m6fqq.json
1v KTK sharpie WBUVG58-MB780IR,AraNF-68,ark~=21198=z15m6fqq.json
1v KTK sharpie WBUVUVb-MB780IR,AraNF-68,ark~=21198=z15m6fqq.json
100r KTK pseudo WBUVO22-VIS,AraNF-8,ark~=21198=z1kd1z25.json
100r KTK pseudo WBUVUVb-MB780IR,AraNF-8,ark~=21198=z1kd1z25.json
100r KTK sharpie MB365UV-VIS,AraNF-8,ark~=21198=z1kd1z25.json
100r KTK sharpie WBUVB47-VIS,AraNF-8,ark~=21198=z1kd1z25.json
100r KTK sharpie WBUVG58-MB780IR,AraNF-8,ark~=21198=z1kd1z25.json
100r KTK sharpie WBUVG58-VIS,AraNF-8,ark~=21198=z1kd1z25.json
100r KTK sharpie WBUVO22-MB780IR,AraNF-8,ark~=21198=z1kd1z25.json
100r KTK sharpie WBUVUVb-MB780IR,AraNF-8,ark~=21198=z1kd1z25.json
100v KTK pseudo MB365UV-MB780IR,AraNF-8,ark~=21198=z1kd1z25.json
100v KTK pseudo WBUVO22-VIS,AraNF-8,ark~=21198=z1kd1z25.json
100v KTK pseudo WBUVUVb-MB780IR,AraNF-8,ark~=21198=z1kd1z25.json
100v KTK pseudo WBUVUVb-VIS,AraNF-8,ark~=21198=z1kd1z25.json
100v KTK pseudo WBUVUVP-VIS,AraNF-8,ark~=21198=z1kd1z25.json
100v KTK sharpie avgUV-VIS,AraNF-8,ark~=21198=z1kd1z25.json
100v KTK sharpie MB365UV-VIS,AraNF-8,ark~=21198=z1kd1z25.json
100v KTK sharpie WBUVB47-VIS,AraNF-8,ark~=21198=z1kd1z25.json
100v KTK sharpie WBUVG58-MB780IR,AraNF-8,ark~=21198=z1kd1z25.json
100v KTK sharpie WBUVG58-VIS,AraNF-8,ark~=21198=z1kd1z25.json
100v KTK sharpie WBUVO22-MB780IR,AraNF-8,ark~=21198=z1kd1z25.json
100v KTK sharpie WBUVUVb-MB780IR,AraNF-8,ark~=21198=z1kd1z25.json
101r KTK pseudo MB365UV-MB780IR,AraNF-8,ark~=21198=z1kd1z25.json
101r KTK pseudo MB365UV-VIS,AraNF-8,ark~=21198=z1kd1z25.json
101r KTK pseudo WBUVO22-VIS,AraNF-8,ark~=21198=z1kd1z25.json
101r KTK pseudo WBUVUVb-MB780IR,AraNF-8,ark~=21198=z1kd1z25.json
101r KTK pseudo WBUVUVb-VIS,AraNF-8,ark~=21198=z1kd1z25.json
101r KTK pseudo WBUVUVP-VIS,AraNF-8,ark~=21198=z1kd1z25.json
101r KTK sharpie avgUV-VIS,AraNF-8,ark~=21198=z1kd1z25.json
101r KTK sharpie WBUVB47-VIS,AraNF-8,ark~=21198=z1kd1z25.json
101r KTK sharpie WBUVG58-MB780IR,AraNF-8,ark~=21198=z1kd1z25.json
101r KTK sharpie WBUVG58-VIS,AraNF-8,ark~=21198=z1kd1z25.json
101r KTK sharpie WBUVO22-MB780IR,AraNF-8,ark~=21198=z1kd1z25.json
101r KTK sharpie WBUVUVb-MB780IR,AraNF-8,ark~=21198=z1kd1z25.json
101r KTK sharpie WBUVUVb-VIS,AraNF-8,ark~=21198=z1kd1z25.json
101v KTK pseudo MB365UV-MB780IR,AraNF-8,ark~=21198=z1kd1z25.json
101v KTK pseudo WBUVUVb-MB780IR,AraNF-8,ark~=21198=z1kd1z25.json
101v KTK pseudo WBUVUVb-VIS,AraNF-8,ark~=21198=z1kd1z25.json
101v KTK pseudo WBUVUVP-VIS,AraNF-8,ark~=21198=z1kd1z25.json
101v KTK sharpie MB365UV-MB780IR,AraNF-8,ark~=21198=z1kd1z25.json
101v KTK sharpie MB365UV-VIS,AraNF-8,ark~=21198=z1kd1z25.json
101v KTK sharpie WBUVG58-MB780IR,AraNF-8,ark~=21198=z1kd1z25.json
101v KTK sharpie WBUVO22-MB780IR,AraNF-8,ark~=21198=z1kd1z25.json
101v KTK sharpie WBUVO22-VIS,AraNF-8,ark~=21198=z1kd1z25.json
101v KTK sharpie WBUVUVb-MB780IR,AraNF-8,ark~=21198=z1kd1z25.json
101v KTK sharpie WBUVUVb-VIS,AraNF-8,ark~=21198=z1kd1z25.json
102r KTK pseudo MB365UV-VIS,AraNF-8,ark~=21198=z1kd1z25.json
102r KTK pseudo WBUVUVb-VIS,AraNF-8,ark~=21198=z1kd1z25.json
102r KTK pseudo WBUVUVP-VIS,AraNF-8,ark~=21198=z1kd1z25.json
102r KTK sharpie MB365UV-MB780IR,AraNF-8,ark~=21198=z1kd1z25.json
102r KTK sharpie WBUVB47-VIS,AraNF-8,ark~=21198=z1kd1z25.json
102r KTK sharpie WBUVG58-MB780IR,AraNF-8,ark~=21198=z1kd1z25.json
102r KTK sharpie WBUVO22-MB780IR,AraNF-8,ark~=21198=z1kd1z25.json
102r KTK sharpie WBUVO22-VIS,AraNF-8,ark~=21198=z1kd1z25.json
102v KTK pseudo MB365UV-MB780IR,AraNF-8,ark~=21198=z1kd1z25.json
102v KTK pseudo WBUVO22-VIS,AraNF-8,ark~=21198=z1kd1z25.json
102v KTK pseudo WBUVUVb-MB780IR,AraNF-8,ark~=21198=z1kd1z25.json
102v KTK pseudo WBUVUVb-VIS,AraNF-8,ark~=21198=z1kd1z25.json
102v KTK sharpie avgUV-VIS,AraNF-8,ark~=21198=z1kd1z25.json
102v KTK sharpie MB365UV-MB780IR,AraNF-8,ark~=21198=z1kd1z25.json
102v KTK sharpie MB365UV-VIS,AraNF-8,ark~=21198=z1kd1z25.json
102v KTK sharpie WBUVB47-VIS,AraNF-8,ark~=21198=z1kd1z25.json
102v KTK sharpie WBUVG58-MB780IR,AraNF-8,ark~=21198=z1kd1z25.json
102v KTK sharpie WBUVO22-MB780IR,AraNF-8,ark~=21198=z1kd1z25.json
102v KTK sharpie WBUVUVb-MB780IR,AraNF-8,ark~=21198=z1kd1z25.json
103r KTK pseudo MB365UV-MB780IR,AraNF-8,ark~=21198=z1kd1z25.json
103r KTK pseudo MB365UV-VIS,AraNF-8,ark~=21198=z1kd1z25.json
103r KTK pseudo WBUVUVb-MB780IR,AraNF-8,ark~=21198=z1kd1z25.json
103r KTK pseudo WBUVUVb-VIS,AraNF-8,ark~=21198=z1kd1z25.json
103r KTK pseudo WBUVUVP-VIS,AraNF-8,ark~=21198=z1kd1z25.json
103r KTK sharpie avgUV-VIS,AraNF-8,ark~=21198=z1kd1z25.json
103r KTK sharpie MB365UV-MB780IR,AraNF-8,ark~=21198=z1kd1z25.json
103r KTK sharpie WBUVB47-VIS,AraNF-8,ark~=21198=z1kd1z25.json
103r KTK sharpie WBUVG58-MB780IR,AraNF-8,ark~=21198=z1kd1z25.json
103r KTK sharpie WBUVG58-VIS,AraNF-8,ark~=21198=z1kd1z25.json
103r KTK sharpie WBUVO22-MB780IR,AraNF-8,ark~=21198=z1kd1z25.json
103r KTK sharpie WBUVUVb-MB780IR,AraNF-8,ark~=21198=z1kd1z25.json
103r KTK sharpie WBUVUVb-VIS,AraNF-8,ark~=21198=z1kd1z25.json
103v KTK pseudo MB365UV-MB780IR,AraNF-8,ark~=21198=z1kd1z25.json
103v KTK pseudo MB365UV-VIS,AraNF-8,ark~=21198=z1kd1z25.json
103v KTK pseudo WBUVUVb-MB780IR,AraNF-8,ark~=21198=z1kd1z25.json
103v KTK pseudo WBUVUVP-VIS,AraNF-8,ark~=21198=z1kd1z25.json
103v KTK sharpie MB365UV-MB780IR,AraNF-8,ark~=21198=z1kd1z25.json
103v KTK sharpie WBUVB47-VIS,AraNF-8,ark~=21198=z1kd1z25.json
103v KTK sharpie WBUVG58-MB780IR,AraNF-8,ark~=21198=z1kd1z25.json
103v KTK sharpie WBUVO22-MB780IR,AraNF-8,ark~=21198=z1kd1z25.json
103v KTK sharpie WBUVUVb-MB780IR,AraNF-8,ark~=21198=z1kd1z25.json
103v KTK sharpie WBUVUVb-VIS,AraNF-8,ark~=21198=z1kd1z25.json
104r KTK pseudo MB365UV-MB780IR,AraNF-8,ark~=21198=z1kd1z25.json
104r KTK pseudo WBUVO22-VIS,AraNF-8,ark~=21198=z1kd1z25.json
104r KTK pseudo WBUVUVb-MB780IR,AraNF-8,ark~=21198=z1kd1z25.json
104r KTK pseudo WBUVUVb-VIS,AraNF-8,ark~=21198=z1kd1z25.json
104r KTK sharpie MB365UV-MB780IR,AraNF-8,ark~=21198=z1kd1z25.json
104r KTK sharpie WBUVB47-VIS,AraNF-8,ark~=21198=z1kd1z25.json
104r KTK sharpie WBUVG58-MB780IR,AraNF-8,ark~=21198=z1kd1z25.json
104r KTK sharpie WBUVO22-MB780IR,AraNF-8,ark~=21198=z1kd1z25.json
104r KTK sharpie WBUVUVb-MB780IR,AraNF-8,ark~=21198=z1kd1z25.json
104r KTK sharpie WBUVUVb-VIS,AraNF-8,ark~=21198=z1kd1z25.json
104v KTK pseudo MB365UV-MB780IR,AraNF-8,ark~=21198=z1kd1z25.json
104v KTK pseudo MB365UV-VIS,AraNF-8,ark~=21198=z1kd1z25.json
104v KTK pseudo WBUVO22-VIS,AraNF-8,ark~=21198=z1kd1z25.json
104v KTK pseudo WBUVUVb-MB780IR,AraNF-8,ark~=21198=z1kd1z25.json
104v KTK pseudo WBUVUVb-VIS,AraNF-8,ark~=21198=z1kd1z25.json
104v KTK pseudo WBUVUVP-VIS,AraNF-8,ark~=21198=z1kd1z25.json
104v KTK sharpie MB365UV-MB780IR,AraNF-8,ark~=21198=z1kd1z25.json
104v KTK sharpie MB365UV-VIS,AraNF-8,ark~=21198=z1kd1z25.json
104v KTK sharpie WBUVB47-VIS,AraNF-8,ark~=21198=z1kd1z25.json
104v KTK sharpie WBUVG58-MB780IR,AraNF-8,ark~=21198=z1kd1z25.json
104v KTK sharpie WBUVO22-MB780IR,AraNF-8,ark~=21198=z1kd1z25.json
104v KTK sharpie WBUVO22-VIS,AraNF-8,ark~=21198=z1kd1z25.json
104v KTK sharpie WBUVUVb-MB780IR,AraNF-8,ark~=21198=z1kd1z25.json
105r KTK pseudo MB365UV-MB780IR,AraNF-8,ark~=21198=z1kd1z25.json
105r KTK pseudo WBUVUVb-MB780IR,AraNF-8,ark~=21198=z1kd1z25.json
105r KTK sharpie MB365UV-MB780IR,AraNF-8,ark~=21198=z1kd1z25.json
105r KTK sharpie WBUVB47-VIS,AraNF-8,ark~=21198=z1kd1z25.json
105r KTK sharpie WBUVG58-MB780IR,AraNF-8,ark~=21198=z1kd1z25.json
105r KTK sharpie WBUVO22-MB780IR,AraNF-8,ark~=21198=z1kd1z25.json
105r KTK sharpie WBUVO22-VIS,AraNF-8,ark~=21198=z1kd1z25.json
105r KTK sharpie WBUVUVb-MB780IR,AraNF-8,ark~=21198=z1kd1z25.json
105v KTK pseudo MB365UV-MB780IR,AraNF-8,ark~=21198=z1kd1z25.json
105v KTK pseudo MB365UV-VIS,AraNF-8,ark~=21198=z1kd1z25.json
105v KTK pseudo WBUVO22-VIS,AraNF-8,ark~=21198=z1kd1z25.json
105v KTK pseudo WBUVUVb-MB780IR,AraNF-8,ark~=21198=z1kd1z25.json
105v KTK pseudo WBUVUVb-VIS,AraNF-8,ark~=21198=z1kd1z25.json
105v KTK pseudo WBUVUVP-VIS,AraNF-8,ark~=21198=z1kd1z25.json
105v KTK sharpie MB365UV-MB780IR,AraNF-8,ark~=21198=z1kd1z25.json
105v KTK sharpie WBUVB47-VIS,AraNF-8,ark~=21198=z1kd1z25.json
105v KTK sharpie WBUVG58-MB780IR,AraNF-8,ark~=21198=z1kd1z25.json
105v KTK sharpie WBUVG58-VIS,AraNF-8,ark~=21198=z1kd1z25.json
105v KTK sharpie WBUVO22-VIS,AraNF-8,ark~=21198=z1kd1z25.json
106r KTK pseudo MB365UV-MB780IR,AraNF-8,ark~=21198=z1kd1z25.json
106r KTK pseudo MB365UV-VIS,AraNF-8,ark~=21198=z1kd1z25.json
106r KTK pseudo WBUVO22-VIS,AraNF-8,ark~=21198=z1kd1z25.json
106r KTK pseudo WBUVUVb-MB780IR,AraNF-8,ark~=21198=z1kd1z25.json
106r KTK pseudo WBUVUVb-VIS,AraNF-8,ark~=21198=z1kd1z25.json
106r KTK pseudo WBUVUVP-VIS,AraNF-8,ark~=21198=z1kd1z25.json
106r KTK sharpie avgUV-VIS,AraNF-8,ark~=21198=z1kd1z25.json
106r KTK sharpie MB365UV-MB780IR,AraNF-8,ark~=21198=z1kd1z25.json
106r KTK sharpie MB365UV-VIS,AraNF-8,ark~=21198=z1kd1z25.json
106r KTK sharpie WBUVB47-VIS,AraNF-8,ark~=21198=z1kd1z25.json
106r KTK sharpie WBUVG58-MB780IR,AraNF-8,ark~=21198=z1kd1z25.json
106r KTK sharpie WBUVO22-MB780IR,AraNF-8,ark~=21198=z1kd1z25.json
106r KTK sharpie WBUVO22-VIS,AraNF-8,ark~=21198=z1kd1z25.json
106r KTK sharpie WBUVUVb-MB780IR,AraNF-8,ark~=21198=z1kd1z25.json
106r KTK sharpie WBUVUVb-VIS,AraNF-8,ark~=21198=z1kd1z25.json
106v KTK pseudo MB365UV-VIS,AraNF-8,ark~=21198=z1kd1z25.json
106v KTK pseudo WBUVO22-VIS,AraNF-8,ark~=21198=z1kd1z25.json
106v KTK pseudo WBUVUVb-MB780IR,AraNF-8,ark~=21198=z1kd1z25.json
106v KTK pseudo WBUVUVP-VIS,AraNF-8,ark~=21198=z1kd1z25.json
106v KTK sharpie avgUV-VIS,AraNF-8,ark~=21198=z1kd1z25.json
106v KTK sharpie WBUVB47-VIS,AraNF-8,ark~=21198=z1kd1z25.json
106v KTK sharpie WBUVG58-VIS,AraNF-8,ark~=21198=z1kd1z25.json
106v KTK sharpie WBUVO22-MB780IR,AraNF-8,ark~=21198=z1kd1z25.json
106v KTK sharpie WBUVUVb-MB780IR,AraNF-8,ark~=21198=z1kd1z25.json
106v KTK sharpie WBUVUVb-VIS,AraNF-8,ark~=21198=z1kd1z25.json
107r KTK pseudo MB365UV-MB780IR,AraNF-8,ark~=21198=z1kd1z25.json
107r KTK pseudo MB365UV-VIS,AraNF-8,ark~=21198=z1kd1z25.json
107r KTK pseudo WBUVO22-VIS,AraNF-8,ark~=21198=z1kd1z25.json
107r KTK pseudo WBUVUVb-MB780IR,AraNF-8,ark~=21198=z1kd1z25.json
107r KTK pseudo WBUVUVb-VIS,AraNF-8,ark~=21198=z1kd1z25.json
107r KTK pseudo WBUVUVP-VIS,AraNF-8,ark~=21198=z1kd1z25.json
107r KTK sharpie MB365UV-MB780IR,AraNF-8,ark~=21198=z1kd1z25.json
107r KTK sharpie WBUVB47-VIS,AraNF-8,ark~=21198=z1kd1z25.json
107r KTK sharpie WBUVG58-MB780IR,AraNF-8,ark~=21198=z1kd1z25.json
107r KTK sharpie WBUVG58-VIS,AraNF-8,ark~=21198=z1kd1z25.json
107r KTK sharpie WBUVO22-MB780IR,AraNF-8,ark~=21198=z1kd1z25.json
107r KTK sharpie WBUVO22-VIS,AraNF-8,ark~=21198=z1kd1z25.json
107r KTK sharpie WBUVUVb-MB780IR,AraNF-8,ark~=21198=z1kd1z25.json
107v KTK pseudo MB365UV-MB780IR,AraNF-8,ark~=21198=z1kd1z25.json
107v KTK pseudo WBUVUVb-MB780IR,AraNF-8,ark~=21198=z1kd1z25.json
107v KTK pseudo WBUVUVb-VIS,AraNF-8,ark~=21198=z1kd1z25.json
107v KTK sharpie avgUV-VIS,AraNF-8,ark~=21198=z1kd1z25.json
107v KTK sharpie MB365UV-MB780IR,AraNF-8,ark~=21198=z1kd1z25.json
107v KTK sharpie MB365UV-VIS,AraNF-8,ark~=21198=z1kd1z25.json
107v KTK sharpie WBUVB47-VIS,AraNF-8,ark~=21198=z1kd1z25.json
107v KTK sharpie WBUVG58-MB780IR,AraNF-8,ark~=21198=z1kd1z25.json
107v KTK sharpie WBUVO22-MB780IR,AraNF-8,ark~=21198=z1kd1z25.json
107v KTK sharpie WBUVO22-VIS,AraNF-8,ark~=21198=z1kd1z25.json
107v KTK sharpie WBUVUVb-MB780IR,AraNF-8,ark~=21198=z1kd1z25.json
107v KTK sharpie WBUVUVb-VIS,AraNF-8,ark~=21198=z1kd1z25.json
108r KTK pseudo MB365UV-MB780IR,AraNF-8,ark~=21198=z1kd1z25.json
108r KTK pseudo MB365UV-VIS,AraNF-8,ark~=21198=z1kd1z25.json
108r KTK pseudo WBUVUVb-MB780IR,AraNF-8,ark~=21198=z1kd1z25.json
108r KTK pseudo WBUVUVb-VIS,AraNF-8,ark~=21198=z1kd1z25.json
108r KTK sharpie avgUV-VIS,AraNF-8,ark~=21198=z1kd1z25.json
108r KTK sharpie MB365UV-MB780IR,AraNF-8,ark~=21198=z1kd1z25.json
108r KTK sharpie WBUVB47-VIS,AraNF-8,ark~=21198=z1kd1z25.json
108r KTK sharpie WBUVG58-MB780IR,AraNF-8,ark~=21198=z1kd1z25.json
108r KTK sharpie WBUVG58-VIS,AraNF-8,ark~=21198=z1kd1z25.json
108r KTK sharpie WBUVO22-MB780IR,AraNF-8,ark~=21198=z1kd1z25.json
108r KTK sharpie WBUVO22-VIS,AraNF-8,ark~=21198=z1kd1z25.json
108r KTK sharpie WBUVUVb-MB780IR,AraNF-8,ark~=21198=z1kd1z25.json
108r KTK sharpie WBUVUVb-VIS,AraNF-8,ark~=21198=z1kd1z25.json
108v KTK pseudo MB365UV-MB780IR,AraNF-8,ark~=21198=z1kd1z25.json
108v KTK pseudo WBUVO22-VIS,AraNF-8,ark~=21198=z1kd1z25.json
108v KTK pseudo WBUVUVb-MB780IR,AraNF-8,ark~=21198=z1kd1z25.json
108v KTK pseudo WBUVUVb-VIS,AraNF-8,ark~=21198=z1kd1z25.json
108v KTK sharpie MB365UV-MB780IR,AraNF-8,ark~=21198=z1kd1z25.json
108v KTK sharpie WBUVB47-VIS,AraNF-8,ark~=21198=z1kd1z25.json
108v KTK sharpie WBUVG58-MB780IR,AraNF-8,ark~=21198=z1kd1z25.json
108v KTK sharpie WBUVG58-VIS,AraNF-8,ark~=21198=z1kd1z25.json
108v KTK sharpie WBUVO22-MB780IR,AraNF-8,ark~=21198=z1kd1z25.json
108v KTK sharpie WBUVUVb-MB780IR,AraNF-8,ark~=21198=z1kd1z25.json
108v KTK sharpie WBUVUVb-VIS,AraNF-8,ark~=21198=z1kd1z25.json
109r KTK pseudo MB365UV-MB780IR,AraNF-8,ark~=21198=z1kd1z25.json
109r KTK pseudo MB365UV-VIS,AraNF-8,ark~=21198=z1kd1z25.json
109r KTK pseudo WBUVUVb-MB780IR,AraNF-8,ark~=21198=z1kd1z25.json
109r KTK pseudo WBUVUVb-VIS,AraNF-8,ark~=21198=z1kd1z25.json
109r KTK pseudo WBUVUVP-VIS,AraNF-8,ark~=21198=z1kd1z25.json
109r KTK sharpie avgUV-VIS,AraNF-8,ark~=21198=z1kd1z25.json
109r KTK sharpie WBUVB47-VIS,AraNF-8,ark~=21198=z1kd1z25.json
109r KTK sharpie WBUVG58-MB780IR,AraNF-8,ark~=21198=z1kd1z25.json
109r KTK sharpie WBUVG58-VIS,AraNF-8,ark~=21198=z1kd1z25.json
109r KTK sharpie WBUVO22-MB780IR,AraNF-8,ark~=21198=z1kd1z25.json
109r KTK sharpie WBUVUVb-MB780IR,AraNF-8,ark~=21198=z1kd1z25.json
109v KTK pseudo MB365UV-MB780IR,AraNF-8,ark~=21198=z1kd1z25.json
109v KTK pseudo MB365UV-VIS,AraNF-8,ark~=21198=z1kd1z25.json
109v KTK pseudo WBUVUVb-MB780IR,AraNF-8,ark~=21198=z1kd1z25.json
109v KTK pseudo WBUVUVb-VIS,AraNF-8,ark~=21198=z1kd1z25.json
109v KTK pseudo WBUVUVP-VIS,AraNF-8,ark~=21198=z1kd1z25.json
109v KTK sharpie avgUV-VIS,AraNF-8,ark~=21198=z1kd1z25.json
109v KTK sharpie WBUVB47-VIS,AraNF-8,ark~=21198=z1kd1z25.json
109v KTK sharpie WBUVG58-MB780IR,AraNF-8,ark~=21198=z1kd1z25.json
109v KTK sharpie WBUVO22-MB780IR,AraNF-8,ark~=21198=z1kd1z25.json
109v KTK sharpie WBUVUVb-MB780IR,AraNF-8,ark~=21198=z1kd1z25.json
10r KTK pseudo MB365UV-MB780IR,AraNF-8,ark~=21198=z1kd1z25.json
10r KTK pseudo MB365UV-VIS,AraNF-8,ark~=21198=z1kd1z25.json
10r KTK pseudo WBUVUVb-MB780IR,AraNF-8,ark~=21198=z1kd1z25.json
10r KTK pseudo WBUVUVP-VIS,AraNF-8,ark~=21198=z1kd1z25.json
10r KTK sharpie avgUV-VIS,AraNF-8,ark~=21198=z1kd1z25.json
10r KTK sharpie MB365UV-MB780IR,AraNF-8,ark~=21198=z1kd1z25.json
10r KTK sharpie MB365UV-VIS,AraNF-8,ark~=21198=z1kd1z25.json
10r KTK sharpie WBUVB47-VIS,AraNF-8,ark~=21198=z1kd1z25.json
10r KTK sharpie WBUVG58-MB780IR,AraNF-8,ark~=21198=z1kd1z25.json
10r KTK sharpie WBUVO22-MB780IR,AraNF-8,ark~=21198=z1kd1z25.json
10r KTK sharpie WBUVUVb-MB780IR,AraNF-8,ark~=21198=z1kd1z25.json
10v KTK pseudo MB365UV-MB780IR,AraNF-8,ark~=21198=z1kd1z25.json
10v KTK pseudo MB365UV-VIS,AraNF-8,ark~=21198=z1kd1z25.json
10v KTK pseudo WBUVO22-VIS,AraNF-8,ark~=21198=z1kd1z25.json
10v KTK pseudo WBUVUVb-MB780IR,AraNF-8,ark~=21198=z1kd1z25.json
10v KTK pseudo WBUVUVb-VIS,AraNF-8,ark~=21198=z1kd1z25.json
10v KTK pseudo WBUVUVP-VIS,AraNF-8,ark~=21198=z1kd1z25.json
10v KTK sharpie MB365UV-MB780IR,AraNF-8,ark~=21198=z1kd1z25.json
10v KTK sharpie WBUVG58-MB780IR,AraNF-8,ark~=21198=z1kd1z25.json
10v KTK sharpie WBUVO22-MB780IR,AraNF-8,ark~=21198=z1kd1z25.json
10v KTK sharpie WBUVUVb-MB780IR,AraNF-8,ark~=21198=z1kd1z25.json
110r KTK pseudo MB365UV-MB780IR,AraNF-8,ark~=21198=z1kd1z25.json
110r KTK pseudo MB365UV-VIS,AraNF-8,ark~=21198=z1kd1z25.json
110r KTK pseudo WBUVO22-VIS,AraNF-8,ark~=21198=z1kd1z25.json
110r KTK pseudo WBUVUVb-MB780IR,AraNF-8,ark~=21198=z1kd1z25.json
110r KTK pseudo WBUVUVP-VIS,AraNF-8,ark~=21198=z1kd1z25.json
110r KTK sharpie avgUV-VIS,AraNF-8,ark~=21198=z1kd1z25.json
110r KTK sharpie MB365UV-MB780IR,AraNF-8,ark~=21198=z1kd1z25.json
110r KTK sharpie WBUVB47-VIS,AraNF-8,ark~=21198=z1kd1z25.json
110r KTK sharpie WBUVG58-MB780IR,AraNF-8,ark~=21198=z1kd1z25.json
110r KTK sharpie WBUVG58-VIS,AraNF-8,ark~=21198=z1kd1z25.json
110r KTK sharpie WBUVUVb-MB780IR,AraNF-8,ark~=21198=z1kd1z25.json
110r KTK sharpie WBUVUVP-VIS,AraNF-8,ark~=21198=z1kd1z25.json
110v KTK pseudo MB365UV-MB780IR,AraNF-8,ark~=21198=z1kd1z25.json
110v KTK pseudo MB365UV-VIS,AraNF-8,ark~=21198=z1kd1z25.json
110v KTK pseudo WBUVO22-VIS,AraNF-8,ark~=21198=z1kd1z25.json
110v KTK pseudo WBUVUVb-MB780IR,AraNF-8,ark~=21198=z1kd1z25.json
110v KTK pseudo WBUVUVb-VIS,AraNF-8,ark~=21198=z1kd1z25.json
110v KTK pseudo WBUVUVP-VIS,AraNF-8,ark~=21198=z1kd1z25.json
110v KTK sharpie WBUVB47-VIS,AraNF-8,ark~=21198=z1kd1z25.json
110v KTK sharpie WBUVG58-MB780IR,AraNF-8,ark~=21198=z1kd1z25.json
110v KTK sharpie WBUVG58-VIS,AraNF-8,ark~=21198=z1kd1z25.json
110v KTK sharpie WBUVO22-MB780IR,AraNF-8,ark~=21198=z1kd1z25.json
110v KTK sharpie WBUVUVb-MB780IR,AraNF-8,ark~=21198=z1kd1z25.json
110v KTK sharpie WBUVUVb-VIS,AraNF-8,ark~=21198=z1kd1z25.json
111r KTK pseudo MB365UV-MB780IR,AraNF-8,ark~=21198=z1kd1z25.json
111r KTK pseudo WBUVUVb-MB780IR,AraNF-8,ark~=21198=z1kd1z25.json
111r KTK sharpie avgUV-VIS,AraNF-8,ark~=21198=z1kd1z25.json
111r KTK sharpie MB365UV-MB780IR,AraNF-8,ark~=21198=z1kd1z25.json
111r KTK sharpie WBUVB47-VIS,AraNF-8,ark~=21198=z1kd1z25.json
111r KTK sharpie WBUVO22-MB780IR,AraNF-8,ark~=21198=z1kd1z25.json
111r KTK sharpie WBUVO22-VIS,AraNF-8,ark~=21198=z1kd1z25.json
111r KTK sharpie WBUVUVb-MB780IR,AraNF-8,ark~=21198=z1kd1z25.json
111r KTK sharpie WBUVUVb-VIS,AraNF-8,ark~=21198=z1kd1z25.json
111v KTK pseudo MB365UV-MB780IR,AraNF-8,ark~=21198=z1kd1z25.json
111v KTK pseudo WBUVUVb-MB780IR,AraNF-8,ark~=21198=z1kd1z25.json
111v KTK pseudo WBUVUVb-VIS,AraNF-8,ark~=21198=z1kd1z25.json
111v KTK pseudo WBUVUVP-VIS,AraNF-8,ark~=21198=z1kd1z25.json
111v KTK sharpie MB365UV-MB780IR,AraNF-8,ark~=21198=z1kd1z25.json
111v KTK sharpie WBUVB47-VIS,AraNF-8,ark~=21198=z1kd1z25.json
111v KTK sharpie WBUVG58-MB780IR,AraNF-8,ark~=21198=z1kd1z25.json
111v KTK sharpie WBUVG58-VIS,AraNF-8,ark~=21198=z1kd1z25.json
111v KTK sharpie WBUVO22-MB780IR,AraNF-8,ark~=21198=z1kd1z25.json
111v KTK sharpie WBUVUVb-MB780IR,AraNF-8,ark~=21198=z1kd1z25.json
111v KTK sharpie WBUVUVP-VIS,AraNF-8,ark~=21198=z1kd1z25.json
112r KTK pseudo MB365UV-MB780IR,AraNF-8,ark~=21198=z1kd1z25.json
112r KTK pseudo MB365UV-VIS,AraNF-8,ark~=21198=z1kd1z25.json
112r KTK pseudo WBUVUVb-MB780IR,AraNF-8,ark~=21198=z1kd1z25.json
112r KTK pseudo WBUVUVb-VIS,AraNF-8,ark~=21198=z1kd1z25.json
112r KTK pseudo WBUVUVP-VIS,AraNF-8,ark~=21198=z1kd1z25.json
112r KTK sharpie avgUV-VIS,AraNF-8,ark~=21198=z1kd1z25.json
112r KTK sharpie MB365UV-MB780IR,AraNF-8,ark~=21198=z1kd1z25.json
112r KTK sharpie WBUVB47-VIS,AraNF-8,ark~=21198=z1kd1z25.json
112r KTK sharpie WBUVG58-MB780IR,AraNF-8,ark~=21198=z1kd1z25.json
112r KTK sharpie WBUVG58-VIS,AraNF-8,ark~=21198=z1kd1z25.json
112r KTK sharpie WBUVO22-MB780IR,AraNF-8,ark~=21198=z1kd1z25.json
112r KTK sharpie WBUVUVb-MB780IR,AraNF-8,ark~=21198=z1kd1z25.json
112v KTK pseudo MB365UV-MB780IR,AraNF-8,ark~=21198=z1kd1z25.json
112v KTK pseudo WBUVO22-VIS,AraNF-8,ark~=21198=z1kd1z25.json
112v KTK pseudo WBUVUVb-MB780IR,AraNF-8,ark~=21198=z1kd1z25.json
112v KTK pseudo WBUVUVb-VIS,AraNF-8,ark~=21198=z1kd1z25.json
112v KTK pseudo WBUVUVP-VIS,AraNF-8,ark~=21198=z1kd1z25.json
112v KTK sharpie avgUV-VIS,AraNF-8,ark~=21198=z1kd1z25.json
112v KTK sharpie MB365UV-MB780IR,AraNF-8,ark~=21198=z1kd1z25.json
112v KTK sharpie MB365UV-VIS,AraNF-8,ark~=21198=z1kd1z25.json
112v KTK sharpie WBUVB47-VIS,AraNF-8,ark~=21198=z1kd1z25.json
112v KTK sharpie WBUVG58-MB780IR,AraNF-8,ark~=21198=z1kd1z25.json
112v KTK sharpie WBUVG58-VIS,AraNF-8,ark~=21198=z1kd1z25.json
112v KTK sharpie WBUVO22-MB780IR,AraNF-8,ark~=21198=z1kd1z25.json
112v KTK sharpie WBUVUVb-MB780IR,AraNF-8,ark~=21198=z1kd1z25.json
113r KTK pseudo MB365UV-MB780IR,AraNF-8,ark~=21198=z1kd1z25.json
113r KTK pseudo MB365UV-VIS,AraNF-8,ark~=21198=z1kd1z25.json
113r KTK pseudo WBUVO22-VIS,AraNF-8,ark~=21198=z1kd1z25.json
113r KTK pseudo WBUVUVb-MB780IR,AraNF-8,ark~=21198=z1kd1z25.json
113r KTK pseudo WBUVUVb-VIS,AraNF-8,ark~=21198=z1kd1z25.json
113r KTK pseudo WBUVUVP-VIS,AraNF-8,ark~=21198=z1kd1z25.json
113r KTK sharpie MB365UV-MB780IR,AraNF-8,ark~=21198=z1kd1z25.json
113r KTK sharpie MB365UV-VIS,AraNF-8,ark~=21198=z1kd1z25.json
113r KTK sharpie WBUVG58-MB780IR,AraNF-8,ark~=21198=z1kd1z25.json
113r KTK sharpie WBUVO22-MB780IR,AraNF-8,ark~=21198=z1kd1z25.json
113r KTK sharpie WBUVUVb-MB780IR,AraNF-8,ark~=21198=z1kd1z25.json
113v KTK pseudo MB365UV-MB780IR,AraNF-8,ark~=21198=z1kd1z25.json
113v KTK pseudo WBUVO22-VIS,AraNF-8,ark~=21198=z1kd1z25.json
113v KTK pseudo WBUVUVb-MB780IR,AraNF-8,ark~=21198=z1kd1z25.json
113v KTK pseudo WBUVUVb-VIS,AraNF-8,ark~=21198=z1kd1z25.json
113v KTK sharpie MB365UV-MB780IR,AraNF-8,ark~=21198=z1kd1z25.json
113v KTK sharpie WBUVB47-VIS,AraNF-8,ark~=21198=z1kd1z25.json
113v KTK sharpie WBUVG58-MB780IR,AraNF-8,ark~=21198=z1kd1z25.json
113v KTK sharpie WBUVG58-VIS,AraNF-8,ark~=21198=z1kd1z25.json
113v KTK sharpie WBUVO22-MB780IR,AraNF-8,ark~=21198=z1kd1z25.json
113v KTK sharpie WBUVO22-VIS,AraNF-8,ark~=21198=z1kd1z25.json
113v KTK sharpie WBUVUVb-MB780IR,AraNF-8,ark~=21198=z1kd1z25.json
114r KTK pseudo MB365UV-MB780IR,AraNF-8,ark~=21198=z1kd1z25.json
114r KTK pseudo MB365UV-VIS,AraNF-8,ark~=21198=z1kd1z25.json
114r KTK pseudo WBUVO22-VIS,AraNF-8,ark~=21198=z1kd1z25.json
114r KTK pseudo WBUVUVb-MB780IR,AraNF-8,ark~=21198=z1kd1z25.json
114r KTK pseudo WBUVUVb-VIS,AraNF-8,ark~=21198=z1kd1z25.json
114r KTK pseudo WBUVUVP-VIS,AraNF-8,ark~=21198=z1kd1z25.json
114r KTK sharpie avgUV-VIS,AraNF-8,ark~=21198=z1kd1z25.json
114r KTK sharpie MB365UV-MB780IR,AraNF-8,ark~=21198=z1kd1z25.json
114r KTK sharpie MB365UV-VIS,AraNF-8,ark~=21198=z1kd1z25.json
114r KTK sharpie WBUVB47-VIS,AraNF-8,ark~=21198=z1kd1z25.json
114r KTK sharpie WBUVG58-MB780IR,AraNF-8,ark~=21198=z1kd1z25.json
114r KTK sharpie WBUVG58-VIS,AraNF-8,ark~=21198=z1kd1z25.json
114r KTK sharpie WBUVO22-MB780IR,AraNF-8,ark~=21198=z1kd1z25.json
114r KTK sharpie WBUVO22-VIS,AraNF-8,ark~=21198=z1kd1z25.json
114r KTK sharpie WBUVUVb-MB780IR,AraNF-8,ark~=21198=z1kd1z25.json
114r KTK sharpie WBUVUVb-VIS,AraNF-8,ark~=21198=z1kd1z25.json
114v KTK pseudo MB365UV-MB780IR,AraNF-8,ark~=21198=z1kd1z25.json
114v KTK pseudo MB365UV-VIS,AraNF-8,ark~=21198=z1kd1z25.json
114v KTK pseudo WBUVUVb-MB780IR,AraNF-8,ark~=21198=z1kd1z25.json
114v KTK pseudo WBUVUVP-VIS,AraNF-8,ark~=21198=z1kd1z25.json
114v KTK sharpie avgUV-VIS,AraNF-8,ark~=21198=z1kd1z25.json
114v KTK sharpie MB365UV-MB780IR,AraNF-8,ark~=21198=z1kd1z25.json
114v KTK sharpie WBUVG58-MB780IR,AraNF-8,ark~=21198=z1kd1z25.json
114v KTK sharpie WBUVO22-VIS,AraNF-8,ark~=21198=z1kd1z25.json
114v KTK sharpie WBUVUVb-MB780IR,AraNF-8,ark~=21198=z1kd1z25.json
114v KTK sharpie WBUVUVb-VIS,AraNF-8,ark~=21198=z1kd1z25.json
115r KTK pseudo MB365UV-MB780IR,AraNF-8,ark~=21198=z1kd1z25.json
115r KTK pseudo WBUVUVb-MB780IR,AraNF-8,ark~=21198=z1kd1z25.json
115r KTK pseudo WBUVUVb-VIS,AraNF-8,ark~=21198=z1kd1z25.json
115r KTK sharpie MB365UV-MB780IR,AraNF-8,ark~=21198=z1kd1z25.json
115r KTK sharpie MB365UV-VIS,AraNF-8,ark~=21198=z1kd1z25.json
115r KTK sharpie WBUVG58-MB780IR,AraNF-8,ark~=21198=z1kd1z25.json
115r KTK sharpie WBUVG58-VIS,AraNF-8,ark~=21198=z1kd1z25.json
115r KTK sharpie WBUVO22-MB780IR,AraNF-8,ark~=21198=z1kd1z25.json
115r KTK sharpie WBUVO22-VIS,AraNF-8,ark~=21198=z1kd1z25.json
115r KTK sharpie WBUVUVb-MB780IR,AraNF-8,ark~=21198=z1kd1z25.json
115v KTK pseudo MB365UV-MB780IR,AraNF-8,ark~=21198=z1kd1z25.json
115v KTK pseudo MB365UV-VIS,AraNF-8,ark~=21198=z1kd1z25.json
115v KTK pseudo WBUVO22-VIS,AraNF-8,ark~=21198=z1kd1z25.json
115v KTK pseudo WBUVUVb-MB780IR,AraNF-8,ark~=21198=z1kd1z25.json
115v KTK pseudo WBUVUVb-VIS,AraNF-8,ark~=21198=z1kd1z25.json
115v KTK pseudo WBUVUVP-VIS,AraNF-8,ark~=21198=z1kd1z25.json
115v KTK sharpie WBUVB47-VIS,AraNF-8,ark~=21198=z1kd1z25.json
115v KTK sharpie WBUVG58-MB780IR,AraNF-8,ark~=21198=z1kd1z25.json
115v KTK sharpie WBUVG58-VIS,AraNF-8,ark~=21198=z1kd1z25.json
115v KTK sharpie WBUVO22-MB780IR,AraNF-8,ark~=21198=z1kd1z25.json
115v KTK sharpie WBUVO22-VIS,AraNF-8,ark~=21198=z1kd1z25.json
115v KTK sharpie WBUVUVb-MB780IR,AraNF-8,ark~=21198=z1kd1z25.json
115v KTK sharpie WBUVUVb-VIS,AraNF-8,ark~=21198=z1kd1z25.json
116r KTK pseudo MB365UV-MB780IR,AraNF-8,ark~=21198=z1kd1z25.json
116r KTK pseudo WBUVUVb-MB780IR,AraNF-8,ark~=21198=z1kd1z25.json
116r KTK sharpie MB365UV-MB780IR,AraNF-8,ark~=21198=z1kd1z25.json
116r KTK sharpie WBUVB47-VIS,AraNF-8,ark~=21198=z1kd1z25.json
116r KTK sharpie WBUVG58-MB780IR,AraNF-8,ark~=21198=z1kd1z25.json
116r KTK sharpie WBUVG58-VIS,AraNF-8,ark~=21198=z1kd1z25.json
116r KTK sharpie WBUVO22-MB780IR,AraNF-8,ark~=21198=z1kd1z25.json
116r KTK sharpie WBUVO22-VIS,AraNF-8,ark~=21198=z1kd1z25.json
116v KTK pseudo MB365UV-MB780IR,AraNF-8,ark~=21198=z1kd1z25.json
116v KTK pseudo MB365UV-VIS,AraNF-8,ark~=21198=z1kd1z25.json
116v KTK pseudo WBUVUVb-MB780IR,AraNF-8,ark~=21198=z1kd1z25.json
116v KTK pseudo WBUVUVb-VIS,AraNF-8,ark~=21198=z1kd1z25.json
116v KTK pseudo WBUVUVP-VIS,AraNF-8,ark~=21198=z1kd1z25.json
116v KTK sharpie WBUVB47-VIS,AraNF-8,ark~=21198=z1kd1z25.json
116v KTK sharpie WBUVG58-MB780IR,AraNF-8,ark~=21198=z1kd1z25.json
116v KTK sharpie WBUVO22-MB780IR,AraNF-8,ark~=21198=z1kd1z25.json
116v KTK sharpie WBUVUVb-MB780IR,AraNF-8,ark~=21198=z1kd1z25.json
117r KTK pseudo MB365UV-MB780IR,AraNF-8,ark~=21198=z1kd1z25.json
117r KTK pseudo MB365UV-VIS,AraNF-8,ark~=21198=z1kd1z25.json
117r KTK pseudo WBUVUVb-MB780IR,AraNF-8,ark~=21198=z1kd1z25.json
117r KTK pseudo WBUVUVb-VIS,AraNF-8,ark~=21198=z1kd1z25.json
117r KTK pseudo WBUVUVP-VIS,AraNF-8,ark~=21198=z1kd1z25.json
117r KTK sharpie MB365UV-MB780IR,AraNF-8,ark~=21198=z1kd1z25.json
117r KTK sharpie MB365UV-VIS,AraNF-8,ark~=21198=z1kd1z25.json
117r KTK sharpie WBUVB47-VIS,AraNF-8,ark~=21198=z1kd1z25.json
117r KTK sharpie WBUVG58-VIS,AraNF-8,ark~=21198=z1kd1z25.json
117r KTK sharpie WBUVO22-VIS,AraNF-8,ark~=21198=z1kd1z25.json
117v KTK pseudo MB365UV-MB780IR,AraNF-8,ark~=21198=z1kd1z25.json
117v KTK pseudo MB365UV-VIS,AraNF-8,ark~=21198=z1kd1z25.json
117v KTK pseudo WBUVO22-VIS,AraNF-8,ark~=21198=z1kd1z25.json
117v KTK pseudo WBUVUVb-MB780IR,AraNF-8,ark~=21198=z1kd1z25.json
117v KTK pseudo WBUVUVP-VIS,AraNF-8,ark~=21198=z1kd1z25.json
117v KTK sharpie avgUV-VIS,AraNF-8,ark~=21198=z1kd1z25.json
117v KTK sharpie MB365UV-MB780IR,AraNF-8,ark~=21198=z1kd1z25.json
117v KTK sharpie WBUVB47-VIS,AraNF-8,ark~=21198=z1kd1z25.json
117v KTK sharpie WBUVG58-MB780IR,AraNF-8,ark~=21198=z1kd1z25.json
117v KTK sharpie WBUVG58-VIS,AraNF-8,ark~=21198=z1kd1z25.json
117v KTK sharpie WBUVO22-MB780IR,AraNF-8,ark~=21198=z1kd1z25.json
117v KTK sharpie WBUVO22-VIS,AraNF-8,ark~=21198=z1kd1z25.json
117v KTK sharpie WBUVUVb-MB780IR,AraNF-8,ark~=21198=z1kd1z25.json
117v KTK sharpie WBUVUVb-VIS,AraNF-8,ark~=21198=z1kd1z25.json
118r KTK pseudo MB365UV-MB780IR,AraNF-8,ark~=21198=z1kd1z25.json
118r KTK pseudo MB365UV-VIS,AraNF-8,ark~=21198=z1kd1z25.json
118r KTK pseudo WBUVO22-VIS,AraNF-8,ark~=21198=z1kd1z25.json
118r KTK pseudo WBUVUVb-MB780IR,AraNF-8,ark~=21198=z1kd1z25.json
118r KTK pseudo WBUVUVb-VIS,AraNF-8,ark~=21198=z1kd1z25.json
118r KTK pseudo WBUVUVP-VIS,AraNF-8,ark~=21198=z1kd1z25.json
118r KTK sharpie avgUV-VIS,AraNF-8,ark~=21198=z1kd1z25.json
118r KTK sharpie MB365UV-MB780IR,AraNF-8,ark~=21198=z1kd1z25.json
118r KTK sharpie WBUVB47-VIS,AraNF-8,ark~=21198=z1kd1z25.json
118r KTK sharpie WBUVG58-MB780IR,AraNF-8,ark~=21198=z1kd1z25.json
118r KTK sharpie WBUVO22-MB780IR,AraNF-8,ark~=21198=z1kd1z25.json
118r KTK sharpie WBUVO22-VIS,AraNF-8,ark~=21198=z1kd1z25.json
118r KTK sharpie WBUVUVb-MB780IR,AraNF-8,ark~=21198=z1kd1z25.json
118r KTK sharpie WBUVUVb-VIS,AraNF-8,ark~=21198=z1kd1z25.json
118v KTK pseudo MB365UV-MB780IR,AraNF-8,ark~=21198=z1kd1z25.json
118v KTK pseudo WBUVO22-VIS,AraNF-8,ark~=21198=z1kd1z25.json
118v KTK pseudo WBUVUVb-MB780IR,AraNF-8,ark~=21198=z1kd1z25.json
118v KTK pseudo WBUVUVb-VIS,AraNF-8,ark~=21198=z1kd1z25.json
118v KTK sharpie MB365UV-VIS,AraNF-8,ark~=21198=z1kd1z25.json
118v KTK sharpie WBUVB47-VIS,AraNF-8,ark~=21198=z1kd1z25.json
118v KTK sharpie WBUVG58-MB780IR,AraNF-8,ark~=21198=z1kd1z25.json
118v KTK sharpie WBUVG58-VIS,AraNF-8,ark~=21198=z1kd1z25.json
118v KTK sharpie WBUVO22-MB780IR,AraNF-8,ark~=21198=z1kd1z25.json
118v KTK sharpie WBUVUVb-MB780IR,AraNF-8,ark~=21198=z1kd1z25.json
119r KTK pseudo MB365UV-MB780IR,AraNF-8,ark~=21198=z1kd1z25.json
119r KTK pseudo MB365UV-VIS,AraNF-8,ark~=21198=z1kd1z25.json
119r KTK pseudo WBUVO22-VIS,AraNF-8,ark~=21198=z1kd1z25.json
119r KTK pseudo WBUVUVb-MB780IR,AraNF-8,ark~=21198=z1kd1z25.json
119r KTK sharpie avgUV-VIS,AraNF-8,ark~=21198=z1kd1z25.json
119r KTK sharpie MB365UV-MB780IR,AraNF-8,ark~=21198=z1kd1z25.json
119r KTK sharpie WBUVB47-VIS,AraNF-8,ark~=21198=z1kd1z25.json
119r KTK sharpie WBUVG58-MB780IR,AraNF-8,ark~=21198=z1kd1z25.json
119r KTK sharpie WBUVG58-VIS,AraNF-8,ark~=21198=z1kd1z25.json
119r KTK sharpie WBUVO22-MB780IR,AraNF-8,ark~=21198=z1kd1z25.json
119r KTK sharpie WBUVUVb-MB780IR,AraNF-8,ark~=21198=z1kd1z25.json
119r KTK sharpie WBUVUVb-VIS,AraNF-8,ark~=21198=z1kd1z25.json
119v KTK pseudo MB365UV-MB780IR,AraNF-8,ark~=21198=z1kd1z25.json
119v KTK pseudo MB365UV-VIS,AraNF-8,ark~=21198=z1kd1z25.json
119v KTK pseudo WBUVUVb-MB780IR,AraNF-8,ark~=21198=z1kd1z25.json
119v KTK pseudo WBUVUVb-VIS,AraNF-8,ark~=21198=z1kd1z25.json
119v KTK sharpie avgUV-VIS,AraNF-8,ark~=21198=z1kd1z25.json
119v KTK sharpie MB365UV-MB780IR,AraNF-8,ark~=21198=z1kd1z25.json
119v KTK sharpie WBUVB47-VIS,AraNF-8,ark~=21198=z1kd1z25.json
119v KTK sharpie WBUVG58-MB780IR,AraNF-8,ark~=21198=z1kd1z25.json
119v KTK sharpie WBUVG58-VIS,AraNF-8,ark~=21198=z1kd1z25.json
119v KTK sharpie WBUVO22-MB780IR,AraNF-8,ark~=21198=z1kd1z25.json
119v KTK sharpie WBUVUVb-MB780IR,AraNF-8,ark~=21198=z1kd1z25.json
119v KTK sharpie WBUVUVb-VIS,AraNF-8,ark~=21198=z1kd1z25.json
11r KTK pseudo MB365UV-MB780IR,AraNF-8,ark~=21198=z1kd1z25.json
11r KTK pseudo MB365UV-VIS,AraNF-8,ark~=21198=z1kd1z25.json
11r KTK pseudo WBUVUVb-MB780IR,AraNF-8,ark~=21198=z1kd1z25.json
11r KTK pseudo WBUVUVP-VIS,AraNF-8,ark~=21198=z1kd1z25.json
11r KTK sharpie avgUV-VIS,AraNF-8,ark~=21198=z1kd1z25.json
11r KTK sharpie MB365UV-MB780IR,AraNF-8,ark~=21198=z1kd1z25.json
11r KTK sharpie WBUVG58-MB780IR,AraNF-8,ark~=21198=z1kd1z25.json
11r KTK sharpie WBUVO22-MB780IR,AraNF-8,ark~=21198=z1kd1z25.json
11r KTK sharpie WBUVUVb-MB780IR,AraNF-8,ark~=21198=z1kd1z25.json
11v KTK pseudo MB365UV-MB780IR,AraNF-8,ark~=21198=z1kd1z25.json
11v KTK pseudo MB365UV-VIS,AraNF-8,ark~=21198=z1kd1z25.json
11v KTK pseudo WBUVO22-VIS,AraNF-8,ark~=21198=z1kd1z25.json
11v KTK pseudo WBUVUVb-MB780IR,AraNF-8,ark~=21198=z1kd1z25.json
11v KTK pseudo WBUVUVb-VIS,AraNF-8,ark~=21198=z1kd1z25.json
11v KTK pseudo WBUVUVP-VIS,AraNF-8,ark~=21198=z1kd1z25.json
11v KTK sharpie avgUV-VIS,AraNF-8,ark~=21198=z1kd1z25.json
11v KTK sharpie MB365UV-MB780IR,AraNF-8,ark~=21198=z1kd1z25.json
11v KTK sharpie MB365UV-VIS,AraNF-8,ark~=21198=z1kd1z25.json
11v KTK sharpie WBUVB47-VIS,AraNF-8,ark~=21198=z1kd1z25.json
11v KTK sharpie WBUVG58-MB780IR,AraNF-8,ark~=21198=z1kd1z25.json
11v KTK sharpie WBUVG58-VIS,AraNF-8,ark~=21198=z1kd1z25.json
11v KTK sharpie WBUVO22-MB780IR,AraNF-8,ark~=21198=z1kd1z25.json
11v KTK sharpie WBUVO22-VIS,AraNF-8,ark~=21198=z1kd1z25.json
11v KTK sharpie WBUVUVb-MB780IR,AraNF-8,ark~=21198=z1kd1z25.json
11v KTK sharpie WBUVUVb-VIS,AraNF-8,ark~=21198=z1kd1z25.json
120r KTK pseudo MB365UV-MB780IR,AraNF-8,ark~=21198=z1kd1z25.json
120r KTK pseudo MB365UV-VIS,AraNF-8,ark~=21198=z1kd1z25.json
120r KTK pseudo WBUVUVb-MB780IR,AraNF-8,ark~=21198=z1kd1z25.json
120r KTK pseudo WBUVUVP-VIS,AraNF-8,ark~=21198=z1kd1z25.json
120r KTK sharpie WBUVB47-VIS,AraNF-8,ark~=21198=z1kd1z25.json
120r KTK sharpie WBUVG58-MB780IR,AraNF-8,ark~=21198=z1kd1z25.json
120r KTK sharpie WBUVO22-MB780IR,AraNF-8,ark~=21198=z1kd1z25.json
120r KTK sharpie WBUVUVb-MB780IR,AraNF-8,ark~=21198=z1kd1z25.json
120r KTK sharpie WBUVUVb-VIS,AraNF-8,ark~=21198=z1kd1z25.json
120v KTK pseudo MB365UV-MB780IR,AraNF-8,ark~=21198=z1kd1z25.json
120v KTK pseudo WBUVO22-VIS,AraNF-8,ark~=21198=z1kd1z25.json
120v KTK pseudo WBUVUVb-MB780IR,AraNF-8,ark~=21198=z1kd1z25.json
120v KTK pseudo WBUVUVb-VIS,AraNF-8,ark~=21198=z1kd1z25.json
120v KTK pseudo WBUVUVP-VIS,AraNF-8,ark~=21198=z1kd1z25.json
120v KTK sharpie avgUV-VIS,AraNF-8,ark~=21198=z1kd1z25.json
120v KTK sharpie MB365UV-MB780IR,AraNF-8,ark~=21198=z1kd1z25.json
120v KTK sharpie WBUVB47-VIS,AraNF-8,ark~=21198=z1kd1z25.json
120v KTK sharpie WBUVG58-MB780IR,AraNF-8,ark~=21198=z1kd1z25.json
120v KTK sharpie WBUVO22-MB780IR,AraNF-8,ark~=21198=z1kd1z25.json
120v KTK sharpie WBUVUVb-MB780IR,AraNF-8,ark~=21198=z1kd1z25.json
121r KTK pseudo MB365UV-MB780IR,AraNF-8,ark~=21198=z1kd1z25.json
121r KTK pseudo MB365UV-VIS,AraNF-8,ark~=21198=z1kd1z25.json
121r KTK pseudo WBUVUVb-MB780IR,AraNF-8,ark~=21198=z1kd1z25.json
121r KTK pseudo WBUVUVb-VIS,AraNF-8,ark~=21198=z1kd1z25.json
121r KTK pseudo WBUVUVP-VIS,AraNF-8,ark~=21198=z1kd1z25.json
121r KTK sharpie MB365UV-MB780IR,AraNF-8,ark~=21198=z1kd1z25.json
121r KTK sharpie WBUVB47-VIS,AraNF-8,ark~=21198=z1kd1z25.json
121r KTK sharpie WBUVG58-MB780IR,AraNF-8,ark~=21198=z1kd1z25.json
121r KTK sharpie WBUVO22-MB780IR,AraNF-8,ark~=21198=z1kd1z25.json
121r KTK sharpie WBUVO22-VIS,AraNF-8,ark~=21198=z1kd1z25.json
121r KTK sharpie WBUVUVb-MB780IR,AraNF-8,ark~=21198=z1kd1z25.json
121v KTK pseudo MB365UV-MB780IR,AraNF-8,ark~=21198=z1kd1z25.json
121v KTK pseudo WBUVUVb-MB780IR,AraNF-8,ark~=21198=z1kd1z25.json
121v KTK pseudo WBUVUVb-VIS,AraNF-8,ark~=21198=z1kd1z25.json
121v KTK pseudo WBUVUVP-VIS,AraNF-8,ark~=21198=z1kd1z25.json
121v KTK sharpie avgUV-VIS,AraNF-8,ark~=21198=z1kd1z25.json
121v KTK sharpie WBUVB47-VIS,AraNF-8,ark~=21198=z1kd1z25.json
121v KTK sharpie WBUVG58-MB780IR,AraNF-8,ark~=21198=z1kd1z25.json
121v KTK sharpie WBUVG58-VIS,AraNF-8,ark~=21198=z1kd1z25.json
121v KTK sharpie WBUVO22-MB780IR,AraNF-8,ark~=21198=z1kd1z25.json
121v KTK sharpie WBUVUVb-MB780IR,AraNF-8,ark~=21198=z1kd1z25.json
122r KTK pseudo MB365UV-MB780IR,AraNF-8,ark~=21198=z1kd1z25.json
122r KTK pseudo MB365UV-VIS,AraNF-8,ark~=21198=z1kd1z25.json
122r KTK pseudo WBUVUVb-MB780IR,AraNF-8,ark~=21198=z1kd1z25.json
122r KTK pseudo WBUVUVb-VIS,AraNF-8,ark~=21198=z1kd1z25.json
122r KTK pseudo WBUVUVP-VIS,AraNF-8,ark~=21198=z1kd1z25.json
122r KTK sharpie avgUV-VIS,AraNF-8,ark~=21198=z1kd1z25.json
122r KTK sharpie MB365UV-MB780IR,AraNF-8,ark~=21198=z1kd1z25.json
122r KTK sharpie WBUVB47-VIS,AraNF-8,ark~=21198=z1kd1z25.json
122r KTK sharpie WBUVG58-MB780IR,AraNF-8,ark~=21198=z1kd1z25.json
122r KTK sharpie WBUVO22-MB780IR,AraNF-8,ark~=21198=z1kd1z25.json
122r KTK sharpie WBUVUVb-MB780IR,AraNF-8,ark~=21198=z1kd1z25.json
122r KTK sharpie WBUVUVb-VIS,AraNF-8,ark~=21198=z1kd1z25.json
122r KTK sharpie WBUVUVP-VIS,AraNF-8,ark~=21198=z1kd1z25.json
122v KTK pseudo WBUVUVb-MB780IR,AraNF-8,ark~=21198=z1kd1z25.json
122v KTK pseudo WBUVUVb-VIS,AraNF-8,ark~=21198=z1kd1z25.json
122v KTK pseudo WBUVUVP-VIS,AraNF-8,ark~=21198=z1kd1z25.json
122v KTK sharpie WBUVB47-VIS,AraNF-8,ark~=21198=z1kd1z25.json
122v KTK sharpie WBUVG58-MB780IR,AraNF-8,ark~=21198=z1kd1z25.json
122v KTK sharpie WBUVUVb-MB780IR,AraNF-8,ark~=21198=z1kd1z25.json
122v KTK sharpie WBUVUVb-VIS,AraNF-8,ark~=21198=z1kd1z25.json
123r KTK pseudo MB365UV-MB780IR,AraNF-8,ark~=21198=z1kd1z25.json
123r KTK pseudo MB365UV-VIS,AraNF-8,ark~=21198=z1kd1z25.json
123r KTK pseudo WBUVUVb-MB780IR,AraNF-8,ark~=21198=z1kd1z25.json
123r KTK pseudo WBUVUVb-VIS,AraNF-8,ark~=21198=z1kd1z25.json
123r KTK pseudo WBUVUVP-VIS,AraNF-8,ark~=21198=z1kd1z25.json
123r KTK sharpie MB365UV-MB780IR,AraNF-8,ark~=21198=z1kd1z25.json
123r KTK sharpie WBUVB47-VIS,AraNF-8,ark~=21198=z1kd1z25.json
123r KTK sharpie WBUVG58-MB780IR,AraNF-8,ark~=21198=z1kd1z25.json
123r KTK sharpie WBUVO22-MB780IR,AraNF-8,ark~=21198=z1kd1z25.json
123r KTK sharpie WBUVUVb-MB780IR,AraNF-8,ark~=21198=z1kd1z25.json
123v KTK pseudo MB365UV-MB780IR,AraNF-8,ark~=21198=z1kd1z25.json
123v KTK pseudo WBUVUVb-MB780IR,AraNF-8,ark~=21198=z1kd1z25.json
123v KTK pseudo WBUVUVP-VIS,AraNF-8,ark~=21198=z1kd1z25.json
123v KTK sharpie avgUV-VIS,AraNF-8,ark~=21198=z1kd1z25.json
123v KTK sharpie MB365UV-VIS,AraNF-8,ark~=21198=z1kd1z25.json
123v KTK sharpie WBUVB47-VIS,AraNF-8,ark~=21198=z1kd1z25.json
123v KTK sharpie WBUVO22-VIS,AraNF-8,ark~=21198=z1kd1z25.json
123v KTK sharpie WBUVUVb-MB780IR,AraNF-8,ark~=21198=z1kd1z25.json
123v KTK sharpie WBUVUVP-VIS,AraNF-8,ark~=21198=z1kd1z25.json
124r KTK pseudo MB365UV-MB780IR,AraNF-8,ark~=21198=z1kd1z25.json
124r KTK pseudo MB365UV-VIS,AraNF-8,ark~=21198=z1kd1z25.json
124r KTK pseudo WBUVO22-VIS,AraNF-8,ark~=21198=z1kd1z25.json
124r KTK pseudo WBUVUVb-MB780IR,AraNF-8,ark~=21198=z1kd1z25.json
124r KTK pseudo WBUVUVb-VIS,AraNF-8,ark~=21198=z1kd1z25.json
124r KTK pseudo WBUVUVP-VIS,AraNF-8,ark~=21198=z1kd1z25.json
124r KTK sharpie avgUV-VIS,AraNF-8,ark~=21198=z1kd1z25.json
124r KTK sharpie MB365UV-MB780IR,AraNF-8,ark~=21198=z1kd1z25.json
124r KTK sharpie MB365UV-VIS,AraNF-8,ark~=21198=z1kd1z25.json
124r KTK sharpie WBUVB47-VIS,AraNF-8,ark~=21198=z1kd1z25.json
124r KTK sharpie WBUVG58-MB780IR,AraNF-8,ark~=21198=z1kd1z25.json
124r KTK sharpie WBUVG58-VIS,AraNF-8,ark~=21198=z1kd1z25.json
124r KTK sharpie WBUVO22-VIS,AraNF-8,ark~=21198=z1kd1z25.json
124r KTK sharpie WBUVUVb-MB780IR,AraNF-8,ark~=21198=z1kd1z25.json
124r KTK sharpie WBUVUVb-VIS,AraNF-8,ark~=21198=z1kd1z25.json
124v KTK pseudo MB365UV-MB780IR,AraNF-8,ark~=21198=z1kd1z25.json
124v KTK pseudo MB365UV-VIS,AraNF-8,ark~=21198=z1kd1z25.json
124v KTK pseudo WBUVO22-VIS,AraNF-8,ark~=21198=z1kd1z25.json
124v KTK pseudo WBUVUVb-MB780IR,AraNF-8,ark~=21198=z1kd1z25.json
124v KTK pseudo WBUVUVb-VIS,AraNF-8,ark~=21198=z1kd1z25.json
124v KTK pseudo WBUVUVP-VIS,AraNF-8,ark~=21198=z1kd1z25.json
124v KTK sharpie MB365UV-MB780IR,AraNF-8,ark~=21198=z1kd1z25.json
124v KTK sharpie WBUVB47-VIS,AraNF-8,ark~=21198=z1kd1z25.json
124v KTK sharpie WBUVG58-MB780IR,AraNF-8,ark~=21198=z1kd1z25.json
124v KTK sharpie WBUVG58-VIS,AraNF-8,ark~=21198=z1kd1z25.json
124v KTK sharpie WBUVO22-MB780IR,AraNF-8,ark~=21198=z1kd1z25.json
124v KTK sharpie WBUVUVb-MB780IR,AraNF-8,ark~=21198=z1kd1z25.json
124v KTK sharpie WBUVUVb-VIS,AraNF-8,ark~=21198=z1kd1z25.json
125r KTK pseudo MB365UV-MB780IR,AraNF-8,ark~=21198=z1kd1z25.json
125r KTK pseudo WBUVO22-VIS,AraNF-8,ark~=21198=z1kd1z25.json
125r KTK pseudo WBUVUVb-MB780IR,AraNF-8,ark~=21198=z1kd1z25.json
125r KTK pseudo WBUVUVP-VIS,AraNF-8,ark~=21198=z1kd1z25.json
125r KTK sharpie MB365UV-MB780IR,AraNF-8,ark~=21198=z1kd1z25.json
125r KTK sharpie MB365UV-VIS,AraNF-8,ark~=21198=z1kd1z25.json
125r KTK sharpie WBUVB47-VIS,AraNF-8,ark~=21198=z1kd1z25.json
125r KTK sharpie WBUVG58-MB780IR,AraNF-8,ark~=21198=z1kd1z25.json
125r KTK sharpie WBUVO22-MB780IR,AraNF-8,ark~=21198=z1kd1z25.json
125r KTK sharpie WBUVUVb-MB780IR,AraNF-8,ark~=21198=z1kd1z25.json
125r KTK sharpie WBUVUVb-VIS,AraNF-8,ark~=21198=z1kd1z25.json
125v KTK pseudo MB365UV-MB780IR,AraNF-8,ark~=21198=z1kd1z25.json
125v KTK pseudo MB365UV-VIS,AraNF-8,ark~=21198=z1kd1z25.json
125v KTK pseudo WBUVO22-VIS,AraNF-8,ark~=21198=z1kd1z25.json
125v KTK pseudo WBUVUVb-MB780IR,AraNF-8,ark~=21198=z1kd1z25.json
125v KTK pseudo WBUVUVb-VIS,AraNF-8,ark~=21198=z1kd1z25.json
125v KTK sharpie WBUVB47-VIS,AraNF-8,ark~=21198=z1kd1z25.json
125v KTK sharpie WBUVG58-MB780IR,AraNF-8,ark~=21198=z1kd1z25.json
125v KTK sharpie WBUVO22-MB780IR,AraNF-8,ark~=21198=z1kd1z25.json
125v KTK sharpie WBUVUVb-MB780IR,AraNF-8,ark~=21198=z1kd1z25.json
125v KTK sharpie WBUVUVb-VIS,AraNF-8,ark~=21198=z1kd1z25.json
126r KTK pseudo MB365UV-MB780IR,AraNF-8,ark~=21198=z1kd1z25.json
126r KTK pseudo WBUVUVb-MB780IR,AraNF-8,ark~=21198=z1kd1z25.json
126r KTK pseudo WBUVUVb-VIS,AraNF-8,ark~=21198=z1kd1z25.json
126r KTK sharpie MB365UV-MB780IR,AraNF-8,ark~=21198=z1kd1z25.json
126r KTK sharpie MB365UV-VIS,AraNF-8,ark~=21198=z1kd1z25.json
126r KTK sharpie WBUVB47-VIS,AraNF-8,ark~=21198=z1kd1z25.json
126r KTK sharpie WBUVG58-MB780IR,AraNF-8,ark~=21198=z1kd1z25.json
126r KTK sharpie WBUVG58-VIS,AraNF-8,ark~=21198=z1kd1z25.json
126r KTK sharpie WBUVO22-MB780IR,AraNF-8,ark~=21198=z1kd1z25.json
126r KTK sharpie WBUVUVb-MB780IR,AraNF-8,ark~=21198=z1kd1z25.json
126v KTK pseudo MB365UV-MB780IR,AraNF-8,ark~=21198=z1kd1z25.json
126v KTK pseudo MB365UV-VIS,AraNF-8,ark~=21198=z1kd1z25.json
126v KTK pseudo WBUVUVb-MB780IR,AraNF-8,ark~=21198=z1kd1z25.json
126v KTK sharpie MB365UV-MB780IR,AraNF-8,ark~=21198=z1kd1z25.json
126v KTK sharpie WBUVG58-MB780IR,AraNF-8,ark~=21198=z1kd1z25.json
126v KTK sharpie WBUVO22-MB780IR,AraNF-8,ark~=21198=z1kd1z25.json
126v KTK sharpie WBUVUVb-MB780IR,AraNF-8,ark~=21198=z1kd1z25.json
126v KTK sharpie WBUVUVb-VIS,AraNF-8,ark~=21198=z1kd1z25.json
127r KTK pseudo MB365UV-MB780IR,AraNF-8,ark~=21198=z1kd1z25.json
127r KTK pseudo MB365UV-VIS,AraNF-8,ark~=21198=z1kd1z25.json
127r KTK pseudo WBUVO22-VIS,AraNF-8,ark~=21198=z1kd1z25.json
127r KTK pseudo WBUVUVb-MB780IR,AraNF-8,ark~=21198=z1kd1z25.json
127r KTK pseudo WBUVUVb-VIS,AraNF-8,ark~=21198=z1kd1z25.json
127r KTK pseudo WBUVUVP-VIS,AraNF-8,ark~=21198=z1kd1z25.json
127r KTK sharpie avgUV-VIS,AraNF-8,ark~=21198=z1kd1z25.json
127r KTK sharpie MB365UV-MB780IR,AraNF-8,ark~=21198=z1kd1z25.json
127r KTK sharpie WBUVB47-VIS,AraNF-8,ark~=21198=z1kd1z25.json
127r KTK sharpie WBUVG58-MB780IR,AraNF-8,ark~=21198=z1kd1z25.json
127r KTK sharpie WBUVO22-MB780IR,AraNF-8,ark~=21198=z1kd1z25.json
127r KTK sharpie WBUVO22-VIS,AraNF-8,ark~=21198=z1kd1z25.json
127r KTK sharpie WBUVUVb-MB780IR,AraNF-8,ark~=21198=z1kd1z25.json
127v KTK pseudo MB365UV-MB780IR,AraNF-8,ark~=21198=z1kd1z25.json
127v KTK pseudo MB365UV-VIS,AraNF-8,ark~=21198=z1kd1z25.json
127v KTK pseudo WBUVUVb-MB780IR,AraNF-8,ark~=21198=z1kd1z25.json
127v KTK pseudo WBUVUVb-VIS,AraNF-8,ark~=21198=z1kd1z25.json
127v KTK pseudo WBUVUVP-VIS,AraNF-8,ark~=21198=z1kd1z25.json
127v KTK sharpie avgUV-VIS,AraNF-8,ark~=21198=z1kd1z25.json
127v KTK sharpie WBUVB47-VIS,AraNF-8,ark~=21198=z1kd1z25.json
127v KTK sharpie WBUVG58-MB780IR,AraNF-8,ark~=21198=z1kd1z25.json
127v KTK sharpie WBUVO22-MB780IR,AraNF-8,ark~=21198=z1kd1z25.json
12r KTK pseudo MB365UV-MB780IR,AraNF-8,ark~=21198=z1kd1z25.json
12r KTK pseudo WBUVO22-VIS,AraNF-8,ark~=21198=z1kd1z25.json
12r KTK pseudo WBUVUVb-MB780IR,AraNF-8,ark~=21198=z1kd1z25.json
12r KTK pseudo WBUVUVb-VIS,AraNF-8,ark~=21198=z1kd1z25.json
12r KTK sharpie MB365UV-MB780IR,AraNF-8,ark~=21198=z1kd1z25.json
12r KTK sharpie WBUVB47-VIS,AraNF-8,ark~=21198=z1kd1z25.json
12r KTK sharpie WBUVG58-MB780IR,AraNF-8,ark~=21198=z1kd1z25.json
12r KTK sharpie WBUVG58-VIS,AraNF-8,ark~=21198=z1kd1z25.json
12r KTK sharpie WBUVO22-MB780IR,AraNF-8,ark~=21198=z1kd1z25.json
12r KTK sharpie WBUVO22-VIS,AraNF-8,ark~=21198=z1kd1z25.json
12r KTK sharpie WBUVUVb-MB780IR,AraNF-8,ark~=21198=z1kd1z25.json
12r KTK sharpie WBUVUVb-VIS,AraNF-8,ark~=21198=z1kd1z25.json
12v KTK pseudo MB365UV-MB780IR,AraNF-8,ark~=21198=z1kd1z25.json
12v KTK pseudo WBUVO22-VIS,AraNF-8,ark~=21198=z1kd1z25.json
12v KTK pseudo WBUVUVb-MB780IR,AraNF-8,ark~=21198=z1kd1z25.json
12v KTK pseudo WBUVUVb-VIS,AraNF-8,ark~=21198=z1kd1z25.json
12v KTK pseudo WBUVUVP-VIS,AraNF-8,ark~=21198=z1kd1z25.json
12v KTK sharpie MB365UV-MB780IR,AraNF-8,ark~=21198=z1kd1z25.json
12v KTK sharpie WBUVG58-MB780IR,AraNF-8,ark~=21198=z1kd1z25.json
12v KTK sharpie WBUVO22-MB780IR,AraNF-8,ark~=21198=z1kd1z25.json
12v KTK sharpie WBUVUVb-MB780IR,AraNF-8,ark~=21198=z1kd1z25.json
13r DJK color 01,AraNF-8,ark~=21198=z1kd1z25.json
13r KTK pseudo MB365UV-MB780IR,AraNF-8,ark~=21198=z1kd1z25.json
13r KTK pseudo MB365UV-VIS,AraNF-8,ark~=21198=z1kd1z25.json
13r KTK pseudo WBUVO22-VIS,AraNF-8,ark~=21198=z1kd1z25.json
13r KTK pseudo WBUVUVb-MB780IR,AraNF-8,ark~=21198=z1kd1z25.json
13r KTK pseudo WBUVUVb-VIS,AraNF-8,ark~=21198=z1kd1z25.json
13r KTK pseudo WBUVUVP-VIS,AraNF-8,ark~=21198=z1kd1z25.json
13r KTK sharpie avgUV-VIS,AraNF-8,ark~=21198=z1kd1z25.json
13r KTK sharpie MB365UV-MB780IR,AraNF-8,ark~=21198=z1kd1z25.json
13r KTK sharpie WBUVB47-VIS,AraNF-8,ark~=21198=z1kd1z25.json
13r KTK sharpie WBUVG58-MB780IR,AraNF-8,ark~=21198=z1kd1z25.json
13r KTK sharpie WBUVG58-VIS,AraNF-8,ark~=21198=z1kd1z25.json
13r KTK sharpie WBUVO22-MB780IR,AraNF-8,ark~=21198=z1kd1z25.json
13r KTK sharpie WBUVO22-VIS,AraNF-8,ark~=21198=z1kd1z25.json
13r KTK sharpie WBUVUVb-MB780IR,AraNF-8,ark~=21198=z1kd1z25.json
13r KTK sharpie WBUVUVb-VIS,AraNF-8,ark~=21198=z1kd1z25.json
13v DJK color 01,AraNF-8,ark~=21198=z1kd1z25.json
13v KTK pseudo MB365UV-MB780IR,AraNF-8,ark~=21198=z1kd1z25.json
13v KTK pseudo WBUVO22-VIS,AraNF-8,ark~=21198=z1kd1z25.json
13v KTK pseudo WBUVUVb-MB780IR,AraNF-8,ark~=21198=z1kd1z25.json
13v KTK pseudo WBUVUVb-VIS,AraNF-8,ark~=21198=z1kd1z25.json
13v KTK pseudo WBUVUVP-VIS,AraNF-8,ark~=21198=z1kd1z25.json
13v KTK sharpie avgUV-VIS,AraNF-8,ark~=21198=z1kd1z25.json
13v KTK sharpie MB365UV-MB780IR,AraNF-8,ark~=21198=z1kd1z25.json
13v KTK sharpie WBUVB47-VIS,AraNF-8,ark~=21198=z1kd1z25.json
13v KTK sharpie WBUVG58-MB780IR,AraNF-8,ark~=21198=z1kd1z25.json
13v KTK sharpie WBUVG58-VIS,AraNF-8,ark~=21198=z1kd1z25.json
13v KTK sharpie WBUVO22-MB780IR,AraNF-8,ark~=21198=z1kd1z25.json
13v KTK sharpie WBUVUVb-MB780IR,AraNF-8,ark~=21198=z1kd1z25.json
13v KTK sharpie WBUVUVb-VIS,AraNF-8,ark~=21198=z1kd1z25.json
14r KTK pseudo MB365UV-MB780IR,AraNF-8,ark~=21198=z1kd1z25.json
14r KTK pseudo MB365UV-VIS,AraNF-8,ark~=21198=z1kd1z25.json
14r KTK pseudo WBUVO22-VIS,AraNF-8,ark~=21198=z1kd1z25.json
14r KTK pseudo WBUVUVb-MB780IR,AraNF-8,ark~=21198=z1kd1z25.json
14r KTK pseudo WBUVUVb-VIS,AraNF-8,ark~=21198=z1kd1z25.json
14r KTK pseudo WBUVUVP-VIS,AraNF-8,ark~=21198=z1kd1z25.json
14r KTK sharpie MB365UV-MB780IR,AraNF-8,ark~=21198=z1kd1z25.json
14r KTK sharpie WBUVG58-MB780IR,AraNF-8,ark~=21198=z1kd1z25.json
14r KTK sharpie WBUVG58-VIS,AraNF-8,ark~=21198=z1kd1z25.json
14r KTK sharpie WBUVO22-MB780IR,AraNF-8,ark~=21198=z1kd1z25.json
14r KTK sharpie WBUVO22-VIS,AraNF-8,ark~=21198=z1kd1z25.json
14r KTK sharpie WBUVUVb-MB780IR,AraNF-8,ark~=21198=z1kd1z25.json
14r KTK sharpie WBUVUVb-VIS,AraNF-8,ark~=21198=z1kd1z25.json
14r KTK sharpie WBUVUVP-VIS,AraNF-8,ark~=21198=z1kd1z25.json
14v KTK pseudo MB365UV-MB780IR,AraNF-8,ark~=21198=z1kd1z25.json
14v KTK pseudo WBUVUVb-MB780IR,AraNF-8,ark~=21198=z1kd1z25.json
14v KTK sharpie MB365UV-MB780IR,AraNF-8,ark~=21198=z1kd1z25.json
14v KTK sharpie WBUVG58-MB780IR,AraNF-8,ark~=21198=z1kd1z25.json
14v KTK sharpie WBUVO22-MB780IR,AraNF-8,ark~=21198=z1kd1z25.json
14v KTK sharpie WBUVUVb-MB780IR,AraNF-8,ark~=21198=z1kd1z25.json
15r KTK pseudo MB365UV-MB780IR,AraNF-8,ark~=21198=z1kd1z25.json
15r KTK pseudo MB365UV-VIS,AraNF-8,ark~=21198=z1kd1z25.json
15r KTK pseudo WBUVO22-VIS,AraNF-8,ark~=21198=z1kd1z25.json
15r KTK pseudo WBUVUVb-MB780IR,AraNF-8,ark~=21198=z1kd1z25.json
15r KTK pseudo WBUVUVb-VIS,AraNF-8,ark~=21198=z1kd1z25.json
15r KTK pseudo WBUVUVP-VIS,AraNF-8,ark~=21198=z1kd1z25.json
15r KTK sharpie MB365UV-MB780IR,AraNF-8,ark~=21198=z1kd1z25.json
15r KTK sharpie WBUVB47-VIS,AraNF-8,ark~=21198=z1kd1z25.json
15r KTK sharpie WBUVG58-MB780IR,AraNF-8,ark~=21198=z1kd1z25.json
15r KTK sharpie WBUVG58-VIS,AraNF-8,ark~=21198=z1kd1z25.json
15r KTK sharpie WBUVO22-MB780IR,AraNF-8,ark~=21198=z1kd1z25.json
15r KTK sharpie WBUVUVb-MB780IR,AraNF-8,ark~=21198=z1kd1z25.json
15v KTK pseudo MB365UV-MB780IR,AraNF-8,ark~=21198=z1kd1z25.json
15v KTK pseudo MB365UV-VIS,AraNF-8,ark~=21198=z1kd1z25.json
15v KTK pseudo WBUVO22-VIS,AraNF-8,ark~=21198=z1kd1z25.json
15v KTK pseudo WBUVUVb-MB780IR,AraNF-8,ark~=21198=z1kd1z25.json
15v KTK pseudo WBUVUVb-VIS,AraNF-8,ark~=21198=z1kd1z25.json
15v KTK pseudo WBUVUVP-VIS,AraNF-8,ark~=21198=z1kd1z25.json
15v KTK sharpie MB365UV-MB780IR,AraNF-8,ark~=21198=z1kd1z25.json
15v KTK sharpie WBUVG58-MB780IR,AraNF-8,ark~=21198=z1kd1z25.json
15v KTK sharpie WBUVO22-MB780IR,AraNF-8,ark~=21198=z1kd1z25.json
15v KTK sharpie WBUVUVb-MB780IR,AraNF-8,ark~=21198=z1kd1z25.json
15v KTK sharpie WBUVUVP-VIS,AraNF-8,ark~=21198=z1kd1z25.json
16r DJK color 01,AraNF-8,ark~=21198=z1kd1z25.json
16r KTK pseudo MB365UV-MB780IR,AraNF-8,ark~=21198=z1kd1z25.json
16r KTK pseudo WBUVUVb-MB780IR,AraNF-8,ark~=21198=z1kd1z25.json
16r KTK sharpie MB365UV-MB780IR,AraNF-8,ark~=21198=z1kd1z25.json
16r KTK sharpie WBUVB47-VIS,AraNF-8,ark~=21198=z1kd1z25.json
16r KTK sharpie WBUVG58-MB780IR,AraNF-8,ark~=21198=z1kd1z25.json
16r KTK sharpie WBUVG58-VIS,AraNF-8,ark~=21198=z1kd1z25.json
16r KTK sharpie WBUVO22-MB780IR,AraNF-8,ark~=21198=z1kd1z25.json
16r KTK sharpie WBUVUVb-MB780IR,AraNF-8,ark~=21198=z1kd1z25.json
16r KTK sharpie WBUVUVb-VIS,AraNF-8,ark~=21198=z1kd1z25.json
16v DJK color 01,AraNF-8,ark~=21198=z1kd1z25.json
16v KTK pseudo MB365UV-MB780IR,AraNF-8,ark~=21198=z1kd1z25.json
16v KTK pseudo MB365UV-VIS,AraNF-8,ark~=21198=z1kd1z25.json
16v KTK pseudo WBUVO22-VIS,AraNF-8,ark~=21198=z1kd1z25.json
16v KTK pseudo WBUVUVb-MB780IR,AraNF-8,ark~=21198=z1kd1z25.json
16v KTK pseudo WBUVUVb-VIS,AraNF-8,ark~=21198=z1kd1z25.json
16v KTK pseudo WBUVUVP-VIS,AraNF-8,ark~=21198=z1kd1z25.json
16v KTK sharpie avgUV-VIS,AraNF-8,ark~=21198=z1kd1z25.json
16v KTK sharpie MB365UV-MB780IR,AraNF-8,ark~=21198=z1kd1z25.json
16v KTK sharpie MB365UV-VIS,AraNF-8,ark~=21198=z1kd1z25.json
16v KTK sharpie WBUVB47-VIS,AraNF-8,ark~=21198=z1kd1z25.json
16v KTK sharpie WBUVG58-MB780IR,AraNF-8,ark~=21198=z1kd1z25.json
16v KTK sharpie WBUVG58-VIS,AraNF-8,ark~=21198=z1kd1z25.json
16v KTK sharpie WBUVO22-MB780IR,AraNF-8,ark~=21198=z1kd1z25.json
16v KTK sharpie WBUVO22-VIS,AraNF-8,ark~=21198=z1kd1z25.json
16v KTK sharpie WBUVUVb-MB780IR,AraNF-8,ark~=21198=z1kd1z25.json
16v KTK sharpie WBUVUVb-VIS,AraNF-8,ark~=21198=z1kd1z25.json
17r DJK color 01,AraNF-8,ark~=21198=z1kd1z25.json
17r KTK pseudo MB365UV-MB780IR,AraNF-8,ark~=21198=z1kd1z25.json
17r KTK pseudo WBUVUVb-MB780IR,AraNF-8,ark~=21198=z1kd1z25.json
17r KTK pseudo WBUVUVb-VIS,AraNF-8,ark~=21198=z1kd1z25.json
17r KTK sharpie avgUV-VIS,AraNF-8,ark~=21198=z1kd1z25.json
17r KTK sharpie MB365UV-MB780IR,AraNF-8,ark~=21198=z1kd1z25.json
17r KTK sharpie MB365UV-VIS,AraNF-8,ark~=21198=z1kd1z25.json
17r KTK sharpie WBUVB47-VIS,AraNF-8,ark~=21198=z1kd1z25.json
17r KTK sharpie WBUVG58-MB780IR,AraNF-8,ark~=21198=z1kd1z25.json
17r KTK sharpie WBUVO22-MB780IR,AraNF-8,ark~=21198=z1kd1z25.json
17r KTK sharpie WBUVUVb-MB780IR,AraNF-8,ark~=21198=z1kd1z25.json
17v DJK color 01,AraNF-8,ark~=21198=z1kd1z25.json
17v KTK pseudo MB365UV-MB780IR,AraNF-8,ark~=21198=z1kd1z25.json
17v KTK pseudo MB365UV-VIS,AraNF-8,ark~=21198=z1kd1z25.json
17v KTK pseudo WBUVUVb-MB780IR,AraNF-8,ark~=21198=z1kd1z25.json
17v KTK pseudo WBUVUVP-VIS,AraNF-8,ark~=21198=z1kd1z25.json
17v KTK sharpie MB365UV-MB780IR,AraNF-8,ark~=21198=z1kd1z25.json
17v KTK sharpie WBUVG58-MB780IR,AraNF-8,ark~=21198=z1kd1z25.json
17v KTK sharpie WBUVO22-MB780IR,AraNF-8,ark~=21198=z1kd1z25.json
17v KTK sharpie WBUVUVb-MB780IR,AraNF-8,ark~=21198=z1kd1z25.json
18r KTK pseudo MB365UV-MB780IR,AraNF-8,ark~=21198=z1kd1z25.json
18r KTK pseudo MB365UV-VIS,AraNF-8,ark~=21198=z1kd1z25.json
18r KTK pseudo WBUVO22-VIS,AraNF-8,ark~=21198=z1kd1z25.json
18r KTK pseudo WBUVUVb-MB780IR,AraNF-8,ark~=21198=z1kd1z25.json
18r KTK pseudo WBUVUVb-VIS,AraNF-8,ark~=21198=z1kd1z25.json
18r KTK pseudo WBUVUVP-VIS,AraNF-8,ark~=21198=z1kd1z25.json
18r KTK sharpie avgUV-VIS,AraNF-8,ark~=21198=z1kd1z25.json
18r KTK sharpie MB365UV-MB780IR,AraNF-8,ark~=21198=z1kd1z25.json
18r KTK sharpie MB365UV-VIS,AraNF-8,ark~=21198=z1kd1z25.json
18r KTK sharpie WBUVB47-VIS,AraNF-8,ark~=21198=z1kd1z25.json
18r KTK sharpie WBUVG58-MB780IR,AraNF-8,ark~=21198=z1kd1z25.json
18r KTK sharpie WBUVG58-VIS,AraNF-8,ark~=21198=z1kd1z25.json
18r KTK sharpie WBUVO22-MB780IR,AraNF-8,ark~=21198=z1kd1z25.json
18r KTK sharpie WBUVO22-VIS,AraNF-8,ark~=21198=z1kd1z25.json
18r KTK sharpie WBUVUVb-MB780IR,AraNF-8,ark~=21198=z1kd1z25.json
18r KTK sharpie WBUVUVb-VIS,AraNF-8,ark~=21198=z1kd1z25.json
18v KTK pseudo MB365UV-MB780IR,AraNF-8,ark~=21198=z1kd1z25.json
18v KTK pseudo MB365UV-VIS,AraNF-8,ark~=21198=z1kd1z25.json
18v KTK pseudo WBUVO22-VIS,AraNF-8,ark~=21198=z1kd1z25.json
18v KTK pseudo WBUVUVb-MB780IR,AraNF-8,ark~=21198=z1kd1z25.json
18v KTK pseudo WBUVUVb-VIS,AraNF-8,ark~=21198=z1kd1z25.json
18v KTK pseudo WBUVUVP-VIS,AraNF-8,ark~=21198=z1kd1z25.json
18v KTK sharpie avgUV-VIS,AraNF-8,ark~=21198=z1kd1z25.json
18v KTK sharpie MB365UV-MB780IR,AraNF-8,ark~=21198=z1kd1z25.json
18v KTK sharpie WBUVB47-VIS,AraNF-8,ark~=21198=z1kd1z25.json
18v KTK sharpie WBUVG58-MB780IR,AraNF-8,ark~=21198=z1kd1z25.json
18v KTK sharpie WBUVG58-VIS,AraNF-8,ark~=21198=z1kd1z25.json
18v KTK sharpie WBUVO22-MB780IR,AraNF-8,ark~=21198=z1kd1z25.json
18v KTK sharpie WBUVO22-VIS,AraNF-8,ark~=21198=z1kd1z25.json
18v KTK sharpie WBUVUVb-MB780IR,AraNF-8,ark~=21198=z1kd1z25.json
18v KTK sharpie WBUVUVb-VIS,AraNF-8,ark~=21198=z1kd1z25.json
19r KTK pseudo MB365UV-MB780IR,AraNF-8,ark~=21198=z1kd1z25.json
19r KTK pseudo MB365UV-VIS,AraNF-8,ark~=21198=z1kd1z25.json
19r KTK pseudo WBUVO22-VIS,AraNF-8,ark~=21198=z1kd1z25.json
19r KTK pseudo WBUVUVb-MB780IR,AraNF-8,ark~=21198=z1kd1z25.json
19r KTK pseudo WBUVUVP-VIS,AraNF-8,ark~=21198=z1kd1z25.json
19r KTK sharpie MB365UV-MB780IR,AraNF-8,ark~=21198=z1kd1z25.json
19r KTK sharpie MB365UV-VIS,AraNF-8,ark~=21198=z1kd1z25.json
19r KTK sharpie WBUVB47-VIS,AraNF-8,ark~=21198=z1kd1z25.json
19r KTK sharpie WBUVG58-MB780IR,AraNF-8,ark~=21198=z1kd1z25.json
19r KTK sharpie WBUVG58-VIS,AraNF-8,ark~=21198=z1kd1z25.json
19r KTK sharpie WBUVO22-MB780IR,AraNF-8,ark~=21198=z1kd1z25.json
19r KTK sharpie WBUVUVb-MB780IR,AraNF-8,ark~=21198=z1kd1z25.json
19r KTK sharpie WBUVUVb-VIS,AraNF-8,ark~=21198=z1kd1z25.json
19v KTK pseudo MB365UV-MB780IR,AraNF-8,ark~=21198=z1kd1z25.json
19v KTK pseudo WBUVO22-VIS,AraNF-8,ark~=21198=z1kd1z25.json
19v KTK pseudo WBUVUVb-MB780IR,AraNF-8,ark~=21198=z1kd1z25.json
19v KTK pseudo WBUVUVb-VIS,AraNF-8,ark~=21198=z1kd1z25.json
19v KTK sharpie avgUV-VIS,AraNF-8,ark~=21198=z1kd1z25.json
19v KTK sharpie MB365UV-MB780IR,AraNF-8,ark~=21198=z1kd1z25.json
19v KTK sharpie WBUVB47-VIS,AraNF-8,ark~=21198=z1kd1z25.json
19v KTK sharpie WBUVG58-MB780IR,AraNF-8,ark~=21198=z1kd1z25.json
19v KTK sharpie WBUVG58-VIS,AraNF-8,ark~=21198=z1kd1z25.json
19v KTK sharpie WBUVO22-MB780IR,AraNF-8,ark~=21198=z1kd1z25.json
19v KTK sharpie WBUVUVb-MB780IR,AraNF-8,ark~=21198=z1kd1z25.json
19v KTK sharpie WBUVUVb-VIS,AraNF-8,ark~=21198=z1kd1z25.json
1r KTK pseudo MB365UV-MB780IR,AraNF-8,ark~=21198=z1kd1z25.json
1r KTK pseudo WBUVUVb-MB780IR,AraNF-8,ark~=21198=z1kd1z25.json
1r KTK sharpie avgUV-VIS,AraNF-8,ark~=21198=z1kd1z25.json
1r KTK sharpie MB365UV-MB780IR,AraNF-8,ark~=21198=z1kd1z25.json
1r KTK sharpie WBUVB47-VIS,AraNF-8,ark~=21198=z1kd1z25.json
1r KTK sharpie WBUVG58-MB780IR,AraNF-8,ark~=21198=z1kd1z25.json
1r KTK sharpie WBUVO22-MB780IR,AraNF-8,ark~=21198=z1kd1z25.json
1r KTK sharpie WBUVUVb-MB780IR,AraNF-8,ark~=21198=z1kd1z25.json
1v KTK pseudo WBUVUVb-MB780IR,AraNF-8,ark~=21198=z1kd1z25.json
20r KTK pseudo MB365UV-MB780IR,AraNF-8,ark~=21198=z1kd1z25.json
20r KTK pseudo MB365UV-VIS,AraNF-8,ark~=21198=z1kd1z25.json
20r KTK pseudo WBUVO22-VIS,AraNF-8,ark~=21198=z1kd1z25.json
20r KTK pseudo WBUVUVb-MB780IR,AraNF-8,ark~=21198=z1kd1z25.json
20r KTK sharpie MB365UV-MB780IR,AraNF-8,ark~=21198=z1kd1z25.json
20r KTK sharpie WBUVB47-VIS,AraNF-8,ark~=21198=z1kd1z25.json
20r KTK sharpie WBUVG58-MB780IR,AraNF-8,ark~=21198=z1kd1z25.json
20r KTK sharpie WBUVG58-VIS,AraNF-8,ark~=21198=z1kd1z25.json
20r KTK sharpie WBUVO22-MB780IR,AraNF-8,ark~=21198=z1kd1z25.json
20r KTK sharpie WBUVUVb-MB780IR,AraNF-8,ark~=21198=z1kd1z25.json
20v KTK pseudo MB365UV-MB780IR,AraNF-8,ark~=21198=z1kd1z25.json
20v KTK pseudo WBUVO22-VIS,AraNF-8,ark~=21198=z1kd1z25.json
20v KTK pseudo WBUVUVb-MB780IR,AraNF-8,ark~=21198=z1kd1z25.json
20v KTK pseudo WBUVUVb-VIS,AraNF-8,ark~=21198=z1kd1z25.json
20v KTK sharpie avgUV-VIS,AraNF-8,ark~=21198=z1kd1z25.json
20v KTK sharpie MB365UV-MB780IR,AraNF-8,ark~=21198=z1kd1z25.json
20v KTK sharpie WBUVB47-VIS,AraNF-8,ark~=21198=z1kd1z25.json
20v KTK sharpie WBUVG58-MB780IR,AraNF-8,ark~=21198=z1kd1z25.json
20v KTK sharpie WBUVG58-VIS,AraNF-8,ark~=21198=z1kd1z25.json
20v KTK sharpie WBUVO22-MB780IR,AraNF-8,ark~=21198=z1kd1z25.json
20v KTK sharpie WBUVO22-VIS,AraNF-8,ark~=21198=z1kd1z25.json
20v KTK sharpie WBUVUVb-MB780IR,AraNF-8,ark~=21198=z1kd1z25.json
20v KTK sharpie WBUVUVb-VIS,AraNF-8,ark~=21198=z1kd1z25.json
21r KTK pseudo MB365UV-MB780IR,AraNF-8,ark~=21198=z1kd1z25.json
21r KTK pseudo MB365UV-VIS,AraNF-8,ark~=21198=z1kd1z25.json
21r KTK pseudo WBUVUVb-MB780IR,AraNF-8,ark~=21198=z1kd1z25.json
21r KTK pseudo WBUVUVb-VIS,AraNF-8,ark~=21198=z1kd1z25.json
21r KTK pseudo WBUVUVP-VIS,AraNF-8,ark~=21198=z1kd1z25.json
21r KTK sharpie avgUV-VIS,AraNF-8,ark~=21198=z1kd1z25.json
21r KTK sharpie MB365UV-MB780IR,AraNF-8,ark~=21198=z1kd1z25.json
21r KTK sharpie MB365UV-VIS,AraNF-8,ark~=21198=z1kd1z25.json
21r KTK sharpie WBUVB47-VIS,AraNF-8,ark~=21198=z1kd1z25.json
21r KTK sharpie WBUVG58-MB780IR,AraNF-8,ark~=21198=z1kd1z25.json
21r KTK sharpie WBUVO22-MB780IR,AraNF-8,ark~=21198=z1kd1z25.json
21r KTK sharpie WBUVO22-VIS,AraNF-8,ark~=21198=z1kd1z25.json
21r KTK sharpie WBUVUVb-MB780IR,AraNF-8,ark~=21198=z1kd1z25.json
21v KTK pseudo MB365UV-MB780IR,AraNF-8,ark~=21198=z1kd1z25.json
21v KTK pseudo MB365UV-VIS,AraNF-8,ark~=21198=z1kd1z25.json
21v KTK pseudo WBUVO22-VIS,AraNF-8,ark~=21198=z1kd1z25.json
21v KTK pseudo WBUVUVb-MB780IR,AraNF-8,ark~=21198=z1kd1z25.json
21v KTK pseudo WBUVUVb-VIS,AraNF-8,ark~=21198=z1kd1z25.json
21v KTK pseudo WBUVUVP-VIS,AraNF-8,ark~=21198=z1kd1z25.json
21v KTK sharpie MB365UV-MB780IR,AraNF-8,ark~=21198=z1kd1z25.json
21v KTK sharpie WBUVB47-VIS,AraNF-8,ark~=21198=z1kd1z25.json
21v KTK sharpie WBUVG58-MB780IR,AraNF-8,ark~=21198=z1kd1z25.json
21v KTK sharpie WBUVG58-VIS,AraNF-8,ark~=21198=z1kd1z25.json
21v KTK sharpie WBUVO22-MB780IR,AraNF-8,ark~=21198=z1kd1z25.json
21v KTK sharpie WBUVO22-VIS,AraNF-8,ark~=21198=z1kd1z25.json
21v KTK sharpie WBUVUVb-MB780IR,AraNF-8,ark~=21198=z1kd1z25.json
22r KTK pseudo MB365UV-MB780IR,AraNF-8,ark~=21198=z1kd1z25.json
22r KTK pseudo MB365UV-VIS,AraNF-8,ark~=21198=z1kd1z25.json
22r KTK pseudo WBUVO22-VIS,AraNF-8,ark~=21198=z1kd1z25.json
22r KTK pseudo WBUVUVb-MB780IR,AraNF-8,ark~=21198=z1kd1z25.json
22r KTK pseudo WBUVUVb-VIS,AraNF-8,ark~=21198=z1kd1z25.json
22r KTK pseudo WBUVUVP-VIS,AraNF-8,ark~=21198=z1kd1z25.json
22r KTK sharpie MB365UV-MB780IR,AraNF-8,ark~=21198=z1kd1z25.json
22r KTK sharpie WBUVB47-VIS,AraNF-8,ark~=21198=z1kd1z25.json
22r KTK sharpie WBUVG58-MB780IR,AraNF-8,ark~=21198=z1kd1z25.json
22r KTK sharpie WBUVG58-VIS,AraNF-8,ark~=21198=z1kd1z25.json
22r KTK sharpie WBUVO22-MB780IR,AraNF-8,ark~=21198=z1kd1z25.json
22r KTK sharpie WBUVO22-VIS,AraNF-8,ark~=21198=z1kd1z25.json
22r KTK sharpie WBUVUVb-MB780IR,AraNF-8,ark~=21198=z1kd1z25.json
22v KTK pseudo MB365UV-MB780IR,AraNF-8,ark~=21198=z1kd1z25.json
22v KTK pseudo MB365UV-VIS,AraNF-8,ark~=21198=z1kd1z25.json
22v KTK pseudo WBUVO22-VIS,AraNF-8,ark~=21198=z1kd1z25.json
22v KTK pseudo WBUVUVb-MB780IR,AraNF-8,ark~=21198=z1kd1z25.json
22v KTK pseudo WBUVUVb-VIS,AraNF-8,ark~=21198=z1kd1z25.json
22v KTK pseudo WBUVUVP-VIS,AraNF-8,ark~=21198=z1kd1z25.json
22v KTK sharpie avgUV-VIS,AraNF-8,ark~=21198=z1kd1z25.json
22v KTK sharpie MB365UV-MB780IR,AraNF-8,ark~=21198=z1kd1z25.json
22v KTK sharpie MB365UV-VIS,AraNF-8,ark~=21198=z1kd1z25.json
22v KTK sharpie WBUVB47-VIS,AraNF-8,ark~=21198=z1kd1z25.json
22v KTK sharpie WBUVG58-MB780IR,AraNF-8,ark~=21198=z1kd1z25.json
22v KTK sharpie WBUVO22-MB780IR,AraNF-8,ark~=21198=z1kd1z25.json
22v KTK sharpie WBUVO22-VIS,AraNF-8,ark~=21198=z1kd1z25.json
22v KTK sharpie WBUVUVb-MB780IR,AraNF-8,ark~=21198=z1kd1z25.json
22v KTK sharpie WBUVUVb-VIS,AraNF-8,ark~=21198=z1kd1z25.json
23r KTK pseudo MB365UV-MB780IR,AraNF-8,ark~=21198=z1kd1z25.json
23r KTK pseudo WBUVO22-VIS,AraNF-8,ark~=21198=z1kd1z25.json
23r KTK pseudo WBUVUVb-MB780IR,AraNF-8,ark~=21198=z1kd1z25.json
23r KTK pseudo WBUVUVb-VIS,AraNF-8,ark~=21198=z1kd1z25.json
23r KTK sharpie avgUV-VIS,AraNF-8,ark~=21198=z1kd1z25.json
23r KTK sharpie MB365UV-MB780IR,AraNF-8,ark~=21198=z1kd1z25.json
23r KTK sharpie WBUVB47-VIS,AraNF-8,ark~=21198=z1kd1z25.json
23r KTK sharpie WBUVG58-MB780IR,AraNF-8,ark~=21198=z1kd1z25.json
23r KTK sharpie WBUVG58-VIS,AraNF-8,ark~=21198=z1kd1z25.json
23r KTK sharpie WBUVO22-MB780IR,AraNF-8,ark~=21198=z1kd1z25.json
23r KTK sharpie WBUVO22-VIS,AraNF-8,ark~=21198=z1kd1z25.json
23r KTK sharpie WBUVUVb-MB780IR,AraNF-8,ark~=21198=z1kd1z25.json
23r KTK sharpie WBUVUVb-VIS,AraNF-8,ark~=21198=z1kd1z25.json
23v KTK pseudo MB365UV-MB780IR,AraNF-8,ark~=21198=z1kd1z25.json
23v KTK pseudo WBUVUVb-MB780IR,AraNF-8,ark~=21198=z1kd1z25.json
23v KTK pseudo WBUVUVP-VIS,AraNF-8,ark~=21198=z1kd1z25.json
23v KTK sharpie MB365UV-MB780IR,AraNF-8,ark~=21198=z1kd1z25.json
23v KTK sharpie WBUVB47-VIS,AraNF-8,ark~=21198=z1kd1z25.json
23v KTK sharpie WBUVG58-MB780IR,AraNF-8,ark~=21198=z1kd1z25.json
23v KTK sharpie WBUVG58-VIS,AraNF-8,ark~=21198=z1kd1z25.json
23v KTK sharpie WBUVO22-MB780IR,AraNF-8,ark~=21198=z1kd1z25.json
23v KTK sharpie WBUVO22-VIS,AraNF-8,ark~=21198=z1kd1z25.json
23v KTK sharpie WBUVUVb-MB780IR,AraNF-8,ark~=21198=z1kd1z25.json
24r KTK pseudo MB365UV-MB780IR,AraNF-8,ark~=21198=z1kd1z25.json
24r KTK pseudo MB365UV-VIS,AraNF-8,ark~=21198=z1kd1z25.json
24r KTK pseudo WBUVUVb-MB780IR,AraNF-8,ark~=21198=z1kd1z25.json
24r KTK pseudo WBUVUVb-VIS,AraNF-8,ark~=21198=z1kd1z25.json
24r KTK pseudo WBUVUVP-VIS,AraNF-8,ark~=21198=z1kd1z25.json
24r KTK sharpie MB365UV-MB780IR,AraNF-8,ark~=21198=z1kd1z25.json
24r KTK sharpie WBUVB47-VIS,AraNF-8,ark~=21198=z1kd1z25.json
24r KTK sharpie WBUVG58-MB780IR,AraNF-8,ark~=21198=z1kd1z25.json
24r KTK sharpie WBUVG58-VIS,AraNF-8,ark~=21198=z1kd1z25.json
24r KTK sharpie WBUVO22-MB780IR,AraNF-8,ark~=21198=z1kd1z25.json
24r KTK sharpie WBUVO22-VIS,AraNF-8,ark~=21198=z1kd1z25.json
24r KTK sharpie WBUVUVb-MB780IR,AraNF-8,ark~=21198=z1kd1z25.json
24r KTK sharpie WBUVUVb-VIS,AraNF-8,ark~=21198=z1kd1z25.json
24v KTK pseudo MB365UV-MB780IR,AraNF-8,ark~=21198=z1kd1z25.json
24v KTK pseudo WBUVO22-VIS,AraNF-8,ark~=21198=z1kd1z25.json
24v KTK pseudo WBUVUVb-MB780IR,AraNF-8,ark~=21198=z1kd1z25.json
24v KTK pseudo WBUVUVb-VIS,AraNF-8,ark~=21198=z1kd1z25.json
24v KTK pseudo WBUVUVP-VIS,AraNF-8,ark~=21198=z1kd1z25.json
24v KTK sharpie MB365UV-MB780IR,AraNF-8,ark~=21198=z1kd1z25.json
24v KTK sharpie WBUVB47-VIS,AraNF-8,ark~=21198=z1kd1z25.json
24v KTK sharpie WBUVG58-MB780IR,AraNF-8,ark~=21198=z1kd1z25.json
24v KTK sharpie WBUVO22-MB780IR,AraNF-8,ark~=21198=z1kd1z25.json
24v KTK sharpie WBUVO22-VIS,AraNF-8,ark~=21198=z1kd1z25.json
24v KTK sharpie WBUVUVb-MB780IR,AraNF-8,ark~=21198=z1kd1z25.json
24v KTK sharpie WBUVUVb-VIS,AraNF-8,ark~=21198=z1kd1z25.json
25r KTK pseudo MB365UV-MB780IR,AraNF-8,ark~=21198=z1kd1z25.json
25r KTK pseudo MB365UV-VIS,AraNF-8,ark~=21198=z1kd1z25.json
25r KTK pseudo WBUVUVb-MB780IR,AraNF-8,ark~=21198=z1kd1z25.json
25r KTK pseudo WBUVUVP-VIS,AraNF-8,ark~=21198=z1kd1z25.json
25r KTK sharpie MB365UV-MB780IR,AraNF-8,ark~=21198=z1kd1z25.json
25r KTK sharpie WBUVB47-VIS,AraNF-8,ark~=21198=z1kd1z25.json
25r KTK sharpie WBUVG58-MB780IR,AraNF-8,ark~=21198=z1kd1z25.json
25r KTK sharpie WBUVG58-VIS,AraNF-8,ark~=21198=z1kd1z25.json
25r KTK sharpie WBUVO22-MB780IR,AraNF-8,ark~=21198=z1kd1z25.json
25r KTK sharpie WBUVO22-VIS,AraNF-8,ark~=21198=z1kd1z25.json
25r KTK sharpie WBUVUVb-MB780IR,AraNF-8,ark~=21198=z1kd1z25.json
25r KTK sharpie WBUVUVb-VIS,AraNF-8,ark~=21198=z1kd1z25.json
25v KTK pseudo MB365UV-MB780IR,AraNF-8,ark~=21198=z1kd1z25.json
25v KTK pseudo WBUVUVb-MB780IR,AraNF-8,ark~=21198=z1kd1z25.json
25v KTK pseudo WBUVUVb-VIS,AraNF-8,ark~=21198=z1kd1z25.json
25v KTK sharpie MB365UV-MB780IR,AraNF-8,ark~=21198=z1kd1z25.json
25v KTK sharpie WBUVB47-VIS,AraNF-8,ark~=21198=z1kd1z25.json
25v KTK sharpie WBUVG58-MB780IR,AraNF-8,ark~=21198=z1kd1z25.json
25v KTK sharpie WBUVG58-VIS,AraNF-8,ark~=21198=z1kd1z25.json
25v KTK sharpie WBUVO22-MB780IR,AraNF-8,ark~=21198=z1kd1z25.json
25v KTK sharpie WBUVO22-VIS,AraNF-8,ark~=21198=z1kd1z25.json
25v KTK sharpie WBUVUVb-MB780IR,AraNF-8,ark~=21198=z1kd1z25.json
26r KTK pseudo MB365UV-VIS,AraNF-8,ark~=21198=z1kd1z25.json
26r KTK pseudo WBUVO22-VIS,AraNF-8,ark~=21198=z1kd1z25.json
26r KTK pseudo WBUVUVb-VIS,AraNF-8,ark~=21198=z1kd1z25.json
26r KTK pseudo WBUVUVP-VIS,AraNF-8,ark~=21198=z1kd1z25.json
26r KTK sharpie avgUV-VIS,AraNF-8,ark~=21198=z1kd1z25.json
26r KTK sharpie WBUVB47-VIS,AraNF-8,ark~=21198=z1kd1z25.json
26r KTK sharpie WBUVO22-VIS,AraNF-8,ark~=21198=z1kd1z25.json
26r KTK sharpie WBUVUVP-VIS,AraNF-8,ark~=21198=z1kd1z25.json
26v KTK pseudo MB365UV-MB780IR,AraNF-8,ark~=21198=z1kd1z25.json
26v KTK pseudo MB365UV-VIS,AraNF-8,ark~=21198=z1kd1z25.json
26v KTK pseudo WBUVO22-VIS,AraNF-8,ark~=21198=z1kd1z25.json
26v KTK pseudo WBUVUVb-MB780IR,AraNF-8,ark~=21198=z1kd1z25.json
26v KTK pseudo WBUVUVP-VIS,AraNF-8,ark~=21198=z1kd1z25.json
26v KTK sharpie avgUV-VIS,AraNF-8,ark~=21198=z1kd1z25.json
26v KTK sharpie MB365UV-MB780IR,AraNF-8,ark~=21198=z1kd1z25.json
26v KTK sharpie WBUVB47-VIS,AraNF-8,ark~=21198=z1kd1z25.json
26v KTK sharpie WBUVG58-MB780IR,AraNF-8,ark~=21198=z1kd1z25.json
26v KTK sharpie WBUVG58-VIS,AraNF-8,ark~=21198=z1kd1z25.json
26v KTK sharpie WBUVO22-MB780IR,AraNF-8,ark~=21198=z1kd1z25.json
26v KTK sharpie WBUVO22-VIS,AraNF-8,ark~=21198=z1kd1z25.json
26v KTK sharpie WBUVUVb-MB780IR,AraNF-8,ark~=21198=z1kd1z25.json
27r KTK pseudo MB365UV-MB780IR,AraNF-8,ark~=21198=z1kd1z25.json
27r KTK pseudo WBUVUVb-MB780IR,AraNF-8,ark~=21198=z1kd1z25.json
27r KTK pseudo WBUVUVb-VIS,AraNF-8,ark~=21198=z1kd1z25.json
27r KTK sharpie MB365UV-MB780IR,AraNF-8,ark~=21198=z1kd1z25.json
27r KTK sharpie WBUVB47-VIS,AraNF-8,ark~=21198=z1kd1z25.json
27r KTK sharpie WBUVG58-MB780IR,AraNF-8,ark~=21198=z1kd1z25.json
27r KTK sharpie WBUVG58-VIS,AraNF-8,ark~=21198=z1kd1z25.json
27r KTK sharpie WBUVO22-MB780IR,AraNF-8,ark~=21198=z1kd1z25.json
27r KTK sharpie WBUVO22-VIS,AraNF-8,ark~=21198=z1kd1z25.json
27r KTK sharpie WBUVUVb-MB780IR,AraNF-8,ark~=21198=z1kd1z25.json
27r KTK sharpie WBUVUVb-VIS,AraNF-8,ark~=21198=z1kd1z25.json
27v KTK pseudo MB365UV-MB780IR,AraNF-8,ark~=21198=z1kd1z25.json
27v KTK pseudo MB365UV-VIS,AraNF-8,ark~=21198=z1kd1z25.json
27v KTK pseudo WBUVO22-VIS,AraNF-8,ark~=21198=z1kd1z25.json
27v KTK pseudo WBUVUVb-MB780IR,AraNF-8,ark~=21198=z1kd1z25.json
27v KTK pseudo WBUVUVb-VIS,AraNF-8,ark~=21198=z1kd1z25.json
27v KTK pseudo WBUVUVP-VIS,AraNF-8,ark~=21198=z1kd1z25.json
27v KTK sharpie avgUV-VIS,AraNF-8,ark~=21198=z1kd1z25.json
27v KTK sharpie MB365UV-MB780IR,AraNF-8,ark~=21198=z1kd1z25.json
27v KTK sharpie MB365UV-VIS,AraNF-8,ark~=21198=z1kd1z25.json
27v KTK sharpie WBUVB47-VIS,AraNF-8,ark~=21198=z1kd1z25.json
27v KTK sharpie WBUVG58-MB780IR,AraNF-8,ark~=21198=z1kd1z25.json
27v KTK sharpie WBUVG58-VIS,AraNF-8,ark~=21198=z1kd1z25.json
27v KTK sharpie WBUVO22-MB780IR,AraNF-8,ark~=21198=z1kd1z25.json
27v KTK sharpie WBUVUVb-MB780IR,AraNF-8,ark~=21198=z1kd1z25.json
27v KTK sharpie WBUVUVb-VIS,AraNF-8,ark~=21198=z1kd1z25.json
27v KTK sharpie WBUVUVP-VIS,AraNF-8,ark~=21198=z1kd1z25.json
28r KTK pseudo MB365UV-MB780IR,AraNF-8,ark~=21198=z1kd1z25.json
28r KTK pseudo WBUVO22-VIS,AraNF-8,ark~=21198=z1kd1z25.json
28r KTK pseudo WBUVUVb-MB780IR,AraNF-8,ark~=21198=z1kd1z25.json
28r KTK pseudo WBUVUVb-VIS,AraNF-8,ark~=21198=z1kd1z25.json
28r KTK sharpie avgUV-VIS,AraNF-8,ark~=21198=z1kd1z25.json
28r KTK sharpie MB365UV-MB780IR,AraNF-8,ark~=21198=z1kd1z25.json
28r KTK sharpie MB365UV-VIS,AraNF-8,ark~=21198=z1kd1z25.json
28r KTK sharpie WBUVB47-VIS,AraNF-8,ark~=21198=z1kd1z25.json
28r KTK sharpie WBUVG58-MB780IR,AraNF-8,ark~=21198=z1kd1z25.json
28r KTK sharpie WBUVO22-MB780IR,AraNF-8,ark~=21198=z1kd1z25.json
28r KTK sharpie WBUVO22-VIS,AraNF-8,ark~=21198=z1kd1z25.json
28r KTK sharpie WBUVUVb-MB780IR,AraNF-8,ark~=21198=z1kd1z25.json
28v KTK pseudo MB365UV-MB780IR,AraNF-8,ark~=21198=z1kd1z25.json
28v KTK pseudo MB365UV-VIS,AraNF-8,ark~=21198=z1kd1z25.json
28v KTK pseudo WBUVO22-VIS,AraNF-8,ark~=21198=z1kd1z25.json
28v KTK pseudo WBUVUVb-MB780IR,AraNF-8,ark~=21198=z1kd1z25.json
28v KTK pseudo WBUVUVb-VIS,AraNF-8,ark~=21198=z1kd1z25.json
28v KTK pseudo WBUVUVP-VIS,AraNF-8,ark~=21198=z1kd1z25.json
28v KTK sharpie MB365UV-MB780IR,AraNF-8,ark~=21198=z1kd1z25.json
28v KTK sharpie WBUVB47-VIS,AraNF-8,ark~=21198=z1kd1z25.json
28v KTK sharpie WBUVG58-MB780IR,AraNF-8,ark~=21198=z1kd1z25.json
28v KTK sharpie WBUVG58-VIS,AraNF-8,ark~=21198=z1kd1z25.json
28v KTK sharpie WBUVO22-MB780IR,AraNF-8,ark~=21198=z1kd1z25.json
28v KTK sharpie WBUVO22-VIS,AraNF-8,ark~=21198=z1kd1z25.json
28v KTK sharpie WBUVUVb-MB780IR,AraNF-8,ark~=21198=z1kd1z25.json
29r KTK pseudo MB365UV-MB780IR,AraNF-8,ark~=21198=z1kd1z25.json
29r KTK pseudo MB365UV-VIS,AraNF-8,ark~=21198=z1kd1z25.json
29r KTK pseudo WBUVO22-VIS,AraNF-8,ark~=21198=z1kd1z25.json
29r KTK pseudo WBUVUVb-MB780IR,AraNF-8,ark~=21198=z1kd1z25.json
29r KTK pseudo WBUVUVb-VIS,AraNF-8,ark~=21198=z1kd1z25.json
29r KTK pseudo WBUVUVP-VIS,AraNF-8,ark~=21198=z1kd1z25.json
29r KTK sharpie avgUV-VIS,AraNF-8,ark~=21198=z1kd1z25.json
29r KTK sharpie MB365UV-MB780IR,AraNF-8,ark~=21198=z1kd1z25.json
29r KTK sharpie MB365UV-VIS,AraNF-8,ark~=21198=z1kd1z25.json
29r KTK sharpie WBUVB47-VIS,AraNF-8,ark~=21198=z1kd1z25.json
29r KTK sharpie WBUVG58-MB780IR,AraNF-8,ark~=21198=z1kd1z25.json
29r KTK sharpie WBUVG58-VIS,AraNF-8,ark~=21198=z1kd1z25.json
29r KTK sharpie WBUVO22-MB780IR,AraNF-8,ark~=21198=z1kd1z25.json
29r KTK sharpie WBUVO22-VIS,AraNF-8,ark~=21198=z1kd1z25.json
29r KTK sharpie WBUVUVb-MB780IR,AraNF-8,ark~=21198=z1kd1z25.json
29r KTK sharpie WBUVUVb-VIS,AraNF-8,ark~=21198=z1kd1z25.json
29v KTK pseudo MB365UV-MB780IR,AraNF-8,ark~=21198=z1kd1z25.json
29v KTK pseudo MB365UV-VIS,AraNF-8,ark~=21198=z1kd1z25.json
29v KTK pseudo WBUVUVb-MB780IR,AraNF-8,ark~=21198=z1kd1z25.json
29v KTK pseudo WBUVUVb-VIS,AraNF-8,ark~=21198=z1kd1z25.json
29v KTK pseudo WBUVUVP-VIS,AraNF-8,ark~=21198=z1kd1z25.json
29v KTK sharpie avgUV-VIS,AraNF-8,ark~=21198=z1kd1z25.json
29v KTK sharpie MB365UV-MB780IR,AraNF-8,ark~=21198=z1kd1z25.json
29v KTK sharpie WBUVB47-VIS,AraNF-8,ark~=21198=z1kd1z25.json
29v KTK sharpie WBUVG58-MB780IR,AraNF-8,ark~=21198=z1kd1z25.json
29v KTK sharpie WBUVO22-MB780IR,AraNF-8,ark~=21198=z1kd1z25.json
29v KTK sharpie WBUVO22-VIS,AraNF-8,ark~=21198=z1kd1z25.json
29v KTK sharpie WBUVUVb-MB780IR,AraNF-8,ark~=21198=z1kd1z25.json
29v KTK sharpie WBUVUVb-VIS,AraNF-8,ark~=21198=z1kd1z25.json
2r KTK pseudo MB365UV-MB780IR,AraNF-8,ark~=21198=z1kd1z25.json
2r KTK pseudo MB365UV-VIS,AraNF-8,ark~=21198=z1kd1z25.json
2r KTK pseudo WBUVO22-VIS,AraNF-8,ark~=21198=z1kd1z25.json
2r KTK pseudo WBUVUVb-MB780IR,AraNF-8,ark~=21198=z1kd1z25.json
2r KTK pseudo WBUVUVb-VIS,AraNF-8,ark~=21198=z1kd1z25.json
2r KTK pseudo WBUVUVP-VIS,AraNF-8,ark~=21198=z1kd1z25.json
2r KTK sharpie WBUVO22-MB780IR,AraNF-8,ark~=21198=z1kd1z25.json
2r KTK sharpie WBUVUVb-MB780IR,AraNF-8,ark~=21198=z1kd1z25.json
2r KTK sharpie WBUVUVb-VIS,AraNF-8,ark~=21198=z1kd1z25.json
2v KTK pseudo MB365UV-MB780IR,AraNF-8,ark~=21198=z1kd1z25.json
2v KTK pseudo MB365UV-VIS,AraNF-8,ark~=21198=z1kd1z25.json
2v KTK pseudo WBUVO22-VIS,AraNF-8,ark~=21198=z1kd1z25.json
2v KTK pseudo WBUVUVb-MB780IR,AraNF-8,ark~=21198=z1kd1z25.json
2v KTK pseudo WBUVUVb-VIS,AraNF-8,ark~=21198=z1kd1z25.json
2v KTK pseudo WBUVUVP-VIS,AraNF-8,ark~=21198=z1kd1z25.json
2v KTK sharpie MB365UV-MB780IR,AraNF-8,ark~=21198=z1kd1z25.json
2v KTK sharpie MB365UV-VIS,AraNF-8,ark~=21198=z1kd1z25.json
2v KTK sharpie WBUVB47-VIS,AraNF-8,ark~=21198=z1kd1z25.json
2v KTK sharpie WBUVG58-MB780IR,AraNF-8,ark~=21198=z1kd1z25.json
2v KTK sharpie WBUVO22-MB780IR,AraNF-8,ark~=21198=z1kd1z25.json
2v KTK sharpie WBUVUVb-MB780IR,AraNF-8,ark~=21198=z1kd1z25.json
2v KTK sharpie WBUVUVP-VIS,AraNF-8,ark~=21198=z1kd1z25.json
30r KTK pseudo MB365UV-VIS,AraNF-8,ark~=21198=z1kd1z25.json
30r KTK pseudo WBUVUVP-VIS,AraNF-8,ark~=21198=z1kd1z25.json
30r KTK sharpie avgUV-VIS,AraNF-8,ark~=21198=z1kd1z25.json
30r KTK sharpie MB365UV-VIS,AraNF-8,ark~=21198=z1kd1z25.json
30r KTK sharpie WBUVB47-VIS,AraNF-8,ark~=21198=z1kd1z25.json
30r KTK sharpie WBUVG58-VIS,AraNF-8,ark~=21198=z1kd1z25.json
30r KTK sharpie WBUVO22-VIS,AraNF-8,ark~=21198=z1kd1z25.json
30r KTK sharpie WBUVUVb-VIS,AraNF-8,ark~=21198=z1kd1z25.json
30v KTK pseudo MB365UV-MB780IR,AraNF-8,ark~=21198=z1kd1z25.json
30v KTK pseudo WBUVO22-VIS,AraNF-8,ark~=21198=z1kd1z25.json
30v KTK pseudo WBUVUVb-MB780IR,AraNF-8,ark~=21198=z1kd1z25.json
30v KTK pseudo WBUVUVb-VIS,AraNF-8,ark~=21198=z1kd1z25.json
30v KTK sharpie MB365UV-MB780IR,AraNF-8,ark~=21198=z1kd1z25.json
30v KTK sharpie WBUVB47-VIS,AraNF-8,ark~=21198=z1kd1z25.json
30v KTK sharpie WBUVG58-MB780IR,AraNF-8,ark~=21198=z1kd1z25.json
30v KTK sharpie WBUVG58-VIS,AraNF-8,ark~=21198=z1kd1z25.json
30v KTK sharpie WBUVO22-MB780IR,AraNF-8,ark~=21198=z1kd1z25.json
30v KTK sharpie WBUVO22-VIS,AraNF-8,ark~=21198=z1kd1z25.json
30v KTK sharpie WBUVUVb-MB780IR,AraNF-8,ark~=21198=z1kd1z25.json
30v KTK sharpie WBUVUVb-VIS,AraNF-8,ark~=21198=z1kd1z25.json
31r KTK pseudo MB365UV-VIS,AraNF-8,ark~=21198=z1kd1z25.json
31r KTK sharpie avgUV-VIS,AraNF-8,ark~=21198=z1kd1z25.json
31r KTK sharpie WBUVB47-VIS,AraNF-8,ark~=21198=z1kd1z25.json
31r KTK sharpie WBUVG58-VIS,AraNF-8,ark~=21198=z1kd1z25.json
31v KTK pseudo MB365UV-MB780IR,AraNF-8,ark~=21198=z1kd1z25.json
31v KTK pseudo WBUVUVb-MB780IR,AraNF-8,ark~=21198=z1kd1z25.json
31v KTK pseudo WBUVUVb-VIS,AraNF-8,ark~=21198=z1kd1z25.json
31v KTK sharpie MB365UV-MB780IR,AraNF-8,ark~=21198=z1kd1z25.json
31v KTK sharpie WBUVB47-VIS,AraNF-8,ark~=21198=z1kd1z25.json
31v KTK sharpie WBUVG58-MB780IR,AraNF-8,ark~=21198=z1kd1z25.json
31v KTK sharpie WBUVO22-MB780IR,AraNF-8,ark~=21198=z1kd1z25.json
31v KTK sharpie WBUVO22-VIS,AraNF-8,ark~=21198=z1kd1z25.json
31v KTK sharpie WBUVUVb-MB780IR,AraNF-8,ark~=21198=z1kd1z25.json
32r KTK pseudo MB365UV-VIS,AraNF-8,ark~=21198=z1kd1z25.json
32r KTK pseudo WBUVUVb-VIS,AraNF-8,ark~=21198=z1kd1z25.json
32r KTK pseudo WBUVUVP-VIS,AraNF-8,ark~=21198=z1kd1z25.json
32r KTK sharpie avgUV-VIS,AraNF-8,ark~=21198=z1kd1z25.json
32r KTK sharpie MB365UV-VIS,AraNF-8,ark~=21198=z1kd1z25.json
32r KTK sharpie WBUVB47-VIS,AraNF-8,ark~=21198=z1kd1z25.json
32r KTK sharpie WBUVG58-VIS,AraNF-8,ark~=21198=z1kd1z25.json
32r KTK sharpie WBUVO22-VIS,AraNF-8,ark~=21198=z1kd1z25.json
32v KTK pseudo MB365UV-MB780IR,AraNF-8,ark~=21198=z1kd1z25.json
32v KTK pseudo MB365UV-VIS,AraNF-8,ark~=21198=z1kd1z25.json
32v KTK pseudo WBUVO22-VIS,AraNF-8,ark~=21198=z1kd1z25.json
32v KTK pseudo WBUVUVb-MB780IR,AraNF-8,ark~=21198=z1kd1z25.json
32v KTK pseudo WBUVUVb-VIS,AraNF-8,ark~=21198=z1kd1z25.json
32v KTK pseudo WBUVUVP-VIS,AraNF-8,ark~=21198=z1kd1z25.json
32v KTK sharpie avgUV-VIS,AraNF-8,ark~=21198=z1kd1z25.json
32v KTK sharpie MB365UV-MB780IR,AraNF-8,ark~=21198=z1kd1z25.json
32v KTK sharpie WBUVB47-VIS,AraNF-8,ark~=21198=z1kd1z25.json
32v KTK sharpie WBUVG58-MB780IR,AraNF-8,ark~=21198=z1kd1z25.json
32v KTK sharpie WBUVG58-VIS,AraNF-8,ark~=21198=z1kd1z25.json
32v KTK sharpie WBUVO22-MB780IR,AraNF-8,ark~=21198=z1kd1z25.json
32v KTK sharpie WBUVO22-VIS,AraNF-8,ark~=21198=z1kd1z25.json
32v KTK sharpie WBUVUVb-MB780IR,AraNF-8,ark~=21198=z1kd1z25.json
33r KTK pseudo MB365UV-VIS,AraNF-8,ark~=21198=z1kd1z25.json
33r KTK pseudo WBUVO22-VIS,AraNF-8,ark~=21198=z1kd1z25.json
33r KTK pseudo WBUVUVb-VIS,AraNF-8,ark~=21198=z1kd1z25.json
33r KTK pseudo WBUVUVP-VIS,AraNF-8,ark~=21198=z1kd1z25.json
33r KTK sharpie WBUVB47-VIS,AraNF-8,ark~=21198=z1kd1z25.json
33r KTK sharpie WBUVO22-VIS,AraNF-8,ark~=21198=z1kd1z25.json
33r KTK sharpie WBUVUVb-VIS,AraNF-8,ark~=21198=z1kd1z25.json
33v KTK pseudo MB365UV-MB780IR,AraNF-8,ark~=21198=z1kd1z25.json
33v KTK pseudo MB365UV-VIS,AraNF-8,ark~=21198=z1kd1z25.json
33v KTK pseudo WBUVO22-VIS,AraNF-8,ark~=21198=z1kd1z25.json
33v KTK pseudo WBUVUVb-MB780IR,AraNF-8,ark~=21198=z1kd1z25.json
33v KTK pseudo WBUVUVb-VIS,AraNF-8,ark~=21198=z1kd1z25.json
33v KTK pseudo WBUVUVP-VIS,AraNF-8,ark~=21198=z1kd1z25.json
33v KTK sharpie MB365UV-MB780IR,AraNF-8,ark~=21198=z1kd1z25.json
33v KTK sharpie MB365UV-VIS,AraNF-8,ark~=21198=z1kd1z25.json
33v KTK sharpie WBUVB47-VIS,AraNF-8,ark~=21198=z1kd1z25.json
33v KTK sharpie WBUVG58-MB780IR,AraNF-8,ark~=21198=z1kd1z25.json
33v KTK sharpie WBUVG58-VIS,AraNF-8,ark~=21198=z1kd1z25.json
33v KTK sharpie WBUVO22-MB780IR,AraNF-8,ark~=21198=z1kd1z25.json
33v KTK sharpie WBUVO22-VIS,AraNF-8,ark~=21198=z1kd1z25.json
33v KTK sharpie WBUVUVb-MB780IR,AraNF-8,ark~=21198=z1kd1z25.json
33v KTK sharpie WBUVUVb-VIS,AraNF-8,ark~=21198=z1kd1z25.json
34r KTK pseudo WBUVO22-VIS,AraNF-8,ark~=21198=z1kd1z25.json
34r KTK pseudo WBUVUVb-VIS,AraNF-8,ark~=21198=z1kd1z25.json
34r KTK sharpie avgUV-VIS,AraNF-8,ark~=21198=z1kd1z25.json
34r KTK sharpie WBUVB47-VIS,AraNF-8,ark~=21198=z1kd1z25.json
34r KTK sharpie WBUVG58-VIS,AraNF-8,ark~=21198=z1kd1z25.json
34r KTK sharpie WBUVO22-VIS,AraNF-8,ark~=21198=z1kd1z25.json
34v KTK pseudo MB365UV-MB780IR,AraNF-8,ark~=21198=z1kd1z25.json
34v KTK pseudo WBUVUVb-MB780IR,AraNF-8,ark~=21198=z1kd1z25.json
34v KTK pseudo WBUVUVP-VIS,AraNF-8,ark~=21198=z1kd1z25.json
34v KTK sharpie avgUV-VIS,AraNF-8,ark~=21198=z1kd1z25.json
34v KTK sharpie MB365UV-MB780IR,AraNF-8,ark~=21198=z1kd1z25.json
34v KTK sharpie WBUVB47-VIS,AraNF-8,ark~=21198=z1kd1z25.json
34v KTK sharpie WBUVG58-MB780IR,AraNF-8,ark~=21198=z1kd1z25.json
34v KTK sharpie WBUVG58-VIS,AraNF-8,ark~=21198=z1kd1z25.json
34v KTK sharpie WBUVO22-MB780IR,AraNF-8,ark~=21198=z1kd1z25.json
34v KTK sharpie WBUVUVb-MB780IR,AraNF-8,ark~=21198=z1kd1z25.json
34v KTK sharpie WBUVUVb-VIS,AraNF-8,ark~=21198=z1kd1z25.json
35r KTK pseudo MB365UV-MB780IR,AraNF-8,ark~=21198=z1kd1z25.json
35r KTK pseudo MB365UV-VIS,AraNF-8,ark~=21198=z1kd1z25.json
35r KTK pseudo WBUVUVb-MB780IR,AraNF-8,ark~=21198=z1kd1z25.json
35r KTK pseudo WBUVUVb-VIS,AraNF-8,ark~=21198=z1kd1z25.json
35r KTK pseudo WBUVUVP-VIS,AraNF-8,ark~=21198=z1kd1z25.json
35r KTK sharpie MB365UV-MB780IR,AraNF-8,ark~=21198=z1kd1z25.json
35r KTK sharpie WBUVB47-VIS,AraNF-8,ark~=21198=z1kd1z25.json
35r KTK sharpie WBUVG58-MB780IR,AraNF-8,ark~=21198=z1kd1z25.json
35r KTK sharpie WBUVO22-MB780IR,AraNF-8,ark~=21198=z1kd1z25.json
35r KTK sharpie WBUVO22-VIS,AraNF-8,ark~=21198=z1kd1z25.json
35r KTK sharpie WBUVUVb-MB780IR,AraNF-8,ark~=21198=z1kd1z25.json
35r KTK sharpie WBUVUVb-VIS,AraNF-8,ark~=21198=z1kd1z25.json
35v KTK pseudo WBUVUVb-MB780IR,AraNF-8,ark~=21198=z1kd1z25.json
35v KTK pseudo WBUVUVb-VIS,AraNF-8,ark~=21198=z1kd1z25.json
35v KTK pseudo WBUVUVP-VIS,AraNF-8,ark~=21198=z1kd1z25.json
35v KTK sharpie WBUVB47-VIS,AraNF-8,ark~=21198=z1kd1z25.json
35v KTK sharpie WBUVG58-VIS,AraNF-8,ark~=21198=z1kd1z25.json
35v KTK sharpie WBUVO22-VIS,AraNF-8,ark~=21198=z1kd1z25.json
35v KTK sharpie WBUVUVb-VIS,AraNF-8,ark~=21198=z1kd1z25.json
36r KTK pseudo MB365UV-MB780IR,AraNF-8,ark~=21198=z1kd1z25.json
36r KTK pseudo MB365UV-VIS,AraNF-8,ark~=21198=z1kd1z25.json
36r KTK pseudo WBUVO22-VIS,AraNF-8,ark~=21198=z1kd1z25.json
36r KTK pseudo WBUVUVb-MB780IR,AraNF-8,ark~=21198=z1kd1z25.json
36r KTK pseudo WBUVUVP-VIS,AraNF-8,ark~=21198=z1kd1z25.json
36r KTK sharpie MB365UV-MB780IR,AraNF-8,ark~=21198=z1kd1z25.json
36r KTK sharpie WBUVB47-VIS,AraNF-8,ark~=21198=z1kd1z25.json
36r KTK sharpie WBUVG58-MB780IR,AraNF-8,ark~=21198=z1kd1z25.json
36r KTK sharpie WBUVG58-VIS,AraNF-8,ark~=21198=z1kd1z25.json
36r KTK sharpie WBUVO22-MB780IR,AraNF-8,ark~=21198=z1kd1z25.json
36r KTK sharpie WBUVO22-VIS,AraNF-8,ark~=21198=z1kd1z25.json
36r KTK sharpie WBUVUVb-MB780IR,AraNF-8,ark~=21198=z1kd1z25.json
36v KTK pseudo WBUVO22-VIS,AraNF-8,ark~=21198=z1kd1z25.json
36v KTK pseudo WBUVUVb-VIS,AraNF-8,ark~=21198=z1kd1z25.json
36v KTK sharpie WBUVB47-VIS,AraNF-8,ark~=21198=z1kd1z25.json
37r KTK pseudo MB365UV-MB780IR,AraNF-8,ark~=21198=z1kd1z25.json
37r KTK pseudo MB365UV-VIS,AraNF-8,ark~=21198=z1kd1z25.json
37r KTK pseudo WBUVO22-VIS,AraNF-8,ark~=21198=z1kd1z25.json
37r KTK pseudo WBUVUVb-MB780IR,AraNF-8,ark~=21198=z1kd1z25.json
37r KTK pseudo WBUVUVb-VIS,AraNF-8,ark~=21198=z1kd1z25.json
37r KTK pseudo WBUVUVP-VIS,AraNF-8,ark~=21198=z1kd1z25.json
37r KTK sharpie MB365UV-MB780IR,AraNF-8,ark~=21198=z1kd1z25.json
37r KTK sharpie WBUVB47-VIS,AraNF-8,ark~=21198=z1kd1z25.json
37r KTK sharpie WBUVG58-MB780IR,AraNF-8,ark~=21198=z1kd1z25.json
37r KTK sharpie WBUVG58-VIS,AraNF-8,ark~=21198=z1kd1z25.json
37r KTK sharpie WBUVO22-MB780IR,AraNF-8,ark~=21198=z1kd1z25.json
37r KTK sharpie WBUVUVb-MB780IR,AraNF-8,ark~=21198=z1kd1z25.json
37v KTK pseudo MB365UV-VIS,AraNF-8,ark~=21198=z1kd1z25.json
37v KTK pseudo WBUVO22-VIS,AraNF-8,ark~=21198=z1kd1z25.json
37v KTK pseudo WBUVUVP-VIS,AraNF-8,ark~=21198=z1kd1z25.json
37v KTK sharpie avgUV-VIS,AraNF-8,ark~=21198=z1kd1z25.json
37v KTK sharpie WBUVB47-VIS,AraNF-8,ark~=21198=z1kd1z25.json
37v KTK sharpie WBUVG58-VIS,AraNF-8,ark~=21198=z1kd1z25.json
37v KTK sharpie WBUVUVb-VIS,AraNF-8,ark~=21198=z1kd1z25.json
38r KTK pseudo WBUVUVb-VIS,AraNF-8,ark~=21198=z1kd1z25.json
38r KTK sharpie avgUV-VIS,AraNF-8,ark~=21198=z1kd1z25.json
38r KTK sharpie WBUVB47-VIS,AraNF-8,ark~=21198=z1kd1z25.json
38r KTK sharpie WBUVG58-VIS,AraNF-8,ark~=21198=z1kd1z25.json
38r KTK sharpie WBUVUVb-VIS,AraNF-8,ark~=21198=z1kd1z25.json
38r KTK sharpie WBUVUVP-VIS,AraNF-8,ark~=21198=z1kd1z25.json
38v KTK pseudo MB365UV-VIS,AraNF-8,ark~=21198=z1kd1z25.json
38v KTK pseudo WBUVUVb-VIS,AraNF-8,ark~=21198=z1kd1z25.json
38v KTK pseudo WBUVUVP-VIS,AraNF-8,ark~=21198=z1kd1z25.json
38v KTK sharpie MB365UV-VIS,AraNF-8,ark~=21198=z1kd1z25.json
38v KTK sharpie WBUVB47-VIS,AraNF-8,ark~=21198=z1kd1z25.json
39r KTK pseudo MB365UV-MB780IR,AraNF-8,ark~=21198=z1kd1z25.json
39r KTK pseudo WBUVO22-VIS,AraNF-8,ark~=21198=z1kd1z25.json
39r KTK pseudo WBUVUVb-MB780IR,AraNF-8,ark~=21198=z1kd1z25.json
39r KTK sharpie avgUV-VIS,AraNF-8,ark~=21198=z1kd1z25.json
39r KTK sharpie MB365UV-MB780IR,AraNF-8,ark~=21198=z1kd1z25.json
39r KTK sharpie MB365UV-VIS,AraNF-8,ark~=21198=z1kd1z25.json
39r KTK sharpie WBUVB47-VIS,AraNF-8,ark~=21198=z1kd1z25.json
39r KTK sharpie WBUVG58-MB780IR,AraNF-8,ark~=21198=z1kd1z25.json
39r KTK sharpie WBUVO22-MB780IR,AraNF-8,ark~=21198=z1kd1z25.json
39r KTK sharpie WBUVO22-VIS,AraNF-8,ark~=21198=z1kd1z25.json
39r KTK sharpie WBUVUVb-MB780IR,AraNF-8,ark~=21198=z1kd1z25.json
39v KTK pseudo MB365UV-VIS,AraNF-8,ark~=21198=z1kd1z25.json
39v KTK pseudo WBUVUVb-VIS,AraNF-8,ark~=21198=z1kd1z25.json
39v KTK pseudo WBUVUVP-VIS,AraNF-8,ark~=21198=z1kd1z25.json
39v KTK sharpie avgUV-VIS,AraNF-8,ark~=21198=z1kd1z25.json
39v KTK sharpie WBUVB47-VIS,AraNF-8,ark~=21198=z1kd1z25.json
39v KTK sharpie WBUVUVb-VIS,AraNF-8,ark~=21198=z1kd1z25.json
39v KTK sharpie WBUVUVP-VIS,AraNF-8,ark~=21198=z1kd1z25.json
3r KTK pseudo MB365UV-MB780IR,AraNF-8,ark~=21198=z1kd1z25.json
3r KTK pseudo MB365UV-VIS,AraNF-8,ark~=21198=z1kd1z25.json
3r KTK pseudo WBUVO22-VIS,AraNF-8,ark~=21198=z1kd1z25.json
3r KTK pseudo WBUVUVb-MB780IR,AraNF-8,ark~=21198=z1kd1z25.json
3r KTK pseudo WBUVUVb-VIS,AraNF-8,ark~=21198=z1kd1z25.json
3r KTK pseudo WBUVUVP-VIS,AraNF-8,ark~=21198=z1kd1z25.json
3r KTK sharpie avgUV-VIS,AraNF-8,ark~=21198=z1kd1z25.json
3r KTK sharpie MB365UV-MB780IR,AraNF-8,ark~=21198=z1kd1z25.json
3r KTK sharpie WBUVB47-VIS,AraNF-8,ark~=21198=z1kd1z25.json
3r KTK sharpie WBUVG58-MB780IR,AraNF-8,ark~=21198=z1kd1z25.json
3r KTK sharpie WBUVO22-MB780IR,AraNF-8,ark~=21198=z1kd1z25.json
3r KTK sharpie WBUVUVb-MB780IR,AraNF-8,ark~=21198=z1kd1z25.json
3v KTK pseudo MB365UV-MB780IR,AraNF-8,ark~=21198=z1kd1z25.json
3v KTK pseudo MB365UV-VIS,AraNF-8,ark~=21198=z1kd1z25.json
3v KTK pseudo WBUVO22-VIS,AraNF-8,ark~=21198=z1kd1z25.json
3v KTK pseudo WBUVUVb-MB780IR,AraNF-8,ark~=21198=z1kd1z25.json
3v KTK pseudo WBUVUVb-VIS,AraNF-8,ark~=21198=z1kd1z25.json
3v KTK pseudo WBUVUVP-VIS,AraNF-8,ark~=21198=z1kd1z25.json
3v KTK sharpie MB365UV-MB780IR,AraNF-8,ark~=21198=z1kd1z25.json
3v KTK sharpie WBUVG58-MB780IR,AraNF-8,ark~=21198=z1kd1z25.json
3v KTK sharpie WBUVO22-MB780IR,AraNF-8,ark~=21198=z1kd1z25.json
3v KTK sharpie WBUVUVb-MB780IR,AraNF-8,ark~=21198=z1kd1z25.json
40r KTK pseudo MB365UV-MB780IR,AraNF-8,ark~=21198=z1kd1z25.json
40r KTK pseudo MB365UV-VIS,AraNF-8,ark~=21198=z1kd1z25.json
40r KTK pseudo WBUVUVb-MB780IR,AraNF-8,ark~=21198=z1kd1z25.json
40r KTK pseudo WBUVUVP-VIS,AraNF-8,ark~=21198=z1kd1z25.json
40r KTK sharpie MB365UV-MB780IR,AraNF-8,ark~=21198=z1kd1z25.json
40r KTK sharpie MB365UV-VIS,AraNF-8,ark~=21198=z1kd1z25.json
40r KTK sharpie WBUVB47-VIS,AraNF-8,ark~=21198=z1kd1z25.json
40r KTK sharpie WBUVG58-MB780IR,AraNF-8,ark~=21198=z1kd1z25.json
40r KTK sharpie WBUVG58-VIS,AraNF-8,ark~=21198=z1kd1z25.json
40r KTK sharpie WBUVO22-MB780IR,AraNF-8,ark~=21198=z1kd1z25.json
40r KTK sharpie WBUVUVb-MB780IR,AraNF-8,ark~=21198=z1kd1z25.json
40r KTK sharpie WBUVUVb-VIS,AraNF-8,ark~=21198=z1kd1z25.json
40v KTK pseudo MB365UV-MB780IR,AraNF-8,ark~=21198=z1kd1z25.json
40v KTK pseudo MB365UV-VIS,AraNF-8,ark~=21198=z1kd1z25.json
40v KTK pseudo WBUVO22-VIS,AraNF-8,ark~=21198=z1kd1z25.json
40v KTK pseudo WBUVUVb-MB780IR,AraNF-8,ark~=21198=z1kd1z25.json
40v KTK pseudo WBUVUVb-VIS,AraNF-8,ark~=21198=z1kd1z25.json
40v KTK pseudo WBUVUVP-VIS,AraNF-8,ark~=21198=z1kd1z25.json
40v KTK sharpie avgUV-VIS,AraNF-8,ark~=21198=z1kd1z25.json
40v KTK sharpie MB365UV-MB780IR,AraNF-8,ark~=21198=z1kd1z25.json
40v KTK sharpie WBUVB47-VIS,AraNF-8,ark~=21198=z1kd1z25.json
40v KTK sharpie WBUVG58-MB780IR,AraNF-8,ark~=21198=z1kd1z25.json
40v KTK sharpie WBUVO22-MB780IR,AraNF-8,ark~=21198=z1kd1z25.json
40v KTK sharpie WBUVUVb-MB780IR,AraNF-8,ark~=21198=z1kd1z25.json
40v KTK sharpie WBUVUVb-VIS,AraNF-8,ark~=21198=z1kd1z25.json
41r KTK pseudo MB365UV-MB780IR,AraNF-8,ark~=21198=z1kd1z25.json
41r KTK pseudo MB365UV-VIS,AraNF-8,ark~=21198=z1kd1z25.json
41r KTK pseudo WBUVO22-VIS,AraNF-8,ark~=21198=z1kd1z25.json
41r KTK pseudo WBUVUVb-MB780IR,AraNF-8,ark~=21198=z1kd1z25.json
41r KTK pseudo WBUVUVb-VIS,AraNF-8,ark~=21198=z1kd1z25.json
41r KTK pseudo WBUVUVP-VIS,AraNF-8,ark~=21198=z1kd1z25.json
41r KTK sharpie MB365UV-MB780IR,AraNF-8,ark~=21198=z1kd1z25.json
41r KTK sharpie MB365UV-VIS,AraNF-8,ark~=21198=z1kd1z25.json
41r KTK sharpie WBUVB47-VIS,AraNF-8,ark~=21198=z1kd1z25.json
41r KTK sharpie WBUVG58-MB780IR,AraNF-8,ark~=21198=z1kd1z25.json
41r KTK sharpie WBUVO22-MB780IR,AraNF-8,ark~=21198=z1kd1z25.json
41r KTK sharpie WBUVUVb-MB780IR,AraNF-8,ark~=21198=z1kd1z25.json
41r KTK sharpie WBUVUVb-VIS,AraNF-8,ark~=21198=z1kd1z25.json
41v KTK pseudo MB365UV-MB780IR,AraNF-8,ark~=21198=z1kd1z25.json
41v KTK pseudo WBUVUVb-MB780IR,AraNF-8,ark~=21198=z1kd1z25.json
41v KTK pseudo WBUVUVb-VIS,AraNF-8,ark~=21198=z1kd1z25.json
41v KTK sharpie avgUV-VIS,AraNF-8,ark~=21198=z1kd1z25.json
41v KTK sharpie MB365UV-MB780IR,AraNF-8,ark~=21198=z1kd1z25.json
41v KTK sharpie WBUVG58-MB780IR,AraNF-8,ark~=21198=z1kd1z25.json
41v KTK sharpie WBUVO22-MB780IR,AraNF-8,ark~=21198=z1kd1z25.json
41v KTK sharpie WBUVO22-VIS,AraNF-8,ark~=21198=z1kd1z25.json
41v KTK sharpie WBUVUVb-MB780IR,AraNF-8,ark~=21198=z1kd1z25.json
42r KTK pseudo MB365UV-MB780IR,AraNF-8,ark~=21198=z1kd1z25.json
42r KTK pseudo MB365UV-VIS,AraNF-8,ark~=21198=z1kd1z25.json
42r KTK pseudo WBUVO22-VIS,AraNF-8,ark~=21198=z1kd1z25.json
42r KTK pseudo WBUVUVb-MB780IR,AraNF-8,ark~=21198=z1kd1z25.json
42r KTK pseudo WBUVUVb-VIS,AraNF-8,ark~=21198=z1kd1z25.json
42r KTK sharpie avgUV-VIS,AraNF-8,ark~=21198=z1kd1z25.json
42r KTK sharpie MB365UV-MB780IR,AraNF-8,ark~=21198=z1kd1z25.json
42r KTK sharpie WBUVB47-VIS,AraNF-8,ark~=21198=z1kd1z25.json
42r KTK sharpie WBUVG58-MB780IR,AraNF-8,ark~=21198=z1kd1z25.json
42r KTK sharpie WBUVO22-MB780IR,AraNF-8,ark~=21198=z1kd1z25.json
42r KTK sharpie WBUVO22-VIS,AraNF-8,ark~=21198=z1kd1z25.json
42r KTK sharpie WBUVUVb-MB780IR,AraNF-8,ark~=21198=z1kd1z25.json
42r KTK sharpie WBUVUVb-VIS,AraNF-8,ark~=21198=z1kd1z25.json
42v KTK pseudo MB365UV-MB780IR,AraNF-8,ark~=21198=z1kd1z25.json
42v KTK pseudo WBUVO22-VIS,AraNF-8,ark~=21198=z1kd1z25.json
42v KTK pseudo WBUVUVb-MB780IR,AraNF-8,ark~=21198=z1kd1z25.json
42v KTK pseudo WBUVUVb-VIS,AraNF-8,ark~=21198=z1kd1z25.json
42v KTK sharpie MB365UV-MB780IR,AraNF-8,ark~=21198=z1kd1z25.json
42v KTK sharpie WBUVB47-VIS,AraNF-8,ark~=21198=z1kd1z25.json
42v KTK sharpie WBUVG58-MB780IR,AraNF-8,ark~=21198=z1kd1z25.json
42v KTK sharpie WBUVG58-VIS,AraNF-8,ark~=21198=z1kd1z25.json
42v KTK sharpie WBUVO22-MB780IR,AraNF-8,ark~=21198=z1kd1z25.json
42v KTK sharpie WBUVUVb-MB780IR,AraNF-8,ark~=21198=z1kd1z25.json
43r KTK pseudo MB365UV-MB780IR,AraNF-8,ark~=21198=z1kd1z25.json
43r KTK pseudo MB365UV-VIS,AraNF-8,ark~=21198=z1kd1z25.json
43r KTK pseudo WBUVO22-VIS,AraNF-8,ark~=21198=z1kd1z25.json
43r KTK pseudo WBUVUVb-MB780IR,AraNF-8,ark~=21198=z1kd1z25.json
43r KTK pseudo WBUVUVb-VIS,AraNF-8,ark~=21198=z1kd1z25.json
43r KTK pseudo WBUVUVP-VIS,AraNF-8,ark~=21198=z1kd1z25.json
43r KTK sharpie MB365UV-MB780IR,AraNF-8,ark~=21198=z1kd1z25.json
43r KTK sharpie MB365UV-VIS,AraNF-8,ark~=21198=z1kd1z25.json
43r KTK sharpie WBUVG58-MB780IR,AraNF-8,ark~=21198=z1kd1z25.json
43r KTK sharpie WBUVG58-VIS,AraNF-8,ark~=21198=z1kd1z25.json
43r KTK sharpie WBUVO22-MB780IR,AraNF-8,ark~=21198=z1kd1z25.json
43r KTK sharpie WBUVUVb-MB780IR,AraNF-8,ark~=21198=z1kd1z25.json
43v KTK pseudo MB365UV-MB780IR,AraNF-8,ark~=21198=z1kd1z25.json
43v KTK pseudo MB365UV-VIS,AraNF-8,ark~=21198=z1kd1z25.json
43v KTK pseudo WBUVO22-VIS,AraNF-8,ark~=21198=z1kd1z25.json
43v KTK pseudo WBUVUVb-MB780IR,AraNF-8,ark~=21198=z1kd1z25.json
43v KTK pseudo WBUVUVP-VIS,AraNF-8,ark~=21198=z1kd1z25.json
43v KTK sharpie avgUV-VIS,AraNF-8,ark~=21198=z1kd1z25.json
43v KTK sharpie MB365UV-MB780IR,AraNF-8,ark~=21198=z1kd1z25.json
43v KTK sharpie WBUVG58-MB780IR,AraNF-8,ark~=21198=z1kd1z25.json
43v KTK sharpie WBUVO22-MB780IR,AraNF-8,ark~=21198=z1kd1z25.json
43v KTK sharpie WBUVUVb-MB780IR,AraNF-8,ark~=21198=z1kd1z25.json
44r KTK pseudo MB365UV-MB780IR,AraNF-8,ark~=21198=z1kd1z25.json
44r KTK pseudo MB365UV-VIS,AraNF-8,ark~=21198=z1kd1z25.json
44r KTK pseudo WBUVUVb-MB780IR,AraNF-8,ark~=21198=z1kd1z25.json
44r KTK pseudo WBUVUVb-VIS,AraNF-8,ark~=21198=z1kd1z25.json
44r KTK pseudo WBUVUVP-VIS,AraNF-8,ark~=21198=z1kd1z25.json
44r KTK sharpie avgUV-VIS,AraNF-8,ark~=21198=z1kd1z25.json
44r KTK sharpie MB365UV-MB780IR,AraNF-8,ark~=21198=z1kd1z25.json
44r KTK sharpie WBUVB47-VIS,AraNF-8,ark~=21198=z1kd1z25.json
44r KTK sharpie WBUVG58-MB780IR,AraNF-8,ark~=21198=z1kd1z25.json
44r KTK sharpie WBUVO22-MB780IR,AraNF-8,ark~=21198=z1kd1z25.json
44r KTK sharpie WBUVUVb-MB780IR,AraNF-8,ark~=21198=z1kd1z25.json
44r KTK sharpie WBUVUVb-VIS,AraNF-8,ark~=21198=z1kd1z25.json
44v KTK pseudo MB365UV-MB780IR,AraNF-8,ark~=21198=z1kd1z25.json
44v KTK pseudo MB365UV-VIS,AraNF-8,ark~=21198=z1kd1z25.json
44v KTK pseudo WBUVUVb-MB780IR,AraNF-8,ark~=21198=z1kd1z25.json
44v KTK pseudo WBUVUVb-VIS,AraNF-8,ark~=21198=z1kd1z25.json
44v KTK pseudo WBUVUVP-VIS,AraNF-8,ark~=21198=z1kd1z25.json
44v KTK sharpie MB365UV-MB780IR,AraNF-8,ark~=21198=z1kd1z25.json
44v KTK sharpie MB365UV-VIS,AraNF-8,ark~=21198=z1kd1z25.json
44v KTK sharpie WBUVG58-MB780IR,AraNF-8,ark~=21198=z1kd1z25.json
44v KTK sharpie WBUVG58-VIS,AraNF-8,ark~=21198=z1kd1z25.json
44v KTK sharpie WBUVO22-MB780IR,AraNF-8,ark~=21198=z1kd1z25.json
44v KTK sharpie WBUVO22-VIS,AraNF-8,ark~=21198=z1kd1z25.json
44v KTK sharpie WBUVUVb-MB780IR,AraNF-8,ark~=21198=z1kd1z25.json
44v KTK sharpie WBUVUVb-VIS,AraNF-8,ark~=21198=z1kd1z25.json
45r KTK pseudo MB365UV-MB780IR,AraNF-8,ark~=21198=z1kd1z25.json
45r KTK pseudo WBUVO22-VIS,AraNF-8,ark~=21198=z1kd1z25.json
45r KTK pseudo WBUVUVb-MB780IR,AraNF-8,ark~=21198=z1kd1z25.json
45r KTK sharpie MB365UV-MB780IR,AraNF-8,ark~=21198=z1kd1z25.json
45r KTK sharpie WBUVB47-VIS,AraNF-8,ark~=21198=z1kd1z25.json
45r KTK sharpie WBUVG58-MB780IR,AraNF-8,ark~=21198=z1kd1z25.json
45r KTK sharpie WBUVO22-MB780IR,AraNF-8,ark~=21198=z1kd1z25.json
45r KTK sharpie WBUVO22-VIS,AraNF-8,ark~=21198=z1kd1z25.json
45r KTK sharpie WBUVUVb-MB780IR,AraNF-8,ark~=21198=z1kd1z25.json
45v KTK pseudo MB365UV-MB780IR,AraNF-8,ark~=21198=z1kd1z25.json
45v KTK pseudo WBUVUVb-MB780IR,AraNF-8,ark~=21198=z1kd1z25.json
45v KTK pseudo WBUVUVb-VIS,AraNF-8,ark~=21198=z1kd1z25.json
45v KTK pseudo WBUVUVP-VIS,AraNF-8,ark~=21198=z1kd1z25.json
45v KTK sharpie MB365UV-MB780IR,AraNF-8,ark~=21198=z1kd1z25.json
45v KTK sharpie WBUVB47-VIS,AraNF-8,ark~=21198=z1kd1z25.json
45v KTK sharpie WBUVG58-MB780IR,AraNF-8,ark~=21198=z1kd1z25.json
45v KTK sharpie WBUVO22-MB780IR,AraNF-8,ark~=21198=z1kd1z25.json
45v KTK sharpie WBUVO22-VIS,AraNF-8,ark~=21198=z1kd1z25.json
45v KTK sharpie WBUVUVb-MB780IR,AraNF-8,ark~=21198=z1kd1z25.json
45v KTK sharpie WBUVUVb-VIS,AraNF-8,ark~=21198=z1kd1z25.json
46r KTK pseudo MB365UV-MB780IR,AraNF-8,ark~=21198=z1kd1z25.json
46r KTK pseudo MB365UV-VIS,AraNF-8,ark~=21198=z1kd1z25.json
46r KTK pseudo WBUVUVb-MB780IR,AraNF-8,ark~=21198=z1kd1z25.json
46r KTK pseudo WBUVUVb-VIS,AraNF-8,ark~=21198=z1kd1z25.json
46r KTK pseudo WBUVUVP-VIS,AraNF-8,ark~=21198=z1kd1z25.json
46r KTK sharpie MB365UV-MB780IR,AraNF-8,ark~=21198=z1kd1z25.json
46r KTK sharpie WBUVB47-VIS,AraNF-8,ark~=21198=z1kd1z25.json
46r KTK sharpie WBUVG58-MB780IR,AraNF-8,ark~=21198=z1kd1z25.json
46r KTK sharpie WBUVG58-VIS,AraNF-8,ark~=21198=z1kd1z25.json
46r KTK sharpie WBUVO22-MB780IR,AraNF-8,ark~=21198=z1kd1z25.json
46r KTK sharpie WBUVO22-VIS,AraNF-8,ark~=21198=z1kd1z25.json
46r KTK sharpie WBUVUVb-MB780IR,AraNF-8,ark~=21198=z1kd1z25.json
46r KTK sharpie WBUVUVb-VIS,AraNF-8,ark~=21198=z1kd1z25.json
46v KTK pseudo MB365UV-MB780IR,AraNF-8,ark~=21198=z1kd1z25.json
46v KTK pseudo WBUVO22-VIS,AraNF-8,ark~=21198=z1kd1z25.json
46v KTK pseudo WBUVUVb-MB780IR,AraNF-8,ark~=21198=z1kd1z25.json
46v KTK pseudo WBUVUVP-VIS,AraNF-8,ark~=21198=z1kd1z25.json
46v KTK sharpie avgUV-VIS,AraNF-8,ark~=21198=z1kd1z25.json
46v KTK sharpie MB365UV-MB780IR,AraNF-8,ark~=21198=z1kd1z25.json
46v KTK sharpie WBUVG58-MB780IR,AraNF-8,ark~=21198=z1kd1z25.json
46v KTK sharpie WBUVG58-VIS,AraNF-8,ark~=21198=z1kd1z25.json
46v KTK sharpie WBUVO22-MB780IR,AraNF-8,ark~=21198=z1kd1z25.json
46v KTK sharpie WBUVUVb-MB780IR,AraNF-8,ark~=21198=z1kd1z25.json
46v KTK sharpie WBUVUVb-VIS,AraNF-8,ark~=21198=z1kd1z25.json
47r KTK pseudo MB365UV-MB780IR,AraNF-8,ark~=21198=z1kd1z25.json
47r KTK pseudo MB365UV-VIS,AraNF-8,ark~=21198=z1kd1z25.json
47r KTK pseudo WBUVO22-VIS,AraNF-8,ark~=21198=z1kd1z25.json
47r KTK pseudo WBUVUVb-MB780IR,AraNF-8,ark~=21198=z1kd1z25.json
47r KTK pseudo WBUVUVb-VIS,AraNF-8,ark~=21198=z1kd1z25.json
47r KTK pseudo WBUVUVP-VIS,AraNF-8,ark~=21198=z1kd1z25.json
47r KTK sharpie avgUV-VIS,AraNF-8,ark~=21198=z1kd1z25.json
47r KTK sharpie MB365UV-MB780IR,AraNF-8,ark~=21198=z1kd1z25.json
47r KTK sharpie WBUVB47-VIS,AraNF-8,ark~=21198=z1kd1z25.json
47r KTK sharpie WBUVG58-MB780IR,AraNF-8,ark~=21198=z1kd1z25.json
47r KTK sharpie WBUVO22-MB780IR,AraNF-8,ark~=21198=z1kd1z25.json
47r KTK sharpie WBUVO22-VIS,AraNF-8,ark~=21198=z1kd1z25.json
47r KTK sharpie WBUVUVb-MB780IR,AraNF-8,ark~=21198=z1kd1z25.json
47v KTK pseudo MB365UV-MB780IR,AraNF-8,ark~=21198=z1kd1z25.json
47v KTK pseudo WBUVO22-VIS,AraNF-8,ark~=21198=z1kd1z25.json
47v KTK pseudo WBUVUVb-MB780IR,AraNF-8,ark~=21198=z1kd1z25.json
47v KTK pseudo WBUVUVb-VIS,AraNF-8,ark~=21198=z1kd1z25.json
47v KTK sharpie avgUV-VIS,AraNF-8,ark~=21198=z1kd1z25.json
47v KTK sharpie MB365UV-MB780IR,AraNF-8,ark~=21198=z1kd1z25.json
47v KTK sharpie WBUVB47-VIS,AraNF-8,ark~=21198=z1kd1z25.json
47v KTK sharpie WBUVG58-MB780IR,AraNF-8,ark~=21198=z1kd1z25.json
47v KTK sharpie WBUVG58-VIS,AraNF-8,ark~=21198=z1kd1z25.json
47v KTK sharpie WBUVO22-MB780IR,AraNF-8,ark~=21198=z1kd1z25.json
47v KTK sharpie WBUVO22-VIS,AraNF-8,ark~=21198=z1kd1z25.json
47v KTK sharpie WBUVUVb-MB780IR,AraNF-8,ark~=21198=z1kd1z25.json
48r KTK pseudo MB365UV-MB780IR,AraNF-8,ark~=21198=z1kd1z25.json
48r KTK pseudo MB365UV-VIS,AraNF-8,ark~=21198=z1kd1z25.json
48r KTK pseudo WBUVO22-VIS,AraNF-8,ark~=21198=z1kd1z25.json
48r KTK pseudo WBUVUVb-MB780IR,AraNF-8,ark~=21198=z1kd1z25.json
48r KTK pseudo WBUVUVb-VIS,AraNF-8,ark~=21198=z1kd1z25.json
48r KTK pseudo WBUVUVP-VIS,AraNF-8,ark~=21198=z1kd1z25.json
48r KTK sharpie MB365UV-MB780IR,AraNF-8,ark~=21198=z1kd1z25.json
48r KTK sharpie WBUVB47-VIS,AraNF-8,ark~=21198=z1kd1z25.json
48r KTK sharpie WBUVG58-MB780IR,AraNF-8,ark~=21198=z1kd1z25.json
48r KTK sharpie WBUVG58-VIS,AraNF-8,ark~=21198=z1kd1z25.json
48r KTK sharpie WBUVO22-MB780IR,AraNF-8,ark~=21198=z1kd1z25.json
48r KTK sharpie WBUVO22-VIS,AraNF-8,ark~=21198=z1kd1z25.json
48r KTK sharpie WBUVUVb-MB780IR,AraNF-8,ark~=21198=z1kd1z25.json
48v KTK pseudo MB365UV-MB780IR,AraNF-8,ark~=21198=z1kd1z25.json
48v KTK pseudo MB365UV-VIS,AraNF-8,ark~=21198=z1kd1z25.json
48v KTK pseudo WBUVO22-VIS,AraNF-8,ark~=21198=z1kd1z25.json
48v KTK pseudo WBUVUVb-MB780IR,AraNF-8,ark~=21198=z1kd1z25.json
48v KTK pseudo WBUVUVb-VIS,AraNF-8,ark~=21198=z1kd1z25.json
48v KTK pseudo WBUVUVP-VIS,AraNF-8,ark~=21198=z1kd1z25.json
48v KTK sharpie avgUV-VIS,AraNF-8,ark~=21198=z1kd1z25.json
48v KTK sharpie MB365UV-MB780IR,AraNF-8,ark~=21198=z1kd1z25.json
48v KTK sharpie WBUVB47-VIS,AraNF-8,ark~=21198=z1kd1z25.json
48v KTK sharpie WBUVG58-MB780IR,AraNF-8,ark~=21198=z1kd1z25.json
48v KTK sharpie WBUVG58-VIS,AraNF-8,ark~=21198=z1kd1z25.json
48v KTK sharpie WBUVO22-MB780IR,AraNF-8,ark~=21198=z1kd1z25.json
48v KTK sharpie WBUVUVb-MB780IR,AraNF-8,ark~=21198=z1kd1z25.json
48v KTK sharpie WBUVUVb-VIS,AraNF-8,ark~=21198=z1kd1z25.json
49r KTK pseudo MB365UV-MB780IR,AraNF-8,ark~=21198=z1kd1z25.json
49r KTK pseudo WBUVO22-VIS,AraNF-8,ark~=21198=z1kd1z25.json
49r KTK pseudo WBUVUVb-MB780IR,AraNF-8,ark~=21198=z1kd1z25.json
49r KTK pseudo WBUVUVb-VIS,AraNF-8,ark~=21198=z1kd1z25.json
49r KTK sharpie avgUV-VIS,AraNF-8,ark~=21198=z1kd1z25.json
49r KTK sharpie MB365UV-MB780IR,AraNF-8,ark~=21198=z1kd1z25.json
49r KTK sharpie WBUVB47-VIS,AraNF-8,ark~=21198=z1kd1z25.json
49r KTK sharpie WBUVG58-MB780IR,AraNF-8,ark~=21198=z1kd1z25.json
49r KTK sharpie WBUVO22-MB780IR,AraNF-8,ark~=21198=z1kd1z25.json
49r KTK sharpie WBUVUVb-MB780IR,AraNF-8,ark~=21198=z1kd1z25.json
49r KTK sharpie WBUVUVb-VIS,AraNF-8,ark~=21198=z1kd1z25.json
49v KTK pseudo MB365UV-MB780IR,AraNF-8,ark~=21198=z1kd1z25.json
49v KTK pseudo MB365UV-VIS,AraNF-8,ark~=21198=z1kd1z25.json
49v KTK pseudo WBUVUVb-MB780IR,AraNF-8,ark~=21198=z1kd1z25.json
49v KTK pseudo WBUVUVb-VIS,AraNF-8,ark~=21198=z1kd1z25.json
49v KTK pseudo WBUVUVP-VIS,AraNF-8,ark~=21198=z1kd1z25.json
49v KTK sharpie MB365UV-MB780IR,AraNF-8,ark~=21198=z1kd1z25.json
49v KTK sharpie MB365UV-VIS,AraNF-8,ark~=21198=z1kd1z25.json
49v KTK sharpie WBUVB47-VIS,AraNF-8,ark~=21198=z1kd1z25.json
49v KTK sharpie WBUVG58-MB780IR,AraNF-8,ark~=21198=z1kd1z25.json
49v KTK sharpie WBUVG58-VIS,AraNF-8,ark~=21198=z1kd1z25.json
49v KTK sharpie WBUVO22-MB780IR,AraNF-8,ark~=21198=z1kd1z25.json
49v KTK sharpie WBUVUVb-MB780IR,AraNF-8,ark~=21198=z1kd1z25.json
4r KTK pseudo MB365UV-MB780IR,AraNF-8,ark~=21198=z1kd1z25.json
4r KTK pseudo MB365UV-VIS,AraNF-8,ark~=21198=z1kd1z25.json
4r KTK pseudo WBUVUVb-MB780IR,AraNF-8,ark~=21198=z1kd1z25.json
4r KTK pseudo WBUVUVb-VIS,AraNF-8,ark~=21198=z1kd1z25.json
4r KTK pseudo WBUVUVP-VIS,AraNF-8,ark~=21198=z1kd1z25.json
4r KTK sharpie avgUV-VIS,AraNF-8,ark~=21198=z1kd1z25.json
4r KTK sharpie MB365UV-MB780IR,AraNF-8,ark~=21198=z1kd1z25.json
4r KTK sharpie MB365UV-VIS,AraNF-8,ark~=21198=z1kd1z25.json
4r KTK sharpie WBUVG58-MB780IR,AraNF-8,ark~=21198=z1kd1z25.json
4r KTK sharpie WBUVO22-MB780IR,AraNF-8,ark~=21198=z1kd1z25.json
4r KTK sharpie WBUVUVb-MB780IR,AraNF-8,ark~=21198=z1kd1z25.json
4r KTK sharpie WBUVUVb-VIS,AraNF-8,ark~=21198=z1kd1z25.json
4r KTK sharpie WBUVUVP-VIS,AraNF-8,ark~=21198=z1kd1z25.json
4v KTK pseudo MB365UV-MB780IR,AraNF-8,ark~=21198=z1kd1z25.json
4v KTK pseudo MB365UV-VIS,AraNF-8,ark~=21198=z1kd1z25.json
4v KTK pseudo WBUVUVb-MB780IR,AraNF-8,ark~=21198=z1kd1z25.json
4v KTK pseudo WBUVUVb-VIS,AraNF-8,ark~=21198=z1kd1z25.json
4v KTK pseudo WBUVUVP-VIS,AraNF-8,ark~=21198=z1kd1z25.json
4v KTK sharpie avgUV-VIS,AraNF-8,ark~=21198=z1kd1z25.json
4v KTK sharpie MB365UV-MB780IR,AraNF-8,ark~=21198=z1kd1z25.json
4v KTK sharpie MB365UV-VIS,AraNF-8,ark~=21198=z1kd1z25.json
4v KTK sharpie WBUVG58-MB780IR,AraNF-8,ark~=21198=z1kd1z25.json
4v KTK sharpie WBUVG58-VIS,AraNF-8,ark~=21198=z1kd1z25.json
4v KTK sharpie WBUVO22-MB780IR,AraNF-8,ark~=21198=z1kd1z25.json
4v KTK sharpie WBUVO22-VIS,AraNF-8,ark~=21198=z1kd1z25.json
4v KTK sharpie WBUVUVb-MB780IR,AraNF-8,ark~=21198=z1kd1z25.json
50r KTK pseudo MB365UV-MB780IR,AraNF-8,ark~=21198=z1kd1z25.json
50r KTK pseudo WBUVUVb-MB780IR,AraNF-8,ark~=21198=z1kd1z25.json
50r KTK sharpie avgUV-VIS,AraNF-8,ark~=21198=z1kd1z25.json
50r KTK sharpie MB365UV-MB780IR,AraNF-8,ark~=21198=z1kd1z25.json
50r KTK sharpie MB365UV-VIS,AraNF-8,ark~=21198=z1kd1z25.json
50r KTK sharpie WBUVB47-VIS,AraNF-8,ark~=21198=z1kd1z25.json
50r KTK sharpie WBUVG58-MB780IR,AraNF-8,ark~=21198=z1kd1z25.json
50r KTK sharpie WBUVG58-VIS,AraNF-8,ark~=21198=z1kd1z25.json
50r KTK sharpie WBUVO22-MB780IR,AraNF-8,ark~=21198=z1kd1z25.json
50r KTK sharpie WBUVUVb-MB780IR,AraNF-8,ark~=21198=z1kd1z25.json
50r KTK sharpie WBUVUVP-VIS,AraNF-8,ark~=21198=z1kd1z25.json
50v KTK pseudo MB365UV-MB780IR,AraNF-8,ark~=21198=z1kd1z25.json
50v KTK pseudo MB365UV-VIS,AraNF-8,ark~=21198=z1kd1z25.json
50v KTK pseudo WBUVUVb-MB780IR,AraNF-8,ark~=21198=z1kd1z25.json
50v KTK pseudo WBUVUVb-VIS,AraNF-8,ark~=21198=z1kd1z25.json
50v KTK pseudo WBUVUVP-VIS,AraNF-8,ark~=21198=z1kd1z25.json
50v KTK sharpie avgUV-VIS,AraNF-8,ark~=21198=z1kd1z25.json
50v KTK sharpie MB365UV-MB780IR,AraNF-8,ark~=21198=z1kd1z25.json
50v KTK sharpie WBUVB47-VIS,AraNF-8,ark~=21198=z1kd1z25.json
50v KTK sharpie WBUVG58-MB780IR,AraNF-8,ark~=21198=z1kd1z25.json
50v KTK sharpie WBUVO22-MB780IR,AraNF-8,ark~=21198=z1kd1z25.json
50v KTK sharpie WBUVUVb-MB780IR,AraNF-8,ark~=21198=z1kd1z25.json
50v KTK sharpie WBUVUVb-VIS,AraNF-8,ark~=21198=z1kd1z25.json
51r KTK pseudo MB365UV-MB780IR,AraNF-8,ark~=21198=z1kd1z25.json
51r KTK pseudo MB365UV-VIS,AraNF-8,ark~=21198=z1kd1z25.json
51r KTK pseudo WBUVO22-VIS,AraNF-8,ark~=21198=z1kd1z25.json
51r KTK pseudo WBUVUVb-MB780IR,AraNF-8,ark~=21198=z1kd1z25.json
51r KTK pseudo WBUVUVP-VIS,AraNF-8,ark~=21198=z1kd1z25.json
51r KTK sharpie avgUV-VIS,AraNF-8,ark~=21198=z1kd1z25.json
51r KTK sharpie MB365UV-MB780IR,AraNF-8,ark~=21198=z1kd1z25.json
51r KTK sharpie MB365UV-VIS,AraNF-8,ark~=21198=z1kd1z25.json
51r KTK sharpie WBUVB47-VIS,AraNF-8,ark~=21198=z1kd1z25.json
51r KTK sharpie WBUVG58-MB780IR,AraNF-8,ark~=21198=z1kd1z25.json
51r KTK sharpie WBUVG58-VIS,AraNF-8,ark~=21198=z1kd1z25.json
51r KTK sharpie WBUVO22-MB780IR,AraNF-8,ark~=21198=z1kd1z25.json
51r KTK sharpie WBUVO22-VIS,AraNF-8,ark~=21198=z1kd1z25.json
51r KTK sharpie WBUVUVb-MB780IR,AraNF-8,ark~=21198=z1kd1z25.json
51r KTK sharpie WBUVUVb-VIS,AraNF-8,ark~=21198=z1kd1z25.json
51v KTK pseudo MB365UV-MB780IR,AraNF-8,ark~=21198=z1kd1z25.json
51v KTK pseudo MB365UV-VIS,AraNF-8,ark~=21198=z1kd1z25.json
51v KTK pseudo WBUVO22-VIS,AraNF-8,ark~=21198=z1kd1z25.json
51v KTK pseudo WBUVUVb-MB780IR,AraNF-8,ark~=21198=z1kd1z25.json
51v KTK pseudo WBUVUVb-VIS,AraNF-8,ark~=21198=z1kd1z25.json
51v KTK pseudo WBUVUVP-VIS,AraNF-8,ark~=21198=z1kd1z25.json
51v KTK sharpie avgUV-VIS,AraNF-8,ark~=21198=z1kd1z25.json
51v KTK sharpie MB365UV-MB780IR,AraNF-8,ark~=21198=z1kd1z25.json
51v KTK sharpie WBUVB47-VIS,AraNF-8,ark~=21198=z1kd1z25.json
51v KTK sharpie WBUVG58-MB780IR,AraNF-8,ark~=21198=z1kd1z25.json
51v KTK sharpie WBUVG58-VIS,AraNF-8,ark~=21198=z1kd1z25.json
51v KTK sharpie WBUVO22-MB780IR,AraNF-8,ark~=21198=z1kd1z25.json
51v KTK sharpie WBUVUVb-MB780IR,AraNF-8,ark~=21198=z1kd1z25.json
51v KTK sharpie WBUVUVb-VIS,AraNF-8,ark~=21198=z1kd1z25.json
51v KTK sharpie WBUVUVP-VIS,AraNF-8,ark~=21198=z1kd1z25.json
52r KTK pseudo MB365UV-MB780IR,AraNF-8,ark~=21198=z1kd1z25.json
52r KTK pseudo MB365UV-VIS,AraNF-8,ark~=21198=z1kd1z25.json
52r KTK pseudo WBUVO22-VIS,AraNF-8,ark~=21198=z1kd1z25.json
52r KTK pseudo WBUVUVb-MB780IR,AraNF-8,ark~=21198=z1kd1z25.json
52r KTK pseudo WBUVUVb-VIS,AraNF-8,ark~=21198=z1kd1z25.json
52r KTK pseudo WBUVUVP-VIS,AraNF-8,ark~=21198=z1kd1z25.json
52r KTK sharpie avgUV-VIS,AraNF-8,ark~=21198=z1kd1z25.json
52r KTK sharpie MB365UV-MB780IR,AraNF-8,ark~=21198=z1kd1z25.json
52r KTK sharpie MB365UV-VIS,AraNF-8,ark~=21198=z1kd1z25.json
52r KTK sharpie WBUVB47-VIS,AraNF-8,ark~=21198=z1kd1z25.json
52r KTK sharpie WBUVG58-MB780IR,AraNF-8,ark~=21198=z1kd1z25.json
52r KTK sharpie WBUVG58-VIS,AraNF-8,ark~=21198=z1kd1z25.json
52r KTK sharpie WBUVO22-MB780IR,AraNF-8,ark~=21198=z1kd1z25.json
52r KTK sharpie WBUVUVb-MB780IR,AraNF-8,ark~=21198=z1kd1z25.json
52v KTK pseudo MB365UV-MB780IR,AraNF-8,ark~=21198=z1kd1z25.json
52v KTK pseudo WBUVO22-VIS,AraNF-8,ark~=21198=z1kd1z25.json
52v KTK pseudo WBUVUVb-MB780IR,AraNF-8,ark~=21198=z1kd1z25.json
52v KTK pseudo WBUVUVb-VIS,AraNF-8,ark~=21198=z1kd1z25.json
52v KTK sharpie MB365UV-MB780IR,AraNF-8,ark~=21198=z1kd1z25.json
52v KTK sharpie WBUVB47-VIS,AraNF-8,ark~=21198=z1kd1z25.json
52v KTK sharpie WBUVG58-MB780IR,AraNF-8,ark~=21198=z1kd1z25.json
52v KTK sharpie WBUVO22-MB780IR,AraNF-8,ark~=21198=z1kd1z25.json
52v KTK sharpie WBUVUVb-MB780IR,AraNF-8,ark~=21198=z1kd1z25.json
53r KTK pseudo MB365UV-MB780IR,AraNF-8,ark~=21198=z1kd1z25.json
53r KTK pseudo MB365UV-VIS,AraNF-8,ark~=21198=z1kd1z25.json
53r KTK pseudo WBUVUVb-MB780IR,AraNF-8,ark~=21198=z1kd1z25.json
53r KTK pseudo WBUVUVb-VIS,AraNF-8,ark~=21198=z1kd1z25.json
53r KTK sharpie avgUV-VIS,AraNF-8,ark~=21198=z1kd1z25.json
53r KTK sharpie MB365UV-MB780IR,AraNF-8,ark~=21198=z1kd1z25.json
53r KTK sharpie WBUVB47-VIS,AraNF-8,ark~=21198=z1kd1z25.json
53r KTK sharpie WBUVG58-VIS,AraNF-8,ark~=21198=z1kd1z25.json
53r KTK sharpie WBUVUVb-MB780IR,AraNF-8,ark~=21198=z1kd1z25.json
53v KTK pseudo WBUVUVb-MB780IR,AraNF-8,ark~=21198=z1kd1z25.json
53v KTK pseudo WBUVUVb-VIS,AraNF-8,ark~=21198=z1kd1z25.json
53v KTK sharpie avgUV-VIS,AraNF-8,ark~=21198=z1kd1z25.json
53v KTK sharpie WBUVB47-VIS,AraNF-8,ark~=21198=z1kd1z25.json
53v KTK sharpie WBUVG58-MB780IR,AraNF-8,ark~=21198=z1kd1z25.json
53v KTK sharpie WBUVG58-VIS,AraNF-8,ark~=21198=z1kd1z25.json
53v KTK sharpie WBUVO22-MB780IR,AraNF-8,ark~=21198=z1kd1z25.json
53v KTK sharpie WBUVO22-VIS,AraNF-8,ark~=21198=z1kd1z25.json
53v KTK sharpie WBUVUVb-MB780IR,AraNF-8,ark~=21198=z1kd1z25.json
53v KTK sharpie WBUVUVb-VIS,AraNF-8,ark~=21198=z1kd1z25.json
54r KTK pseudo MB365UV-MB780IR,AraNF-8,ark~=21198=z1kd1z25.json
54r KTK pseudo MB365UV-VIS,AraNF-8,ark~=21198=z1kd1z25.json
54r KTK pseudo WBUVO22-VIS,AraNF-8,ark~=21198=z1kd1z25.json
54r KTK pseudo WBUVUVb-MB780IR,AraNF-8,ark~=21198=z1kd1z25.json
54r KTK pseudo WBUVUVb-VIS,AraNF-8,ark~=21198=z1kd1z25.json
54r KTK pseudo WBUVUVP-VIS,AraNF-8,ark~=21198=z1kd1z25.json
54r KTK sharpie MB365UV-MB780IR,AraNF-8,ark~=21198=z1kd1z25.json
54r KTK sharpie MB365UV-VIS,AraNF-8,ark~=21198=z1kd1z25.json
54r KTK sharpie WBUVB47-VIS,AraNF-8,ark~=21198=z1kd1z25.json
54r KTK sharpie WBUVG58-MB780IR,AraNF-8,ark~=21198=z1kd1z25.json
54r KTK sharpie WBUVO22-MB780IR,AraNF-8,ark~=21198=z1kd1z25.json
54r KTK sharpie WBUVO22-VIS,AraNF-8,ark~=21198=z1kd1z25.json
54r KTK sharpie WBUVUVb-MB780IR,AraNF-8,ark~=21198=z1kd1z25.json
54r KTK sharpie WBUVUVb-VIS,AraNF-8,ark~=21198=z1kd1z25.json
54v KTK pseudo MB365UV-VIS,AraNF-8,ark~=21198=z1kd1z25.json
54v KTK pseudo WBUVUVb-MB780IR,AraNF-8,ark~=21198=z1kd1z25.json
54v KTK pseudo WBUVUVP-VIS,AraNF-8,ark~=21198=z1kd1z25.json
54v KTK sharpie MB365UV-MB780IR,AraNF-8,ark~=21198=z1kd1z25.json
54v KTK sharpie WBUVB47-VIS,AraNF-8,ark~=21198=z1kd1z25.json
54v KTK sharpie WBUVG58-MB780IR,AraNF-8,ark~=21198=z1kd1z25.json
54v KTK sharpie WBUVG58-VIS,AraNF-8,ark~=21198=z1kd1z25.json
54v KTK sharpie WBUVO22-MB780IR,AraNF-8,ark~=21198=z1kd1z25.json
55r KTK pseudo MB365UV-MB780IR,AraNF-8,ark~=21198=z1kd1z25.json
55r KTK pseudo MB365UV-VIS,AraNF-8,ark~=21198=z1kd1z25.json
55r KTK pseudo WBUVUVb-MB780IR,AraNF-8,ark~=21198=z1kd1z25.json
55r KTK pseudo WBUVUVb-VIS,AraNF-8,ark~=21198=z1kd1z25.json
55r KTK pseudo WBUVUVP-VIS,AraNF-8,ark~=21198=z1kd1z25.json
55r KTK sharpie avgUV-VIS,AraNF-8,ark~=21198=z1kd1z25.json
55r KTK sharpie MB365UV-MB780IR,AraNF-8,ark~=21198=z1kd1z25.json
55r KTK sharpie WBUVB47-VIS,AraNF-8,ark~=21198=z1kd1z25.json
55r KTK sharpie WBUVG58-MB780IR,AraNF-8,ark~=21198=z1kd1z25.json
55r KTK sharpie WBUVG58-VIS,AraNF-8,ark~=21198=z1kd1z25.json
55r KTK sharpie WBUVO22-MB780IR,AraNF-8,ark~=21198=z1kd1z25.json
55r KTK sharpie WBUVUVb-MB780IR,AraNF-8,ark~=21198=z1kd1z25.json
55r KTK sharpie WBUVUVb-VIS,AraNF-8,ark~=21198=z1kd1z25.json
55v KTK pseudo MB365UV-VIS,AraNF-8,ark~=21198=z1kd1z25.json
55v KTK pseudo WBUVO22-VIS,AraNF-8,ark~=21198=z1kd1z25.json
55v KTK pseudo WBUVUVb-MB780IR,AraNF-8,ark~=21198=z1kd1z25.json
55v KTK pseudo WBUVUVb-VIS,AraNF-8,ark~=21198=z1kd1z25.json
55v KTK pseudo WBUVUVP-VIS,AraNF-8,ark~=21198=z1kd1z25.json
55v KTK sharpie avgUV-VIS,AraNF-8,ark~=21198=z1kd1z25.json
55v KTK sharpie MB365UV-VIS,AraNF-8,ark~=21198=z1kd1z25.json
55v KTK sharpie WBUVB47-VIS,AraNF-8,ark~=21198=z1kd1z25.json
55v KTK sharpie WBUVG58-MB780IR,AraNF-8,ark~=21198=z1kd1z25.json
55v KTK sharpie WBUVG58-VIS,AraNF-8,ark~=21198=z1kd1z25.json
55v KTK sharpie WBUVO22-MB780IR,AraNF-8,ark~=21198=z1kd1z25.json
55v KTK sharpie WBUVUVb-MB780IR,AraNF-8,ark~=21198=z1kd1z25.json
55v KTK sharpie WBUVUVb-VIS,AraNF-8,ark~=21198=z1kd1z25.json
56r KTK pseudo WBUVO22-VIS,AraNF-8,ark~=21198=z1kd1z25.json
56r KTK pseudo WBUVUVb-MB780IR,AraNF-8,ark~=21198=z1kd1z25.json
56r KTK sharpie WBUVB47-VIS,AraNF-8,ark~=21198=z1kd1z25.json
56r KTK sharpie WBUVG58-MB780IR,AraNF-8,ark~=21198=z1kd1z25.json
56r KTK sharpie WBUVO22-MB780IR,AraNF-8,ark~=21198=z1kd1z25.json
56r KTK sharpie WBUVUVb-MB780IR,AraNF-8,ark~=21198=z1kd1z25.json
56r KTK sharpie WBUVUVb-VIS,AraNF-8,ark~=21198=z1kd1z25.json
56v KTK pseudo WBUVUVb-MB780IR,AraNF-8,ark~=21198=z1kd1z25.json
56v KTK pseudo WBUVUVb-VIS,AraNF-8,ark~=21198=z1kd1z25.json
56v KTK pseudo WBUVUVP-VIS,AraNF-8,ark~=21198=z1kd1z25.json
56v KTK sharpie WBUVB47-VIS,AraNF-8,ark~=21198=z1kd1z25.json
56v KTK sharpie WBUVG58-MB780IR,AraNF-8,ark~=21198=z1kd1z25.json
56v KTK sharpie WBUVG58-VIS,AraNF-8,ark~=21198=z1kd1z25.json
56v KTK sharpie WBUVO22-MB780IR,AraNF-8,ark~=21198=z1kd1z25.json
56v KTK sharpie WBUVO22-VIS,AraNF-8,ark~=21198=z1kd1z25.json
56v KTK sharpie WBUVUVb-MB780IR,AraNF-8,ark~=21198=z1kd1z25.json
57r KTK pseudo MB365UV-VIS,AraNF-8,ark~=21198=z1kd1z25.json
57r KTK pseudo WBUVO22-VIS,AraNF-8,ark~=21198=z1kd1z25.json
57r KTK pseudo WBUVUVb-MB780IR,AraNF-8,ark~=21198=z1kd1z25.json
57r KTK pseudo WBUVUVb-VIS,AraNF-8,ark~=21198=z1kd1z25.json
57r KTK pseudo WBUVUVP-VIS,AraNF-8,ark~=21198=z1kd1z25.json
57r KTK sharpie MB365UV-MB780IR,AraNF-8,ark~=21198=z1kd1z25.json
57r KTK sharpie WBUVB47-VIS,AraNF-8,ark~=21198=z1kd1z25.json
57r KTK sharpie WBUVG58-MB780IR,AraNF-8,ark~=21198=z1kd1z25.json
57r KTK sharpie WBUVG58-VIS,AraNF-8,ark~=21198=z1kd1z25.json
57r KTK sharpie WBUVO22-MB780IR,AraNF-8,ark~=21198=z1kd1z25.json
57r KTK sharpie WBUVO22-VIS,AraNF-8,ark~=21198=z1kd1z25.json
57r KTK sharpie WBUVUVb-MB780IR,AraNF-8,ark~=21198=z1kd1z25.json
57v KTK pseudo WBUVO22-VIS,AraNF-8,ark~=21198=z1kd1z25.json
57v KTK pseudo WBUVUVb-MB780IR,AraNF-8,ark~=21198=z1kd1z25.json
57v KTK pseudo WBUVUVP-VIS,AraNF-8,ark~=21198=z1kd1z25.json
57v KTK sharpie WBUVB47-VIS,AraNF-8,ark~=21198=z1kd1z25.json
57v KTK sharpie WBUVG58-MB780IR,AraNF-8,ark~=21198=z1kd1z25.json
57v KTK sharpie WBUVO22-MB780IR,AraNF-8,ark~=21198=z1kd1z25.json
57v KTK sharpie WBUVO22-VIS,AraNF-8,ark~=21198=z1kd1z25.json
57v KTK sharpie WBUVUVb-MB780IR,AraNF-8,ark~=21198=z1kd1z25.json
58r KTK pseudo MB365UV-VIS,AraNF-8,ark~=21198=z1kd1z25.json
58r KTK pseudo WBUVO22-VIS,AraNF-8,ark~=21198=z1kd1z25.json
58r KTK pseudo WBUVUVb-MB780IR,AraNF-8,ark~=21198=z1kd1z25.json
58r KTK pseudo WBUVUVb-VIS,AraNF-8,ark~=21198=z1kd1z25.json
58r KTK pseudo WBUVUVP-VIS,AraNF-8,ark~=21198=z1kd1z25.json
58r KTK sharpie MB365UV-MB780IR,AraNF-8,ark~=21198=z1kd1z25.json
58r KTK sharpie WBUVB47-VIS,AraNF-8,ark~=21198=z1kd1z25.json
58r KTK sharpie WBUVG58-MB780IR,AraNF-8,ark~=21198=z1kd1z25.json
58r KTK sharpie WBUVG58-VIS,AraNF-8,ark~=21198=z1kd1z25.json
58r KTK sharpie WBUVO22-VIS,AraNF-8,ark~=21198=z1kd1z25.json
58r KTK sharpie WBUVUVb-VIS,AraNF-8,ark~=21198=z1kd1z25.json
58v KTK pseudo WBUVO22-VIS,AraNF-8,ark~=21198=z1kd1z25.json
58v KTK pseudo WBUVUVb-MB780IR,AraNF-8,ark~=21198=z1kd1z25.json
58v KTK pseudo WBUVUVb-VIS,AraNF-8,ark~=21198=z1kd1z25.json
58v KTK sharpie avgUV-VIS,AraNF-8,ark~=21198=z1kd1z25.json
58v KTK sharpie WBUVB47-VIS,AraNF-8,ark~=21198=z1kd1z25.json
58v KTK sharpie WBUVG58-MB780IR,AraNF-8,ark~=21198=z1kd1z25.json
58v KTK sharpie WBUVG58-VIS,AraNF-8,ark~=21198=z1kd1z25.json
58v KTK sharpie WBUVO22-MB780IR,AraNF-8,ark~=21198=z1kd1z25.json
58v KTK sharpie WBUVUVb-MB780IR,AraNF-8,ark~=21198=z1kd1z25.json
58v KTK sharpie WBUVUVb-VIS,AraNF-8,ark~=21198=z1kd1z25.json
59r KTK pseudo MB365UV-MB780IR,AraNF-8,ark~=21198=z1kd1z25.json
59r KTK pseudo MB365UV-VIS,AraNF-8,ark~=21198=z1kd1z25.json
59r KTK pseudo WBUVUVb-MB780IR,AraNF-8,ark~=21198=z1kd1z25.json
59r KTK pseudo WBUVUVP-VIS,AraNF-8,ark~=21198=z1kd1z25.json
59r KTK sharpie avgUV-VIS,AraNF-8,ark~=21198=z1kd1z25.json
59r KTK sharpie WBUVB47-VIS,AraNF-8,ark~=21198=z1kd1z25.json
59r KTK sharpie WBUVG58-MB780IR,AraNF-8,ark~=21198=z1kd1z25.json
59r KTK sharpie WBUVG58-VIS,AraNF-8,ark~=21198=z1kd1z25.json
59r KTK sharpie WBUVO22-MB780IR,AraNF-8,ark~=21198=z1kd1z25.json
59r KTK sharpie WBUVO22-VIS,AraNF-8,ark~=21198=z1kd1z25.json
59r KTK sharpie WBUVUVb-MB780IR,AraNF-8,ark~=21198=z1kd1z25.json
59v KTK pseudo MB365UV-MB780IR,AraNF-8,ark~=21198=z1kd1z25.json
59v KTK pseudo MB365UV-VIS,AraNF-8,ark~=21198=z1kd1z25.json
59v KTK pseudo WBUVUVb-MB780IR,AraNF-8,ark~=21198=z1kd1z25.json
59v KTK pseudo WBUVUVb-VIS,AraNF-8,ark~=21198=z1kd1z25.json
59v KTK pseudo WBUVUVP-VIS,AraNF-8,ark~=21198=z1kd1z25.json
59v KTK sharpie MB365UV-MB780IR,AraNF-8,ark~=21198=z1kd1z25.json
59v KTK sharpie WBUVB47-VIS,AraNF-8,ark~=21198=z1kd1z25.json
59v KTK sharpie WBUVG58-MB780IR,AraNF-8,ark~=21198=z1kd1z25.json
59v KTK sharpie WBUVO22-MB780IR,AraNF-8,ark~=21198=z1kd1z25.json
59v KTK sharpie WBUVO22-VIS,AraNF-8,ark~=21198=z1kd1z25.json
59v KTK sharpie WBUVUVb-MB780IR,AraNF-8,ark~=21198=z1kd1z25.json
5r KTK pseudo MB365UV-MB780IR,AraNF-8,ark~=21198=z1kd1z25.json
5r KTK pseudo MB365UV-VIS,AraNF-8,ark~=21198=z1kd1z25.json
5r KTK pseudo WBUVO22-VIS,AraNF-8,ark~=21198=z1kd1z25.json
5r KTK pseudo WBUVUVb-MB780IR,AraNF-8,ark~=21198=z1kd1z25.json
5r KTK pseudo WBUVUVb-VIS,AraNF-8,ark~=21198=z1kd1z25.json
5r KTK pseudo WBUVUVP-VIS,AraNF-8,ark~=21198=z1kd1z25.json
5r KTK sharpie MB365UV-MB780IR,AraNF-8,ark~=21198=z1kd1z25.json
5r KTK sharpie WBUVG58-MB780IR,AraNF-8,ark~=21198=z1kd1z25.json
5r KTK sharpie WBUVO22-MB780IR,AraNF-8,ark~=21198=z1kd1z25.json
5r KTK sharpie WBUVUVb-MB780IR,AraNF-8,ark~=21198=z1kd1z25.json
5v KTK pseudo MB365UV-MB780IR,AraNF-8,ark~=21198=z1kd1z25.json
5v KTK pseudo MB365UV-VIS,AraNF-8,ark~=21198=z1kd1z25.json
5v KTK pseudo WBUVUVb-MB780IR,AraNF-8,ark~=21198=z1kd1z25.json
5v KTK pseudo WBUVUVb-VIS,AraNF-8,ark~=21198=z1kd1z25.json
5v KTK pseudo WBUVUVP-VIS,AraNF-8,ark~=21198=z1kd1z25.json
5v KTK sharpie MB365UV-MB780IR,AraNF-8,ark~=21198=z1kd1z25.json
5v KTK sharpie WBUVG58-MB780IR,AraNF-8,ark~=21198=z1kd1z25.json
5v KTK sharpie WBUVO22-MB780IR,AraNF-8,ark~=21198=z1kd1z25.json
5v KTK sharpie WBUVUVb-MB780IR,AraNF-8,ark~=21198=z1kd1z25.json
60r KTK pseudo WBUVO22-VIS,AraNF-8,ark~=21198=z1kd1z25.json
60r KTK pseudo WBUVUVb-MB780IR,AraNF-8,ark~=21198=z1kd1z25.json
60r KTK sharpie avgUV-VIS,AraNF-8,ark~=21198=z1kd1z25.json
60r KTK sharpie MB365UV-MB780IR,AraNF-8,ark~=21198=z1kd1z25.json
60r KTK sharpie WBUVB47-VIS,AraNF-8,ark~=21198=z1kd1z25.json
60r KTK sharpie WBUVG58-MB780IR,AraNF-8,ark~=21198=z1kd1z25.json
60r KTK sharpie WBUVO22-MB780IR,AraNF-8,ark~=21198=z1kd1z25.json
60r KTK sharpie WBUVO22-VIS,AraNF-8,ark~=21198=z1kd1z25.json
60r KTK sharpie WBUVUVb-VIS,AraNF-8,ark~=21198=z1kd1z25.json
60v KTK pseudo MB365UV-VIS,AraNF-8,ark~=21198=z1kd1z25.json
60v KTK pseudo WBUVUVb-MB780IR,AraNF-8,ark~=21198=z1kd1z25.json
60v KTK pseudo WBUVUVb-VIS,AraNF-8,ark~=21198=z1kd1z25.json
60v KTK pseudo WBUVUVP-VIS,AraNF-8,ark~=21198=z1kd1z25.json
60v KTK sharpie avgUV-VIS,AraNF-8,ark~=21198=z1kd1z25.json
60v KTK sharpie MB365UV-MB780IR,AraNF-8,ark~=21198=z1kd1z25.json
60v KTK sharpie MB365UV-VIS,AraNF-8,ark~=21198=z1kd1z25.json
60v KTK sharpie WBUVB47-VIS,AraNF-8,ark~=21198=z1kd1z25.json
60v KTK sharpie WBUVG58-MB780IR,AraNF-8,ark~=21198=z1kd1z25.json
60v KTK sharpie WBUVO22-MB780IR,AraNF-8,ark~=21198=z1kd1z25.json
60v KTK sharpie WBUVUVb-MB780IR,AraNF-8,ark~=21198=z1kd1z25.json
60v KTK sharpie WBUVUVb-VIS,AraNF-8,ark~=21198=z1kd1z25.json
61r KTK pseudo MB365UV-MB780IR,AraNF-8,ark~=21198=z1kd1z25.json
61r KTK pseudo WBUVUVb-MB780IR,AraNF-8,ark~=21198=z1kd1z25.json
61r KTK pseudo WBUVUVb-VIS,AraNF-8,ark~=21198=z1kd1z25.json
61r KTK sharpie MB365UV-VIS,AraNF-8,ark~=21198=z1kd1z25.json
61r KTK sharpie WBUVB47-VIS,AraNF-8,ark~=21198=z1kd1z25.json
61r KTK sharpie WBUVG58-VIS,AraNF-8,ark~=21198=z1kd1z25.json
61r KTK sharpie WBUVUVb-MB780IR,AraNF-8,ark~=21198=z1kd1z25.json
61r KTK sharpie WBUVUVb-VIS,AraNF-8,ark~=21198=z1kd1z25.json
61v KTK pseudo MB365UV-VIS,AraNF-8,ark~=21198=z1kd1z25.json
61v KTK pseudo WBUVO22-VIS,AraNF-8,ark~=21198=z1kd1z25.json
61v KTK pseudo WBUVUVb-VIS,AraNF-8,ark~=21198=z1kd1z25.json
61v KTK pseudo WBUVUVP-VIS,AraNF-8,ark~=21198=z1kd1z25.json
61v KTK sharpie avgUV-VIS,AraNF-8,ark~=21198=z1kd1z25.json
61v KTK sharpie WBUVO22-MB780IR,AraNF-8,ark~=21198=z1kd1z25.json
61v KTK sharpie WBUVUVb-VIS,AraNF-8,ark~=21198=z1kd1z25.json
62r KTK pseudo MB365UV-VIS,AraNF-8,ark~=21198=z1kd1z25.json
62r KTK pseudo WBUVO22-VIS,AraNF-8,ark~=21198=z1kd1z25.json
62r KTK pseudo WBUVUVb-MB780IR,AraNF-8,ark~=21198=z1kd1z25.json
62r KTK pseudo WBUVUVb-VIS,AraNF-8,ark~=21198=z1kd1z25.json
62r KTK pseudo WBUVUVP-VIS,AraNF-8,ark~=21198=z1kd1z25.json
62r KTK sharpie MB365UV-VIS,AraNF-8,ark~=21198=z1kd1z25.json
62r KTK sharpie WBUVB47-VIS,AraNF-8,ark~=21198=z1kd1z25.json
62r KTK sharpie WBUVG58-MB780IR,AraNF-8,ark~=21198=z1kd1z25.json
62r KTK sharpie WBUVO22-MB780IR,AraNF-8,ark~=21198=z1kd1z25.json
62r KTK sharpie WBUVUVb-MB780IR,AraNF-8,ark~=21198=z1kd1z25.json
62r KTK sharpie WBUVUVP-VIS,AraNF-8,ark~=21198=z1kd1z25.json
62v KTK pseudo MB365UV-VIS,AraNF-8,ark~=21198=z1kd1z25.json
62v KTK pseudo WBUVO22-VIS,AraNF-8,ark~=21198=z1kd1z25.json
62v KTK pseudo WBUVUVb-MB780IR,AraNF-8,ark~=21198=z1kd1z25.json
62v KTK pseudo WBUVUVb-VIS,AraNF-8,ark~=21198=z1kd1z25.json
62v KTK pseudo WBUVUVP-VIS,AraNF-8,ark~=21198=z1kd1z25.json
62v KTK sharpie avgUV-VIS,AraNF-8,ark~=21198=z1kd1z25.json
62v KTK sharpie WBUVB47-VIS,AraNF-8,ark~=21198=z1kd1z25.json
62v KTK sharpie WBUVG58-MB780IR,AraNF-8,ark~=21198=z1kd1z25.json
62v KTK sharpie WBUVO22-MB780IR,AraNF-8,ark~=21198=z1kd1z25.json
63r KTK pseudo MB365UV-VIS,AraNF-8,ark~=21198=z1kd1z25.json
63r KTK pseudo WBUVO22-VIS,AraNF-8,ark~=21198=z1kd1z25.json
63r KTK pseudo WBUVUVb-MB780IR,AraNF-8,ark~=21198=z1kd1z25.json
63r KTK pseudo WBUVUVb-VIS,AraNF-8,ark~=21198=z1kd1z25.json
63r KTK pseudo WBUVUVP-VIS,AraNF-8,ark~=21198=z1kd1z25.json
63r KTK sharpie avgUV-VIS,AraNF-8,ark~=21198=z1kd1z25.json
63r KTK sharpie MB365UV-VIS,AraNF-8,ark~=21198=z1kd1z25.json
63r KTK sharpie WBUVG58-MB780IR,AraNF-8,ark~=21198=z1kd1z25.json
63r KTK sharpie WBUVO22-MB780IR,AraNF-8,ark~=21198=z1kd1z25.json
63r KTK sharpie WBUVO22-VIS,AraNF-8,ark~=21198=z1kd1z25.json
63r KTK sharpie WBUVUVb-MB780IR,AraNF-8,ark~=21198=z1kd1z25.json
63v KTK pseudo WBUVUVb-MB780IR,AraNF-8,ark~=21198=z1kd1z25.json
63v KTK sharpie WBUVG58-MB780IR,AraNF-8,ark~=21198=z1kd1z25.json
63v KTK sharpie WBUVG58-VIS,AraNF-8,ark~=21198=z1kd1z25.json
63v KTK sharpie WBUVO22-MB780IR,AraNF-8,ark~=21198=z1kd1z25.json
63v KTK sharpie WBUVUVb-MB780IR,AraNF-8,ark~=21198=z1kd1z25.json
63v KTK sharpie WBUVUVP-VIS,AraNF-8,ark~=21198=z1kd1z25.json
64r KTK pseudo MB365UV-VIS,AraNF-8,ark~=21198=z1kd1z25.json
64r KTK pseudo WBUVUVb-MB780IR,AraNF-8,ark~=21198=z1kd1z25.json
64r KTK pseudo WBUVUVb-VIS,AraNF-8,ark~=21198=z1kd1z25.json
64r KTK sharpie WBUVB47-VIS,AraNF-8,ark~=21198=z1kd1z25.json
64r KTK sharpie WBUVG58-MB780IR,AraNF-8,ark~=21198=z1kd1z25.json
64r KTK sharpie WBUVG58-VIS,AraNF-8,ark~=21198=z1kd1z25.json
64r KTK sharpie WBUVO22-MB780IR,AraNF-8,ark~=21198=z1kd1z25.json
64r KTK sharpie WBUVUVb-MB780IR,AraNF-8,ark~=21198=z1kd1z25.json
64r KTK sharpie WBUVUVb-VIS,AraNF-8,ark~=21198=z1kd1z25.json
64v KTK pseudo MB365UV-MB780IR,AraNF-8,ark~=21198=z1kd1z25.json
64v KTK pseudo WBUVUVb-MB780IR,AraNF-8,ark~=21198=z1kd1z25.json
64v KTK pseudo WBUVUVb-VIS,AraNF-8,ark~=21198=z1kd1z25.json
64v KTK sharpie avgUV-VIS,AraNF-8,ark~=21198=z1kd1z25.json
64v KTK sharpie WBUVG58-MB780IR,AraNF-8,ark~=21198=z1kd1z25.json
64v KTK sharpie WBUVO22-MB780IR,AraNF-8,ark~=21198=z1kd1z25.json
64v KTK sharpie WBUVUVb-MB780IR,AraNF-8,ark~=21198=z1kd1z25.json
64v KTK sharpie WBUVUVb-VIS,AraNF-8,ark~=21198=z1kd1z25.json
65r KTK pseudo MB365UV-VIS,AraNF-8,ark~=21198=z1kd1z25.json
65r KTK pseudo WBUVO22-VIS,AraNF-8,ark~=21198=z1kd1z25.json
65r KTK pseudo WBUVUVb-MB780IR,AraNF-8,ark~=21198=z1kd1z25.json
65r KTK pseudo WBUVUVP-VIS,AraNF-8,ark~=21198=z1kd1z25.json
65r KTK sharpie avgUV-VIS,AraNF-8,ark~=21198=z1kd1z25.json
65r KTK sharpie MB365UV-VIS,AraNF-8,ark~=21198=z1kd1z25.json
65r KTK sharpie WBUVB47-VIS,AraNF-8,ark~=21198=z1kd1z25.json
65r KTK sharpie WBUVG58-MB780IR,AraNF-8,ark~=21198=z1kd1z25.json
65r KTK sharpie WBUVO22-MB780IR,AraNF-8,ark~=21198=z1kd1z25.json
65r KTK sharpie WBUVUVb-MB780IR,AraNF-8,ark~=21198=z1kd1z25.json
65v KTK pseudo MB365UV-VIS,AraNF-8,ark~=21198=z1kd1z25.json
65v KTK pseudo WBUVO22-VIS,AraNF-8,ark~=21198=z1kd1z25.json
65v KTK pseudo WBUVUVb-VIS,AraNF-8,ark~=21198=z1kd1z25.json
65v KTK pseudo WBUVUVP-VIS,AraNF-8,ark~=21198=z1kd1z25.json
65v KTK sharpie WBUVB47-VIS,AraNF-8,ark~=21198=z1kd1z25.json
65v KTK sharpie WBUVG58-MB780IR,AraNF-8,ark~=21198=z1kd1z25.json
65v KTK sharpie WBUVG58-VIS,AraNF-8,ark~=21198=z1kd1z25.json
65v KTK sharpie WBUVO22-VIS,AraNF-8,ark~=21198=z1kd1z25.json
65v KTK sharpie WBUVUVb-VIS,AraNF-8,ark~=21198=z1kd1z25.json
66r KTK pseudo MB365UV-VIS,AraNF-8,ark~=21198=z1kd1z25.json
66r KTK pseudo WBUVO22-VIS,AraNF-8,ark~=21198=z1kd1z25.json
66r KTK pseudo WBUVUVb-MB780IR,AraNF-8,ark~=21198=z1kd1z25.json
66r KTK pseudo WBUVUVb-VIS,AraNF-8,ark~=21198=z1kd1z25.json
66r KTK pseudo WBUVUVP-VIS,AraNF-8,ark~=21198=z1kd1z25.json
66r KTK sharpie WBUVB47-VIS,AraNF-8,ark~=21198=z1kd1z25.json
66r KTK sharpie WBUVG58-MB780IR,AraNF-8,ark~=21198=z1kd1z25.json
66r KTK sharpie WBUVO22-MB780IR,AraNF-8,ark~=21198=z1kd1z25.json
66r KTK sharpie WBUVO22-VIS,AraNF-8,ark~=21198=z1kd1z25.json
66r KTK sharpie WBUVUVb-MB780IR,AraNF-8,ark~=21198=z1kd1z25.json
66r KTK sharpie WBUVUVb-VIS,AraNF-8,ark~=21198=z1kd1z25.json
66v KTK pseudo MB365UV-VIS,AraNF-8,ark~=21198=z1kd1z25.json
66v KTK pseudo WBUVO22-VIS,AraNF-8,ark~=21198=z1kd1z25.json
66v KTK pseudo WBUVUVP-VIS,AraNF-8,ark~=21198=z1kd1z25.json
66v KTK sharpie MB365UV-VIS,AraNF-8,ark~=21198=z1kd1z25.json
66v KTK sharpie WBUVUVb-MB780IR,AraNF-8,ark~=21198=z1kd1z25.json
66v KTK sharpie WBUVUVb-VIS,AraNF-8,ark~=21198=z1kd1z25.json
67r KTK pseudo WBUVUVb-MB780IR,AraNF-8,ark~=21198=z1kd1z25.json
67r KTK pseudo WBUVUVb-VIS,AraNF-8,ark~=21198=z1kd1z25.json
67r KTK sharpie WBUVB47-VIS,AraNF-8,ark~=21198=z1kd1z25.json
67r KTK sharpie WBUVG58-MB780IR,AraNF-8,ark~=21198=z1kd1z25.json
67r KTK sharpie WBUVG58-VIS,AraNF-8,ark~=21198=z1kd1z25.json
67r KTK sharpie WBUVO22-MB780IR,AraNF-8,ark~=21198=z1kd1z25.json
67r KTK sharpie WBUVUVb-MB780IR,AraNF-8,ark~=21198=z1kd1z25.json
67v KTK pseudo WBUVUVb-VIS,AraNF-8,ark~=21198=z1kd1z25.json
67v KTK pseudo WBUVUVP-VIS,AraNF-8,ark~=21198=z1kd1z25.json
67v KTK sharpie WBUVB47-VIS,AraNF-8,ark~=21198=z1kd1z25.json
67v KTK sharpie WBUVG58-MB780IR,AraNF-8,ark~=21198=z1kd1z25.json
67v KTK sharpie WBUVG58-VIS,AraNF-8,ark~=21198=z1kd1z25.json
67v KTK sharpie WBUVUVb-MB780IR,AraNF-8,ark~=21198=z1kd1z25.json
68r KTK pseudo MB365UV-VIS,AraNF-8,ark~=21198=z1kd1z25.json
68r KTK pseudo WBUVO22-VIS,AraNF-8,ark~=21198=z1kd1z25.json
68r KTK pseudo WBUVUVb-MB780IR,AraNF-8,ark~=21198=z1kd1z25.json
68r KTK pseudo WBUVUVb-VIS,AraNF-8,ark~=21198=z1kd1z25.json
68r KTK pseudo WBUVUVP-VIS,AraNF-8,ark~=21198=z1kd1z25.json
68r KTK sharpie avgUV-VIS,AraNF-8,ark~=21198=z1kd1z25.json
68r KTK sharpie WBUVB47-VIS,AraNF-8,ark~=21198=z1kd1z25.json
68r KTK sharpie WBUVG58-MB780IR,AraNF-8,ark~=21198=z1kd1z25.json
68r KTK sharpie WBUVUVb-MB780IR,AraNF-8,ark~=21198=z1kd1z25.json
68v KTK pseudo MB365UV-MB780IR,AraNF-8,ark~=21198=z1kd1z25.json
68v KTK pseudo WBUVUVb-MB780IR,AraNF-8,ark~=21198=z1kd1z25.json
68v KTK pseudo WBUVUVb-VIS,AraNF-8,ark~=21198=z1kd1z25.json
68v KTK pseudo WBUVUVP-VIS,AraNF-8,ark~=21198=z1kd1z25.json
68v KTK sharpie avgUV-VIS,AraNF-8,ark~=21198=z1kd1z25.json
68v KTK sharpie MB365UV-MB780IR,AraNF-8,ark~=21198=z1kd1z25.json
68v KTK sharpie WBUVB47-VIS,AraNF-8,ark~=21198=z1kd1z25.json
68v KTK sharpie WBUVG58-MB780IR,AraNF-8,ark~=21198=z1kd1z25.json
68v KTK sharpie WBUVG58-VIS,AraNF-8,ark~=21198=z1kd1z25.json
68v KTK sharpie WBUVO22-MB780IR,AraNF-8,ark~=21198=z1kd1z25.json
68v KTK sharpie WBUVO22-VIS,AraNF-8,ark~=21198=z1kd1z25.json
68v KTK sharpie WBUVUVb-MB780IR,AraNF-8,ark~=21198=z1kd1z25.json
68v KTK sharpie WBUVUVb-VIS,AraNF-8,ark~=21198=z1kd1z25.json
69r KTK pseudo MB365UV-VIS,AraNF-8,ark~=21198=z1kd1z25.json
69r KTK pseudo WBUVUVb-MB780IR,AraNF-8,ark~=21198=z1kd1z25.json
69r KTK pseudo WBUVUVb-VIS,AraNF-8,ark~=21198=z1kd1z25.json
69r KTK pseudo WBUVUVP-VIS,AraNF-8,ark~=21198=z1kd1z25.json
69r KTK sharpie WBUVB47-VIS,AraNF-8,ark~=21198=z1kd1z25.json
69r KTK sharpie WBUVG58-MB780IR,AraNF-8,ark~=21198=z1kd1z25.json
69r KTK sharpie WBUVG58-VIS,AraNF-8,ark~=21198=z1kd1z25.json
69r KTK sharpie WBUVO22-MB780IR,AraNF-8,ark~=21198=z1kd1z25.json
69r KTK sharpie WBUVO22-VIS,AraNF-8,ark~=21198=z1kd1z25.json
69r KTK sharpie WBUVUVb-MB780IR,AraNF-8,ark~=21198=z1kd1z25.json
69r KTK sharpie WBUVUVb-VIS,AraNF-8,ark~=21198=z1kd1z25.json
69v KTK pseudo WBUVO22-VIS,AraNF-8,ark~=21198=z1kd1z25.json
69v KTK pseudo WBUVUVb-MB780IR,AraNF-8,ark~=21198=z1kd1z25.json
69v KTK pseudo WBUVUVb-VIS,AraNF-8,ark~=21198=z1kd1z25.json
69v KTK sharpie avgUV-VIS,AraNF-8,ark~=21198=z1kd1z25.json
69v KTK sharpie MB365UV-MB780IR,AraNF-8,ark~=21198=z1kd1z25.json
69v KTK sharpie WBUVB47-VIS,AraNF-8,ark~=21198=z1kd1z25.json
69v KTK sharpie WBUVG58-MB780IR,AraNF-8,ark~=21198=z1kd1z25.json
69v KTK sharpie WBUVG58-VIS,AraNF-8,ark~=21198=z1kd1z25.json
69v KTK sharpie WBUVO22-MB780IR,AraNF-8,ark~=21198=z1kd1z25.json
69v KTK sharpie WBUVO22-VIS,AraNF-8,ark~=21198=z1kd1z25.json
69v KTK sharpie WBUVUVb-MB780IR,AraNF-8,ark~=21198=z1kd1z25.json
6r KTK pseudo MB365UV-MB780IR,AraNF-8,ark~=21198=z1kd1z25.json
6r KTK pseudo MB365UV-VIS,AraNF-8,ark~=21198=z1kd1z25.json
6r KTK pseudo WBUVUVb-MB780IR,AraNF-8,ark~=21198=z1kd1z25.json
6r KTK pseudo WBUVUVb-VIS,AraNF-8,ark~=21198=z1kd1z25.json
6r KTK pseudo WBUVUVP-VIS,AraNF-8,ark~=21198=z1kd1z25.json
6r KTK sharpie MB365UV-MB780IR,AraNF-8,ark~=21198=z1kd1z25.json
6r KTK sharpie WBUVG58-MB780IR,AraNF-8,ark~=21198=z1kd1z25.json
6v KTK pseudo MB365UV-MB780IR,AraNF-8,ark~=21198=z1kd1z25.json
6v KTK pseudo MB365UV-VIS,AraNF-8,ark~=21198=z1kd1z25.json
6v KTK pseudo WBUVO22-VIS,AraNF-8,ark~=21198=z1kd1z25.json
6v KTK pseudo WBUVUVb-MB780IR,AraNF-8,ark~=21198=z1kd1z25.json
6v KTK pseudo WBUVUVb-VIS,AraNF-8,ark~=21198=z1kd1z25.json
6v KTK pseudo WBUVUVP-VIS,AraNF-8,ark~=21198=z1kd1z25.json
6v KTK sharpie avgUV-VIS,AraNF-8,ark~=21198=z1kd1z25.json
6v KTK sharpie MB365UV-MB780IR,AraNF-8,ark~=21198=z1kd1z25.json
6v KTK sharpie WBUVG58-MB780IR,AraNF-8,ark~=21198=z1kd1z25.json
6v KTK sharpie WBUVO22-MB780IR,AraNF-8,ark~=21198=z1kd1z25.json
6v KTK sharpie WBUVUVb-MB780IR,AraNF-8,ark~=21198=z1kd1z25.json
70r KTK pseudo MB365UV-VIS,AraNF-8,ark~=21198=z1kd1z25.json
70r KTK pseudo WBUVO22-VIS,AraNF-8,ark~=21198=z1kd1z25.json
70r KTK pseudo WBUVUVb-MB780IR,AraNF-8,ark~=21198=z1kd1z25.json
70r KTK pseudo WBUVUVP-VIS,AraNF-8,ark~=21198=z1kd1z25.json
70r KTK sharpie avgUV-VIS,AraNF-8,ark~=21198=z1kd1z25.json
70r KTK sharpie WBUVB47-VIS,AraNF-8,ark~=21198=z1kd1z25.json
70r KTK sharpie WBUVG58-MB780IR,AraNF-8,ark~=21198=z1kd1z25.json
70r KTK sharpie WBUVO22-VIS,AraNF-8,ark~=21198=z1kd1z25.json
70v KTK pseudo MB365UV-VIS,AraNF-8,ark~=21198=z1kd1z25.json
70v KTK pseudo WBUVUVb-MB780IR,AraNF-8,ark~=21198=z1kd1z25.json
70v KTK pseudo WBUVUVb-VIS,AraNF-8,ark~=21198=z1kd1z25.json
70v KTK pseudo WBUVUVP-VIS,AraNF-8,ark~=21198=z1kd1z25.json
70v KTK sharpie WBUVB47-VIS,AraNF-8,ark~=21198=z1kd1z25.json
70v KTK sharpie WBUVG58-MB780IR,AraNF-8,ark~=21198=z1kd1z25.json
70v KTK sharpie WBUVG58-VIS,AraNF-8,ark~=21198=z1kd1z25.json
70v KTK sharpie WBUVO22-MB780IR,AraNF-8,ark~=21198=z1kd1z25.json
70v KTK sharpie WBUVUVb-MB780IR,AraNF-8,ark~=21198=z1kd1z25.json
70v KTK sharpie WBUVUVb-VIS,AraNF-8,ark~=21198=z1kd1z25.json
71r KTK pseudo MB365UV-MB780IR,AraNF-8,ark~=21198=z1kd1z25.json
71r KTK pseudo WBUVO22-VIS,AraNF-8,ark~=21198=z1kd1z25.json
71r KTK pseudo WBUVUVb-MB780IR,AraNF-8,ark~=21198=z1kd1z25.json
71r KTK sharpie avgUV-VIS,AraNF-8,ark~=21198=z1kd1z25.json
71r KTK sharpie WBUVB47-VIS,AraNF-8,ark~=21198=z1kd1z25.json
71r KTK sharpie WBUVG58-MB780IR,AraNF-8,ark~=21198=z1kd1z25.json
71r KTK sharpie WBUVG58-VIS,AraNF-8,ark~=21198=z1kd1z25.json
71r KTK sharpie WBUVO22-MB780IR,AraNF-8,ark~=21198=z1kd1z25.json
71r KTK sharpie WBUVO22-VIS,AraNF-8,ark~=21198=z1kd1z25.json
71r KTK sharpie WBUVUVb-MB780IR,AraNF-8,ark~=21198=z1kd1z25.json
71r KTK sharpie WBUVUVb-VIS,AraNF-8,ark~=21198=z1kd1z25.json
71v KTK pseudo MB365UV-VIS,AraNF-8,ark~=21198=z1kd1z25.json
71v KTK pseudo WBUVO22-VIS,AraNF-8,ark~=21198=z1kd1z25.json
71v KTK pseudo WBUVUVb-MB780IR,AraNF-8,ark~=21198=z1kd1z25.json
71v KTK pseudo WBUVUVb-VIS,AraNF-8,ark~=21198=z1kd1z25.json
71v KTK pseudo WBUVUVP-VIS,AraNF-8,ark~=21198=z1kd1z25.json
71v KTK sharpie avgUV-VIS,AraNF-8,ark~=21198=z1kd1z25.json
71v KTK sharpie MB365UV-VIS,AraNF-8,ark~=21198=z1kd1z25.json
71v KTK sharpie WBUVB47-VIS,AraNF-8,ark~=21198=z1kd1z25.json
71v KTK sharpie WBUVG58-MB780IR,AraNF-8,ark~=21198=z1kd1z25.json
71v KTK sharpie WBUVO22-MB780IR,AraNF-8,ark~=21198=z1kd1z25.json
71v KTK sharpie WBUVO22-VIS,AraNF-8,ark~=21198=z1kd1z25.json
71v KTK sharpie WBUVUVb-MB780IR,AraNF-8,ark~=21198=z1kd1z25.json
71v KTK sharpie WBUVUVb-VIS,AraNF-8,ark~=21198=z1kd1z25.json
72r KTK pseudo MB365UV-MB780IR,AraNF-8,ark~=21198=z1kd1z25.json
72r KTK pseudo WBUVO22-VIS,AraNF-8,ark~=21198=z1kd1z25.json
72r KTK pseudo WBUVUVb-MB780IR,AraNF-8,ark~=21198=z1kd1z25.json
72r KTK pseudo WBUVUVb-VIS,AraNF-8,ark~=21198=z1kd1z25.json
72r KTK sharpie avgUV-VIS,AraNF-8,ark~=21198=z1kd1z25.json
72r KTK sharpie MB365UV-MB780IR,AraNF-8,ark~=21198=z1kd1z25.json
72r KTK sharpie MB365UV-VIS,AraNF-8,ark~=21198=z1kd1z25.json
72r KTK sharpie WBUVB47-VIS,AraNF-8,ark~=21198=z1kd1z25.json
72r KTK sharpie WBUVG58-MB780IR,AraNF-8,ark~=21198=z1kd1z25.json
72r KTK sharpie WBUVG58-VIS,AraNF-8,ark~=21198=z1kd1z25.json
72r KTK sharpie WBUVO22-VIS,AraNF-8,ark~=21198=z1kd1z25.json
72r KTK sharpie WBUVUVb-MB780IR,AraNF-8,ark~=21198=z1kd1z25.json
72r KTK sharpie WBUVUVb-VIS,AraNF-8,ark~=21198=z1kd1z25.json
72v KTK pseudo MB365UV-VIS,AraNF-8,ark~=21198=z1kd1z25.json
72v KTK pseudo WBUVO22-VIS,AraNF-8,ark~=21198=z1kd1z25.json
72v KTK pseudo WBUVUVb-MB780IR,AraNF-8,ark~=21198=z1kd1z25.json
72v KTK pseudo WBUVUVb-VIS,AraNF-8,ark~=21198=z1kd1z25.json
72v KTK pseudo WBUVUVP-VIS,AraNF-8,ark~=21198=z1kd1z25.json
72v KTK sharpie WBUVB47-VIS,AraNF-8,ark~=21198=z1kd1z25.json
72v KTK sharpie WBUVG58-VIS,AraNF-8,ark~=21198=z1kd1z25.json
72v KTK sharpie WBUVUVb-MB780IR,AraNF-8,ark~=21198=z1kd1z25.json
73r KTK pseudo MB365UV-VIS,AraNF-8,ark~=21198=z1kd1z25.json
73r KTK pseudo WBUVO22-VIS,AraNF-8,ark~=21198=z1kd1z25.json
73r KTK pseudo WBUVUVb-MB780IR,AraNF-8,ark~=21198=z1kd1z25.json
73r KTK pseudo WBUVUVb-VIS,AraNF-8,ark~=21198=z1kd1z25.json
73r KTK pseudo WBUVUVP-VIS,AraNF-8,ark~=21198=z1kd1z25.json
73r KTK sharpie avgUV-VIS,AraNF-8,ark~=21198=z1kd1z25.json
73r KTK sharpie MB365UV-VIS,AraNF-8,ark~=21198=z1kd1z25.json
73r KTK sharpie WBUVB47-VIS,AraNF-8,ark~=21198=z1kd1z25.json
73r KTK sharpie WBUVG58-MB780IR,AraNF-8,ark~=21198=z1kd1z25.json
73r KTK sharpie WBUVG58-VIS,AraNF-8,ark~=21198=z1kd1z25.json
73r KTK sharpie WBUVO22-MB780IR,AraNF-8,ark~=21198=z1kd1z25.json
73v KTK pseudo MB365UV-MB780IR,AraNF-8,ark~=21198=z1kd1z25.json
73v KTK pseudo MB365UV-VIS,AraNF-8,ark~=21198=z1kd1z25.json
73v KTK pseudo WBUVUVb-MB780IR,AraNF-8,ark~=21198=z1kd1z25.json
73v KTK pseudo WBUVUVb-VIS,AraNF-8,ark~=21198=z1kd1z25.json
73v KTK pseudo WBUVUVP-VIS,AraNF-8,ark~=21198=z1kd1z25.json
73v KTK sharpie MB365UV-VIS,AraNF-8,ark~=21198=z1kd1z25.json
73v KTK sharpie WBUVB47-VIS,AraNF-8,ark~=21198=z1kd1z25.json
73v KTK sharpie WBUVG58-MB780IR,AraNF-8,ark~=21198=z1kd1z25.json
73v KTK sharpie WBUVO22-MB780IR,AraNF-8,ark~=21198=z1kd1z25.json
73v KTK sharpie WBUVUVb-MB780IR,AraNF-8,ark~=21198=z1kd1z25.json
74r KTK pseudo MB365UV-VIS,AraNF-8,ark~=21198=z1kd1z25.json
74r KTK pseudo WBUVUVb-MB780IR,AraNF-8,ark~=21198=z1kd1z25.json
74r KTK pseudo WBUVUVb-VIS,AraNF-8,ark~=21198=z1kd1z25.json
74r KTK pseudo WBUVUVP-VIS,AraNF-8,ark~=21198=z1kd1z25.json
74r KTK sharpie avgUV-VIS,AraNF-8,ark~=21198=z1kd1z25.json
74r KTK sharpie WBUVB47-VIS,AraNF-8,ark~=21198=z1kd1z25.json
74r KTK sharpie WBUVG58-MB780IR,AraNF-8,ark~=21198=z1kd1z25.json
74r KTK sharpie WBUVG58-VIS,AraNF-8,ark~=21198=z1kd1z25.json
74r KTK sharpie WBUVO22-MB780IR,AraNF-8,ark~=21198=z1kd1z25.json
74r KTK sharpie WBUVUVP-VIS,AraNF-8,ark~=21198=z1kd1z25.json
74v KTK sharpie avgUV-VIS,AraNF-8,ark~=21198=z1kd1z25.json
74v KTK sharpie WBUVB47-VIS,AraNF-8,ark~=21198=z1kd1z25.json
74v KTK sharpie WBUVG58-VIS,AraNF-8,ark~=21198=z1kd1z25.json
74v KTK sharpie WBUVUVb-MB780IR,AraNF-8,ark~=21198=z1kd1z25.json
74v KTK sharpie WBUVUVb-VIS,AraNF-8,ark~=21198=z1kd1z25.json
75r KTK pseudo MB365UV-VIS,AraNF-8,ark~=21198=z1kd1z25.json
75r KTK pseudo WBUVO22-VIS,AraNF-8,ark~=21198=z1kd1z25.json
75r KTK pseudo WBUVUVb-MB780IR,AraNF-8,ark~=21198=z1kd1z25.json
75r KTK pseudo WBUVUVb-VIS,AraNF-8,ark~=21198=z1kd1z25.json
75r KTK sharpie MB365UV-VIS,AraNF-8,ark~=21198=z1kd1z25.json
75r KTK sharpie WBUVB47-VIS,AraNF-8,ark~=21198=z1kd1z25.json
75r KTK sharpie WBUVG58-MB780IR,AraNF-8,ark~=21198=z1kd1z25.json
75r KTK sharpie WBUVO22-MB780IR,AraNF-8,ark~=21198=z1kd1z25.json
75r KTK sharpie WBUVO22-VIS,AraNF-8,ark~=21198=z1kd1z25.json
75r KTK sharpie WBUVUVb-MB780IR,AraNF-8,ark~=21198=z1kd1z25.json
75r KTK sharpie WBUVUVb-VIS,AraNF-8,ark~=21198=z1kd1z25.json
75v KTK pseudo WBUVO22-VIS,AraNF-8,ark~=21198=z1kd1z25.json
75v KTK pseudo WBUVUVb-MB780IR,AraNF-8,ark~=21198=z1kd1z25.json
75v KTK pseudo WBUVUVb-VIS,AraNF-8,ark~=21198=z1kd1z25.json
75v KTK sharpie WBUVB47-VIS,AraNF-8,ark~=21198=z1kd1z25.json
75v KTK sharpie WBUVG58-VIS,AraNF-8,ark~=21198=z1kd1z25.json
75v KTK sharpie WBUVUVP-VIS,AraNF-8,ark~=21198=z1kd1z25.json
76r KTK pseudo MB365UV-VIS,AraNF-8,ark~=21198=z1kd1z25.json
76r KTK pseudo WBUVO22-VIS,AraNF-8,ark~=21198=z1kd1z25.json
76r KTK pseudo WBUVUVb-MB780IR,AraNF-8,ark~=21198=z1kd1z25.json
76r KTK pseudo WBUVUVP-VIS,AraNF-8,ark~=21198=z1kd1z25.json
76r KTK sharpie avgUV-VIS,AraNF-8,ark~=21198=z1kd1z25.json
76r KTK sharpie WBUVB47-VIS,AraNF-8,ark~=21198=z1kd1z25.json
76r KTK sharpie WBUVG58-MB780IR,AraNF-8,ark~=21198=z1kd1z25.json
76r KTK sharpie WBUVG58-VIS,AraNF-8,ark~=21198=z1kd1z25.json
76r KTK sharpie WBUVO22-MB780IR,AraNF-8,ark~=21198=z1kd1z25.json
76r KTK sharpie WBUVUVb-VIS,AraNF-8,ark~=21198=z1kd1z25.json
76v KTK pseudo MB365UV-VIS,AraNF-8,ark~=21198=z1kd1z25.json
76v KTK pseudo WBUVO22-VIS,AraNF-8,ark~=21198=z1kd1z25.json
76v KTK pseudo WBUVUVb-MB780IR,AraNF-8,ark~=21198=z1kd1z25.json
76v KTK pseudo WBUVUVb-VIS,AraNF-8,ark~=21198=z1kd1z25.json
76v KTK pseudo WBUVUVP-VIS,AraNF-8,ark~=21198=z1kd1z25.json
76v KTK sharpie avgUV-VIS,AraNF-8,ark~=21198=z1kd1z25.json
76v KTK sharpie WBUVB47-VIS,AraNF-8,ark~=21198=z1kd1z25.json
76v KTK sharpie WBUVG58-MB780IR,AraNF-8,ark~=21198=z1kd1z25.json
76v KTK sharpie WBUVG58-VIS,AraNF-8,ark~=21198=z1kd1z25.json
76v KTK sharpie WBUVO22-MB780IR,AraNF-8,ark~=21198=z1kd1z25.json
76v KTK sharpie WBUVUVb-MB780IR,AraNF-8,ark~=21198=z1kd1z25.json
76v KTK sharpie WBUVUVb-VIS,AraNF-8,ark~=21198=z1kd1z25.json
77r KTK pseudo MB365UV-VIS,AraNF-8,ark~=21198=z1kd1z25.json
77r KTK pseudo WBUVUVb-MB780IR,AraNF-8,ark~=21198=z1kd1z25.json
77r KTK pseudo WBUVUVb-VIS,AraNF-8,ark~=21198=z1kd1z25.json
77r KTK pseudo WBUVUVP-VIS,AraNF-8,ark~=21198=z1kd1z25.json
77r KTK sharpie WBUVB47-VIS,AraNF-8,ark~=21198=z1kd1z25.json
77r KTK sharpie WBUVG58-MB780IR,AraNF-8,ark~=21198=z1kd1z25.json
77r KTK sharpie WBUVO22-MB780IR,AraNF-8,ark~=21198=z1kd1z25.json
77r KTK sharpie WBUVUVb-MB780IR,AraNF-8,ark~=21198=z1kd1z25.json
77r KTK sharpie WBUVUVb-VIS,AraNF-8,ark~=21198=z1kd1z25.json
77v KTK pseudo MB365UV-VIS,AraNF-8,ark~=21198=z1kd1z25.json
77v KTK pseudo WBUVUVb-MB780IR,AraNF-8,ark~=21198=z1kd1z25.json
77v KTK pseudo WBUVUVP-VIS,AraNF-8,ark~=21198=z1kd1z25.json
77v KTK sharpie WBUVB47-VIS,AraNF-8,ark~=21198=z1kd1z25.json
77v KTK sharpie WBUVG58-MB780IR,AraNF-8,ark~=21198=z1kd1z25.json
77v KTK sharpie WBUVG58-VIS,AraNF-8,ark~=21198=z1kd1z25.json
77v KTK sharpie WBUVO22-MB780IR,AraNF-8,ark~=21198=z1kd1z25.json
77v KTK sharpie WBUVO22-VIS,AraNF-8,ark~=21198=z1kd1z25.json
77v KTK sharpie WBUVUVb-MB780IR,AraNF-8,ark~=21198=z1kd1z25.json
78r KTK pseudo WBUVO22-VIS,AraNF-8,ark~=21198=z1kd1z25.json
78r KTK pseudo WBUVUVb-MB780IR,AraNF-8,ark~=21198=z1kd1z25.json
78r KTK pseudo WBUVUVb-VIS,AraNF-8,ark~=21198=z1kd1z25.json
78r KTK sharpie WBUVB47-VIS,AraNF-8,ark~=21198=z1kd1z25.json
78r KTK sharpie WBUVG58-MB780IR,AraNF-8,ark~=21198=z1kd1z25.json
78r KTK sharpie WBUVG58-VIS,AraNF-8,ark~=21198=z1kd1z25.json
78r KTK sharpie WBUVO22-MB780IR,AraNF-8,ark~=21198=z1kd1z25.json
78r KTK sharpie WBUVO22-VIS,AraNF-8,ark~=21198=z1kd1z25.json
78r KTK sharpie WBUVUVb-MB780IR,AraNF-8,ark~=21198=z1kd1z25.json
78v KTK pseudo WBUVUVb-MB780IR,AraNF-8,ark~=21198=z1kd1z25.json
78v KTK pseudo WBUVUVb-VIS,AraNF-8,ark~=21198=z1kd1z25.json
78v KTK pseudo WBUVUVP-VIS,AraNF-8,ark~=21198=z1kd1z25.json
78v KTK sharpie WBUVB47-VIS,AraNF-8,ark~=21198=z1kd1z25.json
78v KTK sharpie WBUVG58-MB780IR,AraNF-8,ark~=21198=z1kd1z25.json
78v KTK sharpie WBUVO22-MB780IR,AraNF-8,ark~=21198=z1kd1z25.json
78v KTK sharpie WBUVUVb-MB780IR,AraNF-8,ark~=21198=z1kd1z25.json
79r KTK pseudo MB365UV-VIS,AraNF-8,ark~=21198=z1kd1z25.json
79r KTK pseudo WBUVUVP-VIS,AraNF-8,ark~=21198=z1kd1z25.json
79r KTK sharpie WBUVB47-VIS,AraNF-8,ark~=21198=z1kd1z25.json
79r KTK sharpie WBUVG58-VIS,AraNF-8,ark~=21198=z1kd1z25.json
79r KTK sharpie WBUVUVb-VIS,AraNF-8,ark~=21198=z1kd1z25.json
79v KTK pseudo WBUVO22-VIS,AraNF-8,ark~=21198=z1kd1z25.json
79v KTK pseudo WBUVUVb-MB780IR,AraNF-8,ark~=21198=z1kd1z25.json
79v KTK pseudo WBUVUVb-VIS,AraNF-8,ark~=21198=z1kd1z25.json
79v KTK pseudo WBUVUVP-VIS,AraNF-8,ark~=21198=z1kd1z25.json
79v KTK sharpie avgUV-VIS,AraNF-8,ark~=21198=z1kd1z25.json
79v KTK sharpie WBUVG58-MB780IR,AraNF-8,ark~=21198=z1kd1z25.json
79v KTK sharpie WBUVG58-VIS,AraNF-8,ark~=21198=z1kd1z25.json
79v KTK sharpie WBUVO22-MB780IR,AraNF-8,ark~=21198=z1kd1z25.json
79v KTK sharpie WBUVUVb-MB780IR,AraNF-8,ark~=21198=z1kd1z25.json
79v KTK sharpie WBUVUVb-VIS,AraNF-8,ark~=21198=z1kd1z25.json
7r KTK pseudo MB365UV-MB780IR,AraNF-8,ark~=21198=z1kd1z25.json
7r KTK pseudo MB365UV-VIS,AraNF-8,ark~=21198=z1kd1z25.json
7r KTK pseudo WBUVO22-VIS,AraNF-8,ark~=21198=z1kd1z25.json
7r KTK pseudo WBUVUVb-MB780IR,AraNF-8,ark~=21198=z1kd1z25.json
7r KTK pseudo WBUVUVb-VIS,AraNF-8,ark~=21198=z1kd1z25.json
7r KTK pseudo WBUVUVP-VIS,AraNF-8,ark~=21198=z1kd1z25.json
7r KTK sharpie avgUV-VIS,AraNF-8,ark~=21198=z1kd1z25.json
7r KTK sharpie MB365UV-MB780IR,AraNF-8,ark~=21198=z1kd1z25.json
7r KTK sharpie WBUVB47-VIS,AraNF-8,ark~=21198=z1kd1z25.json
7r KTK sharpie WBUVG58-MB780IR,AraNF-8,ark~=21198=z1kd1z25.json
7r KTK sharpie WBUVG58-VIS,AraNF-8,ark~=21198=z1kd1z25.json
7r KTK sharpie WBUVO22-MB780IR,AraNF-8,ark~=21198=z1kd1z25.json
7r KTK sharpie WBUVO22-VIS,AraNF-8,ark~=21198=z1kd1z25.json
7r KTK sharpie WBUVUVb-MB780IR,AraNF-8,ark~=21198=z1kd1z25.json
7r KTK sharpie WBUVUVb-VIS,AraNF-8,ark~=21198=z1kd1z25.json
7v KTK pseudo MB365UV-MB780IR,AraNF-8,ark~=21198=z1kd1z25.json
7v KTK pseudo MB365UV-VIS,AraNF-8,ark~=21198=z1kd1z25.json
7v KTK pseudo WBUVO22-VIS,AraNF-8,ark~=21198=z1kd1z25.json
7v KTK pseudo WBUVUVb-MB780IR,AraNF-8,ark~=21198=z1kd1z25.json
7v KTK pseudo WBUVUVb-VIS,AraNF-8,ark~=21198=z1kd1z25.json
7v KTK pseudo WBUVUVP-VIS,AraNF-8,ark~=21198=z1kd1z25.json
7v KTK sharpie avgUV-VIS,AraNF-8,ark~=21198=z1kd1z25.json
7v KTK sharpie MB365UV-MB780IR,AraNF-8,ark~=21198=z1kd1z25.json
7v KTK sharpie WBUVB47-VIS,AraNF-8,ark~=21198=z1kd1z25.json
7v KTK sharpie WBUVG58-MB780IR,AraNF-8,ark~=21198=z1kd1z25.json
7v KTK sharpie WBUVG58-VIS,AraNF-8,ark~=21198=z1kd1z25.json
7v KTK sharpie WBUVO22-MB780IR,AraNF-8,ark~=21198=z1kd1z25.json
7v KTK sharpie WBUVO22-VIS,AraNF-8,ark~=21198=z1kd1z25.json
7v KTK sharpie WBUVUVb-MB780IR,AraNF-8,ark~=21198=z1kd1z25.json
7v KTK sharpie WBUVUVb-VIS,AraNF-8,ark~=21198=z1kd1z25.json
80r KTK pseudo MB365UV-VIS,AraNF-8,ark~=21198=z1kd1z25.json
80r KTK pseudo WBUVO22-VIS,AraNF-8,ark~=21198=z1kd1z25.json
80r KTK pseudo WBUVUVb-MB780IR,AraNF-8,ark~=21198=z1kd1z25.json
80r KTK pseudo WBUVUVP-VIS,AraNF-8,ark~=21198=z1kd1z25.json
80r KTK sharpie avgUV-VIS,AraNF-8,ark~=21198=z1kd1z25.json
80r KTK sharpie MB365UV-VIS,AraNF-8,ark~=21198=z1kd1z25.json
80r KTK sharpie WBUVB47-VIS,AraNF-8,ark~=21198=z1kd1z25.json
80r KTK sharpie WBUVG58-MB780IR,AraNF-8,ark~=21198=z1kd1z25.json
80r KTK sharpie WBUVG58-VIS,AraNF-8,ark~=21198=z1kd1z25.json
80r KTK sharpie WBUVO22-MB780IR,AraNF-8,ark~=21198=z1kd1z25.json
80r KTK sharpie WBUVUVb-MB780IR,AraNF-8,ark~=21198=z1kd1z25.json
80v KTK pseudo MB365UV-MB780IR,AraNF-8,ark~=21198=z1kd1z25.json
80v KTK pseudo WBUVUVb-MB780IR,AraNF-8,ark~=21198=z1kd1z25.json
80v KTK pseudo WBUVUVb-VIS,AraNF-8,ark~=21198=z1kd1z25.json
80v KTK sharpie MB365UV-VIS,AraNF-8,ark~=21198=z1kd1z25.json
80v KTK sharpie WBUVB47-VIS,AraNF-8,ark~=21198=z1kd1z25.json
80v KTK sharpie WBUVG58-MB780IR,AraNF-8,ark~=21198=z1kd1z25.json
80v KTK sharpie WBUVO22-MB780IR,AraNF-8,ark~=21198=z1kd1z25.json
80v KTK sharpie WBUVO22-VIS,AraNF-8,ark~=21198=z1kd1z25.json
80v KTK sharpie WBUVUVb-MB780IR,AraNF-8,ark~=21198=z1kd1z25.json
81r KTK pseudo MB365UV-VIS,AraNF-8,ark~=21198=z1kd1z25.json
81r KTK pseudo WBUVO22-VIS,AraNF-8,ark~=21198=z1kd1z25.json
81r KTK pseudo WBUVUVb-MB780IR,AraNF-8,ark~=21198=z1kd1z25.json
81r KTK pseudo WBUVUVb-VIS,AraNF-8,ark~=21198=z1kd1z25.json
81r KTK pseudo WBUVUVP-VIS,AraNF-8,ark~=21198=z1kd1z25.json
81r KTK sharpie avgUV-VIS,AraNF-8,ark~=21198=z1kd1z25.json
81r KTK sharpie WBUVG58-MB780IR,AraNF-8,ark~=21198=z1kd1z25.json
81r KTK sharpie WBUVO22-MB780IR,AraNF-8,ark~=21198=z1kd1z25.json
81r KTK sharpie WBUVO22-VIS,AraNF-8,ark~=21198=z1kd1z25.json
81r KTK sharpie WBUVUVb-MB780IR,AraNF-8,ark~=21198=z1kd1z25.json
81r KTK sharpie WBUVUVb-VIS,AraNF-8,ark~=21198=z1kd1z25.json
81v KTK pseudo MB365UV-VIS,AraNF-8,ark~=21198=z1kd1z25.json
81v KTK pseudo WBUVO22-VIS,AraNF-8,ark~=21198=z1kd1z25.json
81v KTK pseudo WBUVUVb-MB780IR,AraNF-8,ark~=21198=z1kd1z25.json
81v KTK pseudo WBUVUVb-VIS,AraNF-8,ark~=21198=z1kd1z25.json
81v KTK pseudo WBUVUVP-VIS,AraNF-8,ark~=21198=z1kd1z25.json
81v KTK sharpie avgUV-VIS,AraNF-8,ark~=21198=z1kd1z25.json
81v KTK sharpie MB365UV-VIS,AraNF-8,ark~=21198=z1kd1z25.json
81v KTK sharpie WBUVG58-MB780IR,AraNF-8,ark~=21198=z1kd1z25.json
81v KTK sharpie WBUVO22-MB780IR,AraNF-8,ark~=21198=z1kd1z25.json
81v KTK sharpie WBUVO22-VIS,AraNF-8,ark~=21198=z1kd1z25.json
81v KTK sharpie WBUVUVb-MB780IR,AraNF-8,ark~=21198=z1kd1z25.json
81v KTK sharpie WBUVUVb-VIS,AraNF-8,ark~=21198=z1kd1z25.json
82r KTK pseudo WBUVO22-VIS,AraNF-8,ark~=21198=z1kd1z25.json
82r KTK pseudo WBUVUVb-MB780IR,AraNF-8,ark~=21198=z1kd1z25.json
82r KTK pseudo WBUVUVb-VIS,AraNF-8,ark~=21198=z1kd1z25.json
82r KTK sharpie WBUVB47-VIS,AraNF-8,ark~=21198=z1kd1z25.json
82r KTK sharpie WBUVG58-MB780IR,AraNF-8,ark~=21198=z1kd1z25.json
82r KTK sharpie WBUVG58-VIS,AraNF-8,ark~=21198=z1kd1z25.json
82r KTK sharpie WBUVO22-MB780IR,AraNF-8,ark~=21198=z1kd1z25.json
82r KTK sharpie WBUVO22-VIS,AraNF-8,ark~=21198=z1kd1z25.json
82r KTK sharpie WBUVUVb-MB780IR,AraNF-8,ark~=21198=z1kd1z25.json
82r KTK sharpie WBUVUVb-VIS,AraNF-8,ark~=21198=z1kd1z25.json
82v KTK pseudo MB365UV-VIS,AraNF-8,ark~=21198=z1kd1z25.json
82v KTK pseudo WBUVO22-VIS,AraNF-8,ark~=21198=z1kd1z25.json
82v KTK pseudo WBUVUVb-MB780IR,AraNF-8,ark~=21198=z1kd1z25.json
82v KTK pseudo WBUVUVb-VIS,AraNF-8,ark~=21198=z1kd1z25.json
82v KTK pseudo WBUVUVP-VIS,AraNF-8,ark~=21198=z1kd1z25.json
82v KTK sharpie avgUV-VIS,AraNF-8,ark~=21198=z1kd1z25.json
82v KTK sharpie MB365UV-MB780IR,AraNF-8,ark~=21198=z1kd1z25.json
82v KTK sharpie MB365UV-VIS,AraNF-8,ark~=21198=z1kd1z25.json
82v KTK sharpie WBUVG58-MB780IR,AraNF-8,ark~=21198=z1kd1z25.json
82v KTK sharpie WBUVO22-MB780IR,AraNF-8,ark~=21198=z1kd1z25.json
82v KTK sharpie WBUVUVb-MB780IR,AraNF-8,ark~=21198=z1kd1z25.json
82v KTK sharpie WBUVUVb-VIS,AraNF-8,ark~=21198=z1kd1z25.json
83r KTK pseudo MB365UV-MB780IR,AraNF-8,ark~=21198=z1kd1z25.json
83r KTK pseudo WBUVUVb-MB780IR,AraNF-8,ark~=21198=z1kd1z25.json
83r KTK pseudo WBUVUVb-VIS,AraNF-8,ark~=21198=z1kd1z25.json
83r KTK sharpie WBUVB47-VIS,AraNF-8,ark~=21198=z1kd1z25.json
83r KTK sharpie WBUVG58-MB780IR,AraNF-8,ark~=21198=z1kd1z25.json
83r KTK sharpie WBUVO22-MB780IR,AraNF-8,ark~=21198=z1kd1z25.json
83r KTK sharpie WBUVO22-VIS,AraNF-8,ark~=21198=z1kd1z25.json
83r KTK sharpie WBUVUVb-MB780IR,AraNF-8,ark~=21198=z1kd1z25.json
83v KTK pseudo MB365UV-MB780IR,AraNF-8,ark~=21198=z1kd1z25.json
83v KTK pseudo MB365UV-VIS,AraNF-8,ark~=21198=z1kd1z25.json
83v KTK pseudo WBUVO22-VIS,AraNF-8,ark~=21198=z1kd1z25.json
83v KTK pseudo WBUVUVb-MB780IR,AraNF-8,ark~=21198=z1kd1z25.json
83v KTK pseudo WBUVUVP-VIS,AraNF-8,ark~=21198=z1kd1z25.json
83v KTK sharpie avgUV-VIS,AraNF-8,ark~=21198=z1kd1z25.json
83v KTK sharpie MB365UV-MB780IR,AraNF-8,ark~=21198=z1kd1z25.json
83v KTK sharpie WBUVB47-VIS,AraNF-8,ark~=21198=z1kd1z25.json
83v KTK sharpie WBUVG58-MB780IR,AraNF-8,ark~=21198=z1kd1z25.json
83v KTK sharpie WBUVO22-MB780IR,AraNF-8,ark~=21198=z1kd1z25.json
83v KTK sharpie WBUVO22-VIS,AraNF-8,ark~=21198=z1kd1z25.json
83v KTK sharpie WBUVUVb-MB780IR,AraNF-8,ark~=21198=z1kd1z25.json
83v KTK sharpie WBUVUVb-VIS,AraNF-8,ark~=21198=z1kd1z25.json
84r KTK pseudo MB365UV-VIS,AraNF-8,ark~=21198=z1kd1z25.json
84r KTK pseudo WBUVO22-VIS,AraNF-8,ark~=21198=z1kd1z25.json
84r KTK pseudo WBUVUVb-MB780IR,AraNF-8,ark~=21198=z1kd1z25.json
84r KTK pseudo WBUVUVb-VIS,AraNF-8,ark~=21198=z1kd1z25.json
84r KTK pseudo WBUVUVP-VIS,AraNF-8,ark~=21198=z1kd1z25.json
84r KTK sharpie avgUV-VIS,AraNF-8,ark~=21198=z1kd1z25.json
84r KTK sharpie MB365UV-VIS,AraNF-8,ark~=21198=z1kd1z25.json
84r KTK sharpie WBUVB47-VIS,AraNF-8,ark~=21198=z1kd1z25.json
84r KTK sharpie WBUVG58-MB780IR,AraNF-8,ark~=21198=z1kd1z25.json
84r KTK sharpie WBUVO22-MB780IR,AraNF-8,ark~=21198=z1kd1z25.json
84r KTK sharpie WBUVO22-VIS,AraNF-8,ark~=21198=z1kd1z25.json
84r KTK sharpie WBUVUVb-MB780IR,AraNF-8,ark~=21198=z1kd1z25.json
84v KTK pseudo MB365UV-VIS,AraNF-8,ark~=21198=z1kd1z25.json
84v KTK pseudo WBUVO22-VIS,AraNF-8,ark~=21198=z1kd1z25.json
84v KTK pseudo WBUVUVb-MB780IR,AraNF-8,ark~=21198=z1kd1z25.json
84v KTK pseudo WBUVUVb-VIS,AraNF-8,ark~=21198=z1kd1z25.json
84v KTK pseudo WBUVUVP-VIS,AraNF-8,ark~=21198=z1kd1z25.json
84v KTK sharpie WBUVG58-MB780IR,AraNF-8,ark~=21198=z1kd1z25.json
84v KTK sharpie WBUVG58-VIS,AraNF-8,ark~=21198=z1kd1z25.json
84v KTK sharpie WBUVO22-MB780IR,AraNF-8,ark~=21198=z1kd1z25.json
84v KTK sharpie WBUVUVb-MB780IR,AraNF-8,ark~=21198=z1kd1z25.json
85r KTK pseudo MB365UV-MB780IR,AraNF-8,ark~=21198=z1kd1z25.json
85r KTK pseudo MB365UV-VIS,AraNF-8,ark~=21198=z1kd1z25.json
85r KTK pseudo WBUVO22-VIS,AraNF-8,ark~=21198=z1kd1z25.json
85r KTK pseudo WBUVUVb-MB780IR,AraNF-8,ark~=21198=z1kd1z25.json
85r KTK pseudo WBUVUVP-VIS,AraNF-8,ark~=21198=z1kd1z25.json
85r KTK sharpie WBUVB47-VIS,AraNF-8,ark~=21198=z1kd1z25.json
85r KTK sharpie WBUVG58-VIS,AraNF-8,ark~=21198=z1kd1z25.json
85r KTK sharpie WBUVUVb-MB780IR,AraNF-8,ark~=21198=z1kd1z25.json
85v KTK pseudo MB365UV-MB780IR,AraNF-8,ark~=21198=z1kd1z25.json
85v KTK pseudo WBUVUVb-MB780IR,AraNF-8,ark~=21198=z1kd1z25.json
85v KTK pseudo WBUVUVb-VIS,AraNF-8,ark~=21198=z1kd1z25.json
85v KTK sharpie avgUV-VIS,AraNF-8,ark~=21198=z1kd1z25.json
85v KTK sharpie WBUVB47-VIS,AraNF-8,ark~=21198=z1kd1z25.json
85v KTK sharpie WBUVUVb-VIS,AraNF-8,ark~=21198=z1kd1z25.json
86r KTK pseudo MB365UV-MB780IR,AraNF-8,ark~=21198=z1kd1z25.json
86r KTK pseudo MB365UV-VIS,AraNF-8,ark~=21198=z1kd1z25.json
86r KTK pseudo WBUVUVb-MB780IR,AraNF-8,ark~=21198=z1kd1z25.json
86r KTK pseudo WBUVUVb-VIS,AraNF-8,ark~=21198=z1kd1z25.json
86r KTK sharpie avgUV-VIS,AraNF-8,ark~=21198=z1kd1z25.json
86r KTK sharpie MB365UV-MB780IR,AraNF-8,ark~=21198=z1kd1z25.json
86r KTK sharpie WBUVB47-VIS,AraNF-8,ark~=21198=z1kd1z25.json
86r KTK sharpie WBUVG58-MB780IR,AraNF-8,ark~=21198=z1kd1z25.json
86r KTK sharpie WBUVO22-MB780IR,AraNF-8,ark~=21198=z1kd1z25.json
86r KTK sharpie WBUVUVb-MB780IR,AraNF-8,ark~=21198=z1kd1z25.json
86r KTK sharpie WBUVUVb-VIS,AraNF-8,ark~=21198=z1kd1z25.json
86r KTK sharpie WBUVUVP-VIS,AraNF-8,ark~=21198=z1kd1z25.json
86v KTK pseudo MB365UV-MB780IR,AraNF-8,ark~=21198=z1kd1z25.json
86v KTK pseudo WBUVUVb-MB780IR,AraNF-8,ark~=21198=z1kd1z25.json
86v KTK sharpie WBUVB47-VIS,AraNF-8,ark~=21198=z1kd1z25.json
86v KTK sharpie WBUVG58-MB780IR,AraNF-8,ark~=21198=z1kd1z25.json
86v KTK sharpie WBUVG58-VIS,AraNF-8,ark~=21198=z1kd1z25.json
86v KTK sharpie WBUVUVb-MB780IR,AraNF-8,ark~=21198=z1kd1z25.json
87r KTK pseudo MB365UV-VIS,AraNF-8,ark~=21198=z1kd1z25.json
87r KTK pseudo WBUVO22-VIS,AraNF-8,ark~=21198=z1kd1z25.json
87r KTK pseudo WBUVUVb-MB780IR,AraNF-8,ark~=21198=z1kd1z25.json
87r KTK pseudo WBUVUVb-VIS,AraNF-8,ark~=21198=z1kd1z25.json
87r KTK pseudo WBUVUVP-VIS,AraNF-8,ark~=21198=z1kd1z25.json
87r KTK sharpie WBUVB47-VIS,AraNF-8,ark~=21198=z1kd1z25.json
87r KTK sharpie WBUVO22-VIS,AraNF-8,ark~=21198=z1kd1z25.json
87r KTK sharpie WBUVUVb-VIS,AraNF-8,ark~=21198=z1kd1z25.json
87v KTK pseudo MB365UV-MB780IR,AraNF-8,ark~=21198=z1kd1z25.json
87v KTK pseudo MB365UV-VIS,AraNF-8,ark~=21198=z1kd1z25.json
87v KTK pseudo WBUVO22-VIS,AraNF-8,ark~=21198=z1kd1z25.json
87v KTK pseudo WBUVUVb-MB780IR,AraNF-8,ark~=21198=z1kd1z25.json
87v KTK pseudo WBUVUVb-VIS,AraNF-8,ark~=21198=z1kd1z25.json
87v KTK pseudo WBUVUVP-VIS,AraNF-8,ark~=21198=z1kd1z25.json
87v KTK sharpie WBUVB47-VIS,AraNF-8,ark~=21198=z1kd1z25.json
87v KTK sharpie WBUVO22-MB780IR,AraNF-8,ark~=21198=z1kd1z25.json
87v KTK sharpie WBUVUVb-MB780IR,AraNF-8,ark~=21198=z1kd1z25.json
87v KTK sharpie WBUVUVb-VIS,AraNF-8,ark~=21198=z1kd1z25.json
87v KTK sharpie WBUVUVP-VIS,AraNF-8,ark~=21198=z1kd1z25.json
88r KTK pseudo MB365UV-MB780IR,AraNF-8,ark~=21198=z1kd1z25.json
88r KTK pseudo MB365UV-VIS,AraNF-8,ark~=21198=z1kd1z25.json
88r KTK pseudo WBUVO22-VIS,AraNF-8,ark~=21198=z1kd1z25.json
88r KTK pseudo WBUVUVb-MB780IR,AraNF-8,ark~=21198=z1kd1z25.json
88r KTK pseudo WBUVUVb-VIS,AraNF-8,ark~=21198=z1kd1z25.json
88r KTK pseudo WBUVUVP-VIS,AraNF-8,ark~=21198=z1kd1z25.json
88r KTK sharpie WBUVB47-VIS,AraNF-8,ark~=21198=z1kd1z25.json
88r KTK sharpie WBUVG58-MB780IR,AraNF-8,ark~=21198=z1kd1z25.json
88r KTK sharpie WBUVG58-VIS,AraNF-8,ark~=21198=z1kd1z25.json
88r KTK sharpie WBUVO22-MB780IR,AraNF-8,ark~=21198=z1kd1z25.json
88r KTK sharpie WBUVUVb-MB780IR,AraNF-8,ark~=21198=z1kd1z25.json
88r KTK sharpie WBUVUVb-VIS,AraNF-8,ark~=21198=z1kd1z25.json
88v KTK pseudo MB365UV-MB780IR,AraNF-8,ark~=21198=z1kd1z25.json
88v KTK pseudo MB365UV-VIS,AraNF-8,ark~=21198=z1kd1z25.json
88v KTK pseudo WBUVO22-VIS,AraNF-8,ark~=21198=z1kd1z25.json
88v KTK pseudo WBUVUVb-MB780IR,AraNF-8,ark~=21198=z1kd1z25.json
88v KTK pseudo WBUVUVb-VIS,AraNF-8,ark~=21198=z1kd1z25.json
88v KTK pseudo WBUVUVP-VIS,AraNF-8,ark~=21198=z1kd1z25.json
88v KTK sharpie WBUVB47-VIS,AraNF-8,ark~=21198=z1kd1z25.json
88v KTK sharpie WBUVG58-VIS,AraNF-8,ark~=21198=z1kd1z25.json
88v KTK sharpie WBUVUVb-MB780IR,AraNF-8,ark~=21198=z1kd1z25.json
89r KTK pseudo WBUVUVb-MB780IR,AraNF-8,ark~=21198=z1kd1z25.json
89r KTK pseudo WBUVUVb-VIS,AraNF-8,ark~=21198=z1kd1z25.json
89r KTK sharpie avgUV-VIS,AraNF-8,ark~=21198=z1kd1z25.json
89r KTK sharpie MB365UV-MB780IR,AraNF-8,ark~=21198=z1kd1z25.json
89r KTK sharpie MB365UV-VIS,AraNF-8,ark~=21198=z1kd1z25.json
89r KTK sharpie WBUVB47-VIS,AraNF-8,ark~=21198=z1kd1z25.json
89r KTK sharpie WBUVG58-MB780IR,AraNF-8,ark~=21198=z1kd1z25.json
89r KTK sharpie WBUVO22-MB780IR,AraNF-8,ark~=21198=z1kd1z25.json
89r KTK sharpie WBUVUVb-MB780IR,AraNF-8,ark~=21198=z1kd1z25.json
89v KTK pseudo WBUVUVb-VIS,AraNF-8,ark~=21198=z1kd1z25.json
89v KTK pseudo WBUVUVP-VIS,AraNF-8,ark~=21198=z1kd1z25.json
89v KTK sharpie avgUV-VIS,AraNF-8,ark~=21198=z1kd1z25.json
89v KTK sharpie MB365UV-VIS,AraNF-8,ark~=21198=z1kd1z25.json
89v KTK sharpie WBUVB47-VIS,AraNF-8,ark~=21198=z1kd1z25.json
89v KTK sharpie WBUVG58-MB780IR,AraNF-8,ark~=21198=z1kd1z25.json
89v KTK sharpie WBUVG58-VIS,AraNF-8,ark~=21198=z1kd1z25.json
89v KTK sharpie WBUVO22-VIS,AraNF-8,ark~=21198=z1kd1z25.json
89v KTK sharpie WBUVUVb-MB780IR,AraNF-8,ark~=21198=z1kd1z25.json
8r KTK pseudo MB365UV-MB780IR,AraNF-8,ark~=21198=z1kd1z25.json
8r KTK pseudo MB365UV-VIS,AraNF-8,ark~=21198=z1kd1z25.json
8r KTK pseudo WBUVO22-VIS,AraNF-8,ark~=21198=z1kd1z25.json
8r KTK pseudo WBUVUVb-MB780IR,AraNF-8,ark~=21198=z1kd1z25.json
8r KTK pseudo WBUVUVb-VIS,AraNF-8,ark~=21198=z1kd1z25.json
8r KTK pseudo WBUVUVP-VIS,AraNF-8,ark~=21198=z1kd1z25.json
8r KTK sharpie avgUV-VIS,AraNF-8,ark~=21198=z1kd1z25.json
8r KTK sharpie MB365UV-MB780IR,AraNF-8,ark~=21198=z1kd1z25.json
8r KTK sharpie MB365UV-VIS,AraNF-8,ark~=21198=z1kd1z25.json
8r KTK sharpie WBUVG58-MB780IR,AraNF-8,ark~=21198=z1kd1z25.json
8r KTK sharpie WBUVO22-MB780IR,AraNF-8,ark~=21198=z1kd1z25.json
8r KTK sharpie WBUVUVb-MB780IR,AraNF-8,ark~=21198=z1kd1z25.json
8r KTK sharpie WBUVUVb-VIS,AraNF-8,ark~=21198=z1kd1z25.json
8v KTK pseudo MB365UV-MB780IR,AraNF-8,ark~=21198=z1kd1z25.json
8v KTK pseudo MB365UV-VIS,AraNF-8,ark~=21198=z1kd1z25.json
8v KTK pseudo WBUVO22-VIS,AraNF-8,ark~=21198=z1kd1z25.json
8v KTK pseudo WBUVUVb-MB780IR,AraNF-8,ark~=21198=z1kd1z25.json
8v KTK pseudo WBUVUVb-VIS,AraNF-8,ark~=21198=z1kd1z25.json
8v KTK pseudo WBUVUVP-VIS,AraNF-8,ark~=21198=z1kd1z25.json
8v KTK sharpie avgUV-VIS,AraNF-8,ark~=21198=z1kd1z25.json
8v KTK sharpie MB365UV-MB780IR,AraNF-8,ark~=21198=z1kd1z25.json
8v KTK sharpie MB365UV-VIS,AraNF-8,ark~=21198=z1kd1z25.json
8v KTK sharpie WBUVB47-VIS,AraNF-8,ark~=21198=z1kd1z25.json
8v KTK sharpie WBUVG58-MB780IR,AraNF-8,ark~=21198=z1kd1z25.json
8v KTK sharpie WBUVO22-MB780IR,AraNF-8,ark~=21198=z1kd1z25.json
8v KTK sharpie WBUVUVb-MB780IR,AraNF-8,ark~=21198=z1kd1z25.json
8v KTK sharpie WBUVUVb-VIS,AraNF-8,ark~=21198=z1kd1z25.json
90r KTK pseudo MB365UV-MB780IR,AraNF-8,ark~=21198=z1kd1z25.json
90r KTK pseudo MB365UV-VIS,AraNF-8,ark~=21198=z1kd1z25.json
90r KTK pseudo WBUVO22-VIS,AraNF-8,ark~=21198=z1kd1z25.json
90r KTK pseudo WBUVUVb-MB780IR,AraNF-8,ark~=21198=z1kd1z25.json
90r KTK pseudo WBUVUVP-VIS,AraNF-8,ark~=21198=z1kd1z25.json
90r KTK sharpie WBUVB47-VIS,AraNF-8,ark~=21198=z1kd1z25.json
90r KTK sharpie WBUVG58-MB780IR,AraNF-8,ark~=21198=z1kd1z25.json
90r KTK sharpie WBUVG58-VIS,AraNF-8,ark~=21198=z1kd1z25.json
90r KTK sharpie WBUVO22-MB780IR,AraNF-8,ark~=21198=z1kd1z25.json
90r KTK sharpie WBUVO22-VIS,AraNF-8,ark~=21198=z1kd1z25.json
90r KTK sharpie WBUVUVb-MB780IR,AraNF-8,ark~=21198=z1kd1z25.json
90r KTK sharpie WBUVUVb-VIS,AraNF-8,ark~=21198=z1kd1z25.json
90v KTK pseudo MB365UV-MB780IR,AraNF-8,ark~=21198=z1kd1z25.json
90v KTK pseudo WBUVUVb-MB780IR,AraNF-8,ark~=21198=z1kd1z25.json
90v KTK pseudo WBUVUVb-VIS,AraNF-8,ark~=21198=z1kd1z25.json
90v KTK pseudo WBUVUVP-VIS,AraNF-8,ark~=21198=z1kd1z25.json
90v KTK sharpie avgUV-VIS,AraNF-8,ark~=21198=z1kd1z25.json
90v KTK sharpie MB365UV-VIS,AraNF-8,ark~=21198=z1kd1z25.json
90v KTK sharpie WBUVB47-VIS,AraNF-8,ark~=21198=z1kd1z25.json
90v KTK sharpie WBUVG58-MB780IR,AraNF-8,ark~=21198=z1kd1z25.json
90v KTK sharpie WBUVG58-VIS,AraNF-8,ark~=21198=z1kd1z25.json
90v KTK sharpie WBUVO22-MB780IR,AraNF-8,ark~=21198=z1kd1z25.json
90v KTK sharpie WBUVUVb-MB780IR,AraNF-8,ark~=21198=z1kd1z25.json
90v KTK sharpie WBUVUVb-VIS,AraNF-8,ark~=21198=z1kd1z25.json
91r KTK pseudo MB365UV-MB780IR,AraNF-8,ark~=21198=z1kd1z25.json
91r KTK pseudo MB365UV-VIS,AraNF-8,ark~=21198=z1kd1z25.json
91r KTK pseudo WBUVUVb-MB780IR,AraNF-8,ark~=21198=z1kd1z25.json
91r KTK pseudo WBUVUVP-VIS,AraNF-8,ark~=21198=z1kd1z25.json
91r KTK sharpie avgUV-VIS,AraNF-8,ark~=21198=z1kd1z25.json
91r KTK sharpie WBUVB47-VIS,AraNF-8,ark~=21198=z1kd1z25.json
91r KTK sharpie WBUVG58-MB780IR,AraNF-8,ark~=21198=z1kd1z25.json
91r KTK sharpie WBUVO22-MB780IR,AraNF-8,ark~=21198=z1kd1z25.json
91r KTK sharpie WBUVUVb-MB780IR,AraNF-8,ark~=21198=z1kd1z25.json
91v KTK pseudo MB365UV-MB780IR,AraNF-8,ark~=21198=z1kd1z25.json
91v KTK pseudo WBUVO22-VIS,AraNF-8,ark~=21198=z1kd1z25.json
91v KTK pseudo WBUVUVb-MB780IR,AraNF-8,ark~=21198=z1kd1z25.json
91v KTK pseudo WBUVUVb-VIS,AraNF-8,ark~=21198=z1kd1z25.json
91v KTK sharpie MB365UV-MB780IR,AraNF-8,ark~=21198=z1kd1z25.json
91v KTK sharpie MB365UV-VIS,AraNF-8,ark~=21198=z1kd1z25.json
91v KTK sharpie WBUVB47-VIS,AraNF-8,ark~=21198=z1kd1z25.json
91v KTK sharpie WBUVG58-MB780IR,AraNF-8,ark~=21198=z1kd1z25.json
91v KTK sharpie WBUVG58-VIS,AraNF-8,ark~=21198=z1kd1z25.json
91v KTK sharpie WBUVO22-MB780IR,AraNF-8,ark~=21198=z1kd1z25.json
91v KTK sharpie WBUVUVb-MB780IR,AraNF-8,ark~=21198=z1kd1z25.json
92r KTK pseudo MB365UV-MB780IR,AraNF-8,ark~=21198=z1kd1z25.json
92r KTK pseudo MB365UV-VIS,AraNF-8,ark~=21198=z1kd1z25.json
92r KTK pseudo WBUVO22-VIS,AraNF-8,ark~=21198=z1kd1z25.json
92r KTK pseudo WBUVUVb-MB780IR,AraNF-8,ark~=21198=z1kd1z25.json
92r KTK pseudo WBUVUVb-VIS,AraNF-8,ark~=21198=z1kd1z25.json
92r KTK pseudo WBUVUVP-VIS,AraNF-8,ark~=21198=z1kd1z25.json
92r KTK sharpie avgUV-VIS,AraNF-8,ark~=21198=z1kd1z25.json
92r KTK sharpie MB365UV-MB780IR,AraNF-8,ark~=21198=z1kd1z25.json
92r KTK sharpie WBUVB47-VIS,AraNF-8,ark~=21198=z1kd1z25.json
92r KTK sharpie WBUVG58-VIS,AraNF-8,ark~=21198=z1kd1z25.json
92r KTK sharpie WBUVUVb-MB780IR,AraNF-8,ark~=21198=z1kd1z25.json
92r KTK sharpie WBUVUVb-VIS,AraNF-8,ark~=21198=z1kd1z25.json
92v KTK pseudo MB365UV-MB780IR,AraNF-8,ark~=21198=z1kd1z25.json
92v KTK pseudo MB365UV-VIS,AraNF-8,ark~=21198=z1kd1z25.json
92v KTK pseudo WBUVUVb-MB780IR,AraNF-8,ark~=21198=z1kd1z25.json
92v KTK pseudo WBUVUVb-VIS,AraNF-8,ark~=21198=z1kd1z25.json
92v KTK pseudo WBUVUVP-VIS,AraNF-8,ark~=21198=z1kd1z25.json
92v KTK sharpie avgUV-VIS,AraNF-8,ark~=21198=z1kd1z25.json
92v KTK sharpie MB365UV-MB780IR,AraNF-8,ark~=21198=z1kd1z25.json
92v KTK sharpie WBUVB47-VIS,AraNF-8,ark~=21198=z1kd1z25.json
92v KTK sharpie WBUVG58-MB780IR,AraNF-8,ark~=21198=z1kd1z25.json
92v KTK sharpie WBUVO22-MB780IR,AraNF-8,ark~=21198=z1kd1z25.json
92v KTK sharpie WBUVO22-VIS,AraNF-8,ark~=21198=z1kd1z25.json
92v KTK sharpie WBUVUVb-MB780IR,AraNF-8,ark~=21198=z1kd1z25.json
92v KTK sharpie WBUVUVb-VIS,AraNF-8,ark~=21198=z1kd1z25.json
93r KTK pseudo MB365UV-MB780IR,AraNF-8,ark~=21198=z1kd1z25.json
93r KTK pseudo WBUVO22-VIS,AraNF-8,ark~=21198=z1kd1z25.json
93r KTK pseudo WBUVUVb-MB780IR,AraNF-8,ark~=21198=z1kd1z25.json
93r KTK pseudo WBUVUVb-VIS,AraNF-8,ark~=21198=z1kd1z25.json
93r KTK sharpie avgUV-VIS,AraNF-8,ark~=21198=z1kd1z25.json
93r KTK sharpie WBUVB47-VIS,AraNF-8,ark~=21198=z1kd1z25.json
93r KTK sharpie WBUVG58-MB780IR,AraNF-8,ark~=21198=z1kd1z25.json
93r KTK sharpie WBUVG58-VIS,AraNF-8,ark~=21198=z1kd1z25.json
93r KTK sharpie WBUVO22-VIS,AraNF-8,ark~=21198=z1kd1z25.json
93r KTK sharpie WBUVUVb-MB780IR,AraNF-8,ark~=21198=z1kd1z25.json
93r KTK sharpie WBUVUVb-VIS,AraNF-8,ark~=21198=z1kd1z25.json
93v KTK pseudo MB365UV-MB780IR,AraNF-8,ark~=21198=z1kd1z25.json
93v KTK pseudo MB365UV-VIS,AraNF-8,ark~=21198=z1kd1z25.json
93v KTK pseudo WBUVO22-VIS,AraNF-8,ark~=21198=z1kd1z25.json
93v KTK pseudo WBUVUVb-MB780IR,AraNF-8,ark~=21198=z1kd1z25.json
93v KTK pseudo WBUVUVb-VIS,AraNF-8,ark~=21198=z1kd1z25.json
93v KTK pseudo WBUVUVP-VIS,AraNF-8,ark~=21198=z1kd1z25.json
93v KTK sharpie avgUV-VIS,AraNF-8,ark~=21198=z1kd1z25.json
93v KTK sharpie MB365UV-MB780IR,AraNF-8,ark~=21198=z1kd1z25.json
93v KTK sharpie MB365UV-VIS,AraNF-8,ark~=21198=z1kd1z25.json
93v KTK sharpie WBUVB47-VIS,AraNF-8,ark~=21198=z1kd1z25.json
93v KTK sharpie WBUVG58-MB780IR,AraNF-8,ark~=21198=z1kd1z25.json
93v KTK sharpie WBUVG58-VIS,AraNF-8,ark~=21198=z1kd1z25.json
93v KTK sharpie WBUVO22-MB780IR,AraNF-8,ark~=21198=z1kd1z25.json
93v KTK sharpie WBUVO22-VIS,AraNF-8,ark~=21198=z1kd1z25.json
93v KTK sharpie WBUVUVb-MB780IR,AraNF-8,ark~=21198=z1kd1z25.json
93v KTK sharpie WBUVUVb-VIS,AraNF-8,ark~=21198=z1kd1z25.json
94r KTK pseudo MB365UV-MB780IR,AraNF-8,ark~=21198=z1kd1z25.json
94r KTK pseudo WBUVO22-VIS,AraNF-8,ark~=21198=z1kd1z25.json
94r KTK pseudo WBUVUVb-MB780IR,AraNF-8,ark~=21198=z1kd1z25.json
94r KTK pseudo WBUVUVb-VIS,AraNF-8,ark~=21198=z1kd1z25.json
94r KTK sharpie MB365UV-MB780IR,AraNF-8,ark~=21198=z1kd1z25.json
94r KTK sharpie WBUVB47-VIS,AraNF-8,ark~=21198=z1kd1z25.json
94r KTK sharpie WBUVG58-VIS,AraNF-8,ark~=21198=z1kd1z25.json
94r KTK sharpie WBUVO22-VIS,AraNF-8,ark~=21198=z1kd1z25.json
94v KTK pseudo MB365UV-MB780IR,AraNF-8,ark~=21198=z1kd1z25.json
94v KTK pseudo MB365UV-VIS,AraNF-8,ark~=21198=z1kd1z25.json
94v KTK pseudo WBUVO22-VIS,AraNF-8,ark~=21198=z1kd1z25.json
94v KTK pseudo WBUVUVb-MB780IR,AraNF-8,ark~=21198=z1kd1z25.json
94v KTK pseudo WBUVUVP-VIS,AraNF-8,ark~=21198=z1kd1z25.json
94v KTK sharpie MB365UV-MB780IR,AraNF-8,ark~=21198=z1kd1z25.json
94v KTK sharpie WBUVB47-VIS,AraNF-8,ark~=21198=z1kd1z25.json
94v KTK sharpie WBUVG58-MB780IR,AraNF-8,ark~=21198=z1kd1z25.json
94v KTK sharpie WBUVO22-MB780IR,AraNF-8,ark~=21198=z1kd1z25.json
94v KTK sharpie WBUVUVb-MB780IR,AraNF-8,ark~=21198=z1kd1z25.json
94v KTK sharpie WBUVUVb-VIS,AraNF-8,ark~=21198=z1kd1z25.json
95r KTK pseudo MB365UV-MB780IR,AraNF-8,ark~=21198=z1kd1z25.json
95r KTK pseudo MB365UV-VIS,AraNF-8,ark~=21198=z1kd1z25.json
95r KTK pseudo WBUVUVb-MB780IR,AraNF-8,ark~=21198=z1kd1z25.json
95r KTK pseudo WBUVUVb-VIS,AraNF-8,ark~=21198=z1kd1z25.json
95r KTK pseudo WBUVUVP-VIS,AraNF-8,ark~=21198=z1kd1z25.json
95r KTK sharpie MB365UV-VIS,AraNF-8,ark~=21198=z1kd1z25.json
95r KTK sharpie WBUVB47-VIS,AraNF-8,ark~=21198=z1kd1z25.json
95r KTK sharpie WBUVG58-MB780IR,AraNF-8,ark~=21198=z1kd1z25.json
95r KTK sharpie WBUVG58-VIS,AraNF-8,ark~=21198=z1kd1z25.json
95r KTK sharpie WBUVO22-MB780IR,AraNF-8,ark~=21198=z1kd1z25.json
95r KTK sharpie WBUVO22-VIS,AraNF-8,ark~=21198=z1kd1z25.json
95r KTK sharpie WBUVUVb-MB780IR,AraNF-8,ark~=21198=z1kd1z25.json
95v KTK pseudo MB365UV-MB780IR,AraNF-8,ark~=21198=z1kd1z25.json
95v KTK pseudo MB365UV-VIS,AraNF-8,ark~=21198=z1kd1z25.json
95v KTK pseudo WBUVUVb-MB780IR,AraNF-8,ark~=21198=z1kd1z25.json
95v KTK pseudo WBUVUVb-VIS,AraNF-8,ark~=21198=z1kd1z25.json
95v KTK pseudo WBUVUVP-VIS,AraNF-8,ark~=21198=z1kd1z25.json
95v KTK sharpie MB365UV-MB780IR,AraNF-8,ark~=21198=z1kd1z25.json
95v KTK sharpie WBUVB47-VIS,AraNF-8,ark~=21198=z1kd1z25.json
95v KTK sharpie WBUVG58-MB780IR,AraNF-8,ark~=21198=z1kd1z25.json
95v KTK sharpie WBUVG58-VIS,AraNF-8,ark~=21198=z1kd1z25.json
95v KTK sharpie WBUVO22-MB780IR,AraNF-8,ark~=21198=z1kd1z25.json
95v KTK sharpie WBUVO22-VIS,AraNF-8,ark~=21198=z1kd1z25.json
95v KTK sharpie WBUVUVb-MB780IR,AraNF-8,ark~=21198=z1kd1z25.json
96r KTK pseudo MB365UV-MB780IR,AraNF-8,ark~=21198=z1kd1z25.json
96r KTK pseudo MB365UV-VIS,AraNF-8,ark~=21198=z1kd1z25.json
96r KTK pseudo WBUVO22-VIS,AraNF-8,ark~=21198=z1kd1z25.json
96r KTK pseudo WBUVUVb-MB780IR,AraNF-8,ark~=21198=z1kd1z25.json
96r KTK pseudo WBUVUVP-VIS,AraNF-8,ark~=21198=z1kd1z25.json
96r KTK sharpie WBUVB47-VIS,AraNF-8,ark~=21198=z1kd1z25.json
96r KTK sharpie WBUVG58-MB780IR,AraNF-8,ark~=21198=z1kd1z25.json
96r KTK sharpie WBUVO22-MB780IR,AraNF-8,ark~=21198=z1kd1z25.json
96r KTK sharpie WBUVO22-VIS,AraNF-8,ark~=21198=z1kd1z25.json
96r KTK sharpie WBUVUVb-MB780IR,AraNF-8,ark~=21198=z1kd1z25.json
96v KTK pseudo MB365UV-MB780IR,AraNF-8,ark~=21198=z1kd1z25.json
96v KTK pseudo WBUVO22-VIS,AraNF-8,ark~=21198=z1kd1z25.json
96v KTK pseudo WBUVUVb-MB780IR,AraNF-8,ark~=21198=z1kd1z25.json
96v KTK pseudo WBUVUVb-VIS,AraNF-8,ark~=21198=z1kd1z25.json
96v KTK sharpie avgUV-VIS,AraNF-8,ark~=21198=z1kd1z25.json
96v KTK sharpie MB365UV-MB780IR,AraNF-8,ark~=21198=z1kd1z25.json
96v KTK sharpie WBUVG58-MB780IR,AraNF-8,ark~=21198=z1kd1z25.json
96v KTK sharpie WBUVG58-VIS,AraNF-8,ark~=21198=z1kd1z25.json
96v KTK sharpie WBUVO22-MB780IR,AraNF-8,ark~=21198=z1kd1z25.json
96v KTK sharpie WBUVUVb-MB780IR,AraNF-8,ark~=21198=z1kd1z25.json
96v KTK sharpie WBUVUVb-VIS,AraNF-8,ark~=21198=z1kd1z25.json
97r KTK pseudo MB365UV-MB780IR,AraNF-8,ark~=21198=z1kd1z25.json
97r KTK pseudo MB365UV-VIS,AraNF-8,ark~=21198=z1kd1z25.json
97r KTK pseudo WBUVO22-VIS,AraNF-8,ark~=21198=z1kd1z25.json
97r KTK pseudo WBUVUVb-MB780IR,AraNF-8,ark~=21198=z1kd1z25.json
97r KTK pseudo WBUVUVb-VIS,AraNF-8,ark~=21198=z1kd1z25.json
97r KTK sharpie avgUV-VIS,AraNF-8,ark~=21198=z1kd1z25.json
97r KTK sharpie MB365UV-MB780IR,AraNF-8,ark~=21198=z1kd1z25.json
97r KTK sharpie WBUVB47-VIS,AraNF-8,ark~=21198=z1kd1z25.json
97r KTK sharpie WBUVG58-MB780IR,AraNF-8,ark~=21198=z1kd1z25.json
97r KTK sharpie WBUVG58-VIS,AraNF-8,ark~=21198=z1kd1z25.json
97r KTK sharpie WBUVO22-MB780IR,AraNF-8,ark~=21198=z1kd1z25.json
97r KTK sharpie WBUVUVb-MB780IR,AraNF-8,ark~=21198=z1kd1z25.json
97r KTK sharpie WBUVUVb-VIS,AraNF-8,ark~=21198=z1kd1z25.json
97v KTK pseudo MB365UV-MB780IR,AraNF-8,ark~=21198=z1kd1z25.json
97v KTK pseudo WBUVO22-VIS,AraNF-8,ark~=21198=z1kd1z25.json
97v KTK pseudo WBUVUVb-MB780IR,AraNF-8,ark~=21198=z1kd1z25.json
97v KTK sharpie MB365UV-MB780IR,AraNF-8,ark~=21198=z1kd1z25.json
97v KTK sharpie WBUVB47-VIS,AraNF-8,ark~=21198=z1kd1z25.json
97v KTK sharpie WBUVG58-MB780IR,AraNF-8,ark~=21198=z1kd1z25.json
97v KTK sharpie WBUVG58-VIS,AraNF-8,ark~=21198=z1kd1z25.json
97v KTK sharpie WBUVO22-MB780IR,AraNF-8,ark~=21198=z1kd1z25.json
97v KTK sharpie WBUVUVb-MB780IR,AraNF-8,ark~=21198=z1kd1z25.json
98r KTK pseudo MB365UV-MB780IR,AraNF-8,ark~=21198=z1kd1z25.json
98r KTK pseudo MB365UV-VIS,AraNF-8,ark~=21198=z1kd1z25.json
98r KTK pseudo WBUVUVb-MB780IR,AraNF-8,ark~=21198=z1kd1z25.json
98r KTK pseudo WBUVUVb-VIS,AraNF-8,ark~=21198=z1kd1z25.json
98r KTK pseudo WBUVUVP-VIS,AraNF-8,ark~=21198=z1kd1z25.json
98r KTK sharpie avgUV-VIS,AraNF-8,ark~=21198=z1kd1z25.json
98r KTK sharpie MB365UV-MB780IR,AraNF-8,ark~=21198=z1kd1z25.json
98r KTK sharpie WBUVG58-MB780IR,AraNF-8,ark~=21198=z1kd1z25.json
98r KTK sharpie WBUVO22-MB780IR,AraNF-8,ark~=21198=z1kd1z25.json
98r KTK sharpie WBUVUVb-MB780IR,AraNF-8,ark~=21198=z1kd1z25.json
98r KTK sharpie WBUVUVb-VIS,AraNF-8,ark~=21198=z1kd1z25.json
98r KTK sharpie WBUVUVP-VIS,AraNF-8,ark~=21198=z1kd1z25.json
98v KTK pseudo MB365UV-MB780IR,AraNF-8,ark~=21198=z1kd1z25.json
98v KTK pseudo MB365UV-VIS,AraNF-8,ark~=21198=z1kd1z25.json
98v KTK pseudo WBUVUVb-MB780IR,AraNF-8,ark~=21198=z1kd1z25.json
98v KTK pseudo WBUVUVb-VIS,AraNF-8,ark~=21198=z1kd1z25.json
98v KTK pseudo WBUVUVP-VIS,AraNF-8,ark~=21198=z1kd1z25.json
98v KTK sharpie avgUV-VIS,AraNF-8,ark~=21198=z1kd1z25.json
98v KTK sharpie MB365UV-MB780IR,AraNF-8,ark~=21198=z1kd1z25.json
98v KTK sharpie WBUVG58-MB780IR,AraNF-8,ark~=21198=z1kd1z25.json
98v KTK sharpie WBUVG58-VIS,AraNF-8,ark~=21198=z1kd1z25.json
98v KTK sharpie WBUVO22-MB780IR,AraNF-8,ark~=21198=z1kd1z25.json
98v KTK sharpie WBUVUVb-MB780IR,AraNF-8,ark~=21198=z1kd1z25.json
98v KTK sharpie WBUVUVb-VIS,AraNF-8,ark~=21198=z1kd1z25.json
99r KTK pseudo MB365UV-MB780IR,AraNF-8,ark~=21198=z1kd1z25.json
99r KTK pseudo MB365UV-VIS,AraNF-8,ark~=21198=z1kd1z25.json
99r KTK pseudo WBUVUVb-MB780IR,AraNF-8,ark~=21198=z1kd1z25.json
99r KTK pseudo WBUVUVP-VIS,AraNF-8,ark~=21198=z1kd1z25.json
99r KTK sharpie MB365UV-MB780IR,AraNF-8,ark~=21198=z1kd1z25.json
99r KTK sharpie WBUVB47-VIS,AraNF-8,ark~=21198=z1kd1z25.json
99r KTK sharpie WBUVG58-MB780IR,AraNF-8,ark~=21198=z1kd1z25.json
99r KTK sharpie WBUVG58-VIS,AraNF-8,ark~=21198=z1kd1z25.json
99r KTK sharpie WBUVO22-MB780IR,AraNF-8,ark~=21198=z1kd1z25.json
99r KTK sharpie WBUVO22-VIS,AraNF-8,ark~=21198=z1kd1z25.json
99r KTK sharpie WBUVUVb-MB780IR,AraNF-8,ark~=21198=z1kd1z25.json
99r KTK sharpie WBUVUVb-VIS,AraNF-8,ark~=21198=z1kd1z25.json
99v KTK pseudo MB365UV-MB780IR,AraNF-8,ark~=21198=z1kd1z25.json
99v KTK pseudo MB365UV-VIS,AraNF-8,ark~=21198=z1kd1z25.json
99v KTK pseudo WBUVO22-VIS,AraNF-8,ark~=21198=z1kd1z25.json
99v KTK pseudo WBUVUVb-MB780IR,AraNF-8,ark~=21198=z1kd1z25.json
99v KTK pseudo WBUVUVb-VIS,AraNF-8,ark~=21198=z1kd1z25.json
99v KTK pseudo WBUVUVP-VIS,AraNF-8,ark~=21198=z1kd1z25.json
99v KTK sharpie avgUV-VIS,AraNF-8,ark~=21198=z1kd1z25.json
99v KTK sharpie MB365UV-MB780IR,AraNF-8,ark~=21198=z1kd1z25.json
99v KTK sharpie WBUVG58-MB780IR,AraNF-8,ark~=21198=z1kd1z25.json
99v KTK sharpie WBUVO22-MB780IR,AraNF-8,ark~=21198=z1kd1z25.json
99v KTK sharpie WBUVUVb-MB780IR,AraNF-8,ark~=21198=z1kd1z25.json
99v KTK sharpie WBUVUVP-VIS,AraNF-8,ark~=21198=z1kd1z25.json
9r KTK pseudo MB365UV-MB780IR,AraNF-8,ark~=21198=z1kd1z25.json
9r KTK pseudo MB365UV-VIS,AraNF-8,ark~=21198=z1kd1z25.json
9r KTK pseudo WBUVO22-VIS,AraNF-8,ark~=21198=z1kd1z25.json
9r KTK pseudo WBUVUVb-MB780IR,AraNF-8,ark~=21198=z1kd1z25.json
9r KTK pseudo WBUVUVb-VIS,AraNF-8,ark~=21198=z1kd1z25.json
9r KTK pseudo WBUVUVP-VIS,AraNF-8,ark~=21198=z1kd1z25.json
9r KTK sharpie avgUV-VIS,AraNF-8,ark~=21198=z1kd1z25.json
9r KTK sharpie MB365UV-MB780IR,AraNF-8,ark~=21198=z1kd1z25.json
9r KTK sharpie WBUVB47-VIS,AraNF-8,ark~=21198=z1kd1z25.json
9r KTK sharpie WBUVG58-MB780IR,AraNF-8,ark~=21198=z1kd1z25.json
9r KTK sharpie WBUVG58-VIS,AraNF-8,ark~=21198=z1kd1z25.json
9r KTK sharpie WBUVO22-MB780IR,AraNF-8,ark~=21198=z1kd1z25.json
9r KTK sharpie WBUVUVb-MB780IR,AraNF-8,ark~=21198=z1kd1z25.json
9r KTK sharpie WBUVUVb-VIS,AraNF-8,ark~=21198=z1kd1z25.json
9v KTK pseudo MB365UV-MB780IR,AraNF-8,ark~=21198=z1kd1z25.json
9v KTK pseudo MB365UV-VIS,AraNF-8,ark~=21198=z1kd1z25.json
9v KTK pseudo WBUVUVb-MB780IR,AraNF-8,ark~=21198=z1kd1z25.json
9v KTK pseudo WBUVUVb-VIS,AraNF-8,ark~=21198=z1kd1z25.json
9v KTK pseudo WBUVUVP-VIS,AraNF-8,ark~=21198=z1kd1z25.json
9v KTK sharpie avgUV-VIS,AraNF-8,ark~=21198=z1kd1z25.json
9v KTK sharpie MB365UV-MB780IR,AraNF-8,ark~=21198=z1kd1z25.json
9v KTK sharpie WBUVB47-VIS,AraNF-8,ark~=21198=z1kd1z25.json
9v KTK sharpie WBUVG58-MB780IR,AraNF-8,ark~=21198=z1kd1z25.json
9v KTK sharpie WBUVO22-MB780IR,AraNF-8,ark~=21198=z1kd1z25.json
9v KTK sharpie WBUVUVb-MB780IR,AraNF-8,ark~=21198=z1kd1z25.json
9v KTK sharpie WBUVUVb-VIS,AraNF-8,ark~=21198=z1kd1z25.json
stub-9v KTK pseudo MB365UV-MB780IR,AraNF-8,ark~=21198=z1kd1z25.json
stub-9v KTK pseudo WBUVUVb-MB780IR,AraNF-8,ark~=21198=z1kd1z25.json
stub-9v KTK sharpie MB365UV-MB780IR,AraNF-8,ark~=21198=z1kd1z25.json
stub-9v KTK sharpie WBUVG58-MB780IR,AraNF-8,ark~=21198=z1kd1z25.json
stub-9v KTK sharpie WBUVO22-MB780IR,AraNF-8,ark~=21198=z1kd1z25.json
stub-9v KTK sharpie WBUVUVb-MB780IR,AraNF-8,ark~=21198=z1kd1z25.json
1r KTK pseudo MB365UV-MB780IR,CPANF-frg14,ark~=21198=z1sb4fr7.json
1r KTK pseudo MB365UV-VIS,CPANF-frg14,ark~=21198=z1sb4fr7.json
1r KTK pseudo WBUVO22-VIS,CPANF-frg14,ark~=21198=z1sb4fr7.json
1r KTK pseudo WBUVUVb-MB780IR,CPANF-frg14,ark~=21198=z1sb4fr7.json
1r KTK pseudo WBUVUVb-VIS,CPANF-frg14,ark~=21198=z1sb4fr7.json
1r KTK pseudo WBUVUVP-VIS,CPANF-frg14,ark~=21198=z1sb4fr7.json
1r KTK sharpie MB365UV-MB780IR,CPANF-frg14,ark~=21198=z1sb4fr7.json
1r KTK sharpie WBUVB47-VIS,CPANF-frg14,ark~=21198=z1sb4fr7.json
1r KTK sharpie WBUVG58-MB780IR,CPANF-frg14,ark~=21198=z1sb4fr7.json
1r KTK sharpie WBUVG58-VIS,CPANF-frg14,ark~=21198=z1sb4fr7.json
1r KTK sharpie WBUVO22-MB780IR,CPANF-frg14,ark~=21198=z1sb4fr7.json
1r KTK sharpie WBUVUVb-MB780IR,CPANF-frg14,ark~=21198=z1sb4fr7.json
1r KTK sharpie WBUVUVb-VIS,CPANF-frg14,ark~=21198=z1sb4fr7.json
2v KTK pseudo MB365UV-MB780IR,CPANF-frg14,ark~=21198=z1sb4fr7.json
2v KTK pseudo MB365UV-VIS,CPANF-frg14,ark~=21198=z1sb4fr7.json
2v KTK pseudo WBUVO22-VIS,CPANF-frg14,ark~=21198=z1sb4fr7.json
2v KTK pseudo WBUVUVb-MB780IR,CPANF-frg14,ark~=21198=z1sb4fr7.json
2v KTK pseudo WBUVUVb-VIS,CPANF-frg14,ark~=21198=z1sb4fr7.json
2v KTK sharpie MB365UV-MB780IR,CPANF-frg14,ark~=21198=z1sb4fr7.json
2v KTK sharpie WBUVB47-VIS,CPANF-frg14,ark~=21198=z1sb4fr7.json
2v KTK sharpie WBUVG58-MB780IR,CPANF-frg14,ark~=21198=z1sb4fr7.json
2v KTK sharpie WBUVG58-VIS,CPANF-frg14,ark~=21198=z1sb4fr7.json
2v KTK sharpie WBUVO22-MB780IR,CPANF-frg14,ark~=21198=z1sb4fr7.json
2v KTK sharpie WBUVO22-VIS,CPANF-frg14,ark~=21198=z1sb4fr7.json
2v KTK sharpie WBUVUVb-MB780IR,CPANF-frg14,ark~=21198=z1sb4fr7.json
2v KTK sharpie WBUVUVb-VIS,CPANF-frg14,ark~=21198=z1sb4fr7.json
1r KTK sharpie avgUV-VIS,CPANF-frg16,ark~=21198=z18c9x9s.json
1r KTK sharpie WBUVG58-MB780IR,CPANF-frg16,ark~=21198=z18c9x9s.json
1r KTK sharpie WBUVUVb-MB780IR,CPANF-frg16,ark~=21198=z18c9x9s.json
1v KTK pseudo MB365UV-MB780IR,CPANF-frg16,ark~=21198=z18c9x9s.json
2r KTK pseudo MB365UV-MB780IR,CPANF-frg16,ark~=21198=z18c9x9s.json
2r KTK pseudo WBUVO22-VIS,CPANF-frg16,ark~=21198=z18c9x9s.json
2r KTK pseudo WBUVUVb-MB780IR,CPANF-frg16,ark~=21198=z18c9x9s.json
2r KTK pseudo WBUVUVb-VIS,CPANF-frg16,ark~=21198=z18c9x9s.json
2r KTK sharpie avgUV-VIS,CPANF-frg16,ark~=21198=z18c9x9s.json
2r KTK sharpie MB365UV-MB780IR,CPANF-frg16,ark~=21198=z18c9x9s.json
2r KTK sharpie WBUVB47-VIS,CPANF-frg16,ark~=21198=z18c9x9s.json
2r KTK sharpie WBUVG58-MB780IR,CPANF-frg16,ark~=21198=z18c9x9s.json
2r KTK sharpie WBUVG58-VIS,CPANF-frg16,ark~=21198=z18c9x9s.json
2r KTK sharpie WBUVO22-MB780IR,CPANF-frg16,ark~=21198=z18c9x9s.json
2r KTK sharpie WBUVUVb-MB780IR,CPANF-frg16,ark~=21198=z18c9x9s.json
2r KTK sharpie WBUVUVb-VIS,CPANF-frg16,ark~=21198=z18c9x9s.json
2v KTK pseudo MB365UV-MB780IR,CPANF-frg16,ark~=21198=z18c9x9s.json
2v KTK pseudo MB365UV-VIS,CPANF-frg16,ark~=21198=z18c9x9s.json
2v KTK pseudo WBUVO22-VIS,CPANF-frg16,ark~=21198=z18c9x9s.json
2v KTK pseudo WBUVUVb-MB780IR,CPANF-frg16,ark~=21198=z18c9x9s.json
2v KTK pseudo WBUVUVb-VIS,CPANF-frg16,ark~=21198=z18c9x9s.json
2v KTK pseudo WBUVUVP-VIS,CPANF-frg16,ark~=21198=z18c9x9s.json
2v KTK sharpie avgUV-VIS,CPANF-frg16,ark~=21198=z18c9x9s.json
2v KTK sharpie MB365UV-MB780IR,CPANF-frg16,ark~=21198=z18c9x9s.json
2v KTK sharpie MB365UV-VIS,CPANF-frg16,ark~=21198=z18c9x9s.json
2v KTK sharpie WBUVB47-VIS,CPANF-frg16,ark~=21198=z18c9x9s.json
2v KTK sharpie WBUVG58-MB780IR,CPANF-frg16,ark~=21198=z18c9x9s.json
2v KTK sharpie WBUVG58-VIS,CPANF-frg16,ark~=21198=z18c9x9s.json
2v KTK sharpie WBUVO22-MB780IR,CPANF-frg16,ark~=21198=z18c9x9s.json
2v KTK sharpie WBUVUVb-MB780IR,CPANF-frg16,ark~=21198=z18c9x9s.json
2v KTK sharpie WBUVUVb-VIS,CPANF-frg16,ark~=21198=z18c9x9s.json
1r KTK pseudo MB365UV-MB780IR,CPANF-frg17,ark~=21198=z1nk3q1x.json
1r KTK pseudo MB365UV-VIS,CPANF-frg17,ark~=21198=z1nk3q1x.json
1r KTK pseudo WBUVO22-VIS,CPANF-frg17,ark~=21198=z1nk3q1x.json
1r KTK pseudo WBUVUVb-MB780IR,CPANF-frg17,ark~=21198=z1nk3q1x.json
1r KTK pseudo WBUVUVb-VIS,CPANF-frg17,ark~=21198=z1nk3q1x.json
1r KTK pseudo WBUVUVP-VIS,CPANF-frg17,ark~=21198=z1nk3q1x.json
1r KTK sharpie WBUVB47-VIS,CPANF-frg17,ark~=21198=z1nk3q1x.json
1r KTK sharpie WBUVG58-MB780IR,CPANF-frg17,ark~=21198=z1nk3q1x.json
1r KTK sharpie WBUVO22-MB780IR,CPANF-frg17,ark~=21198=z1nk3q1x.json
1r KTK sharpie WBUVUVb-MB780IR,CPANF-frg17,ark~=21198=z1nk3q1x.json
1r KTK sharpie WBUVUVb-VIS,CPANF-frg17,ark~=21198=z1nk3q1x.json
1v KTK pseudo MB365UV-MB780IR,CPANF-frg17,ark~=21198=z1nk3q1x.json
1v KTK pseudo MB365UV-VIS,CPANF-frg17,ark~=21198=z1nk3q1x.json
1v KTK pseudo WBUVO22-VIS,CPANF-frg17,ark~=21198=z1nk3q1x.json
1v KTK pseudo WBUVUVb-MB780IR,CPANF-frg17,ark~=21198=z1nk3q1x.json
1v KTK pseudo WBUVUVb-VIS,CPANF-frg17,ark~=21198=z1nk3q1x.json
1v KTK sharpie avgUV-VIS,CPANF-frg17,ark~=21198=z1nk3q1x.json
1v KTK sharpie WBUVB47-VIS,CPANF-frg17,ark~=21198=z1nk3q1x.json
1v KTK sharpie WBUVG58-MB780IR,CPANF-frg17,ark~=21198=z1nk3q1x.json
1v KTK sharpie WBUVG58-VIS,CPANF-frg17,ark~=21198=z1nk3q1x.json
1v KTK sharpie WBUVO22-MB780IR,CPANF-frg17,ark~=21198=z1nk3q1x.json
1v KTK sharpie WBUVUVb-MB780IR,CPANF-frg17,ark~=21198=z1nk3q1x.json
1v KTK sharpie WBUVUVb-VIS,CPANF-frg17,ark~=21198=z1nk3q1x.json
1v KTK sharpie WBUVUVP-VIS,CPANF-frg17,ark~=21198=z1nk3q1x.json
2r KTK pseudo MB365UV-MB780IR,CPANF-frg17,ark~=21198=z1nk3q1x.json
2r KTK pseudo MB365UV-VIS,CPANF-frg17,ark~=21198=z1nk3q1x.json
2r KTK pseudo WBUVO22-VIS,CPANF-frg17,ark~=21198=z1nk3q1x.json
2r KTK pseudo WBUVUVb-MB780IR,CPANF-frg17,ark~=21198=z1nk3q1x.json
2r KTK pseudo WBUVUVb-VIS,CPANF-frg17,ark~=21198=z1nk3q1x.json
2r KTK sharpie avgUV-VIS,CPANF-frg17,ark~=21198=z1nk3q1x.json
2r KTK sharpie MB365UV-MB780IR,CPANF-frg17,ark~=21198=z1nk3q1x.json
2r KTK sharpie WBUVB47-VIS,CPANF-frg17,ark~=21198=z1nk3q1x.json
2r KTK sharpie WBUVG58-MB780IR,CPANF-frg17,ark~=21198=z1nk3q1x.json
2r KTK sharpie WBUVG58-VIS,CPANF-frg17,ark~=21198=z1nk3q1x.json
2r KTK sharpie WBUVO22-MB780IR,CPANF-frg17,ark~=21198=z1nk3q1x.json
2r KTK sharpie WBUVUVb-MB780IR,CPANF-frg17,ark~=21198=z1nk3q1x.json
2r KTK sharpie WBUVUVb-VIS,CPANF-frg17,ark~=21198=z1nk3q1x.json
2v KTK pseudo MB365UV-MB780IR,CPANF-frg17,ark~=21198=z1nk3q1x.json
2v KTK pseudo WBUVUVb-MB780IR,CPANF-frg17,ark~=21198=z1nk3q1x.json
2v KTK sharpie WBUVG58-MB780IR,CPANF-frg17,ark~=21198=z1nk3q1x.json
2v KTK sharpie WBUVO22-MB780IR,CPANF-frg17,ark~=21198=z1nk3q1x.json
1bis v KTK pseudo WBUVUVb-MB780IR,CPANF-frg5,ark~=21198=z14m95mw.json
1bis v KTK pseudo WBUVUVP-VIS,CPANF-frg5,ark~=21198=z14m95mw.json
1r KTK pseudo WBUVO22-VIS,CPANF-frg5,ark~=21198=z14m95mw.json
1r KTK pseudo WBUVUVb-MB780IR,CPANF-frg5,ark~=21198=z14m95mw.json
1r KTK pseudo WBUVUVb-VIS,CPANF-frg5,ark~=21198=z14m95mw.json
1r KTK sharpie WBUVG58-MB780IR,CPANF-frg5,ark~=21198=z14m95mw.json
1r KTK sharpie WBUVO22-MB780IR,CPANF-frg5,ark~=21198=z14m95mw.json
1r KTK sharpie WBUVUVb-MB780IR,CPANF-frg5,ark~=21198=z14m95mw.json
1v KTK pseudo MB365UV-MB780IR,CPANF-frg5,ark~=21198=z14m95mw.json
1v KTK pseudo MB365UV-VIS,CPANF-frg5,ark~=21198=z14m95mw.json
1v KTK pseudo WBUVO22-VIS,CPANF-frg5,ark~=21198=z14m95mw.json
1v KTK pseudo WBUVUVb-MB780IR,CPANF-frg5,ark~=21198=z14m95mw.json
1v KTK pseudo WBUVUVb-VIS,CPANF-frg5,ark~=21198=z14m95mw.json
1v KTK pseudo WBUVUVP-VIS,CPANF-frg5,ark~=21198=z14m95mw.json
1v KTK sharpie MB365UV-MB780IR,CPANF-frg5,ark~=21198=z14m95mw.json
1v KTK sharpie MB365UV-VIS,CPANF-frg5,ark~=21198=z14m95mw.json
1v KTK sharpie WBUVUVb-MB780IR,CPANF-frg5,ark~=21198=z14m95mw.json
2bis r KTK pseudo MB365UV-MB780IR,CPANF-frg5,ark~=21198=z14m95mw.json
2bis v KTK pseudo WBUVUVb-MB780IR,CPANF-frg5,ark~=21198=z14m95mw.json
2bis v KTK pseudo WBUVUVb-VIS,CPANF-frg5,ark~=21198=z14m95mw.json
2bis v KTK sharpie MB365UV-MB780IR,CPANF-frg5,ark~=21198=z14m95mw.json
2bis v KTK sharpie WBUVG58-MB780IR,CPANF-frg5,ark~=21198=z14m95mw.json
2bis v KTK sharpie WBUVO22-MB780IR,CPANF-frg5,ark~=21198=z14m95mw.json
2bis v KTK sharpie WBUVUVP-VIS,CPANF-frg5,ark~=21198=z14m95mw.json
2r KTK pseudo MB365UV-VIS,CPANF-frg5,ark~=21198=z14m95mw.json
2r KTK pseudo WBUVO22-VIS,CPANF-frg5,ark~=21198=z14m95mw.json
2r KTK pseudo WBUVUVb-MB780IR,CPANF-frg5,ark~=21198=z14m95mw.json
2r KTK pseudo WBUVUVb-VIS,CPANF-frg5,ark~=21198=z14m95mw.json
2r KTK sharpie WBUVUVb-VIS,CPANF-frg5,ark~=21198=z14m95mw.json
2v KTK pseudo MB365UV-MB780IR,CPANF-frg5,ark~=21198=z14m95mw.json
2v KTK pseudo WBUVO22-VIS,CPANF-frg5,ark~=21198=z14m95mw.json
2v KTK pseudo WBUVUVb-MB780IR,CPANF-frg5,ark~=21198=z14m95mw.json
2v KTK pseudo WBUVUVb-VIS,CPANF-frg5,ark~=21198=z14m95mw.json
2v KTK sharpie MB365UV-MB780IR,CPANF-frg5,ark~=21198=z14m95mw.json
2v KTK sharpie MB365UV-VIS,CPANF-frg5,ark~=21198=z14m95mw.json
2v KTK sharpie WBUVG58-MB780IR,CPANF-frg5,ark~=21198=z14m95mw.json
2v KTK sharpie WBUVO22-MB780IR,CPANF-frg5,ark~=21198=z14m95mw.json
2v KTK sharpie WBUVUVb-MB780IR,CPANF-frg5,ark~=21198=z14m95mw.json
1r-4v KTK pseudo MB365UV-MB780IR,CPANF-frg7,ark~=21198=z1ht2zc3.json
1r-4v KTK pseudo MB365UV-VIS,CPANF-frg7,ark~=21198=z1ht2zc3.json
1r-4v KTK pseudo WBUVO22-VIS,CPANF-frg7,ark~=21198=z1ht2zc3.json
1r-4v KTK pseudo WBUVUVb-MB780IR,CPANF-frg7,ark~=21198=z1ht2zc3.json
1r-4v KTK pseudo WBUVUVb-VIS,CPANF-frg7,ark~=21198=z1ht2zc3.json
1r-4v KTK pseudo WBUVUVP-VIS,CPANF-frg7,ark~=21198=z1ht2zc3.json
1r-4v KTK sharpie avgUV-VIS,CPANF-frg7,ark~=21198=z1ht2zc3.json
1r-4v KTK sharpie MB365UV-MB780IR,CPANF-frg7,ark~=21198=z1ht2zc3.json
1r-4v KTK sharpie MB365UV-VIS,CPANF-frg7,ark~=21198=z1ht2zc3.json
1r-4v KTK sharpie WBUVB47-VIS,CPANF-frg7,ark~=21198=z1ht2zc3.json
1r-4v KTK sharpie WBUVG58-MB780IR,CPANF-frg7,ark~=21198=z1ht2zc3.json
1r-4v KTK sharpie WBUVG58-VIS,CPANF-frg7,ark~=21198=z1ht2zc3.json
1r-4v KTK sharpie WBUVO22-MB780IR,CPANF-frg7,ark~=21198=z1ht2zc3.json
1r-4v KTK sharpie WBUVO22-VIS,CPANF-frg7,ark~=21198=z1ht2zc3.json
1r-4v KTK sharpie WBUVUVb-MB780IR,CPANF-frg7,ark~=21198=z1ht2zc3.json
1r-4v KTK sharpie WBUVUVb-VIS,CPANF-frg7,ark~=21198=z1ht2zc3.json
1v-4r KTK pseudo MB365UV-MB780IR,CPANF-frg7,ark~=21198=z1ht2zc3.json
1v-4r KTK pseudo MB365UV-VIS,CPANF-frg7,ark~=21198=z1ht2zc3.json
1v-4r KTK pseudo WBUVO22-VIS,CPANF-frg7,ark~=21198=z1ht2zc3.json
1v-4r KTK pseudo WBUVUVb-MB780IR,CPANF-frg7,ark~=21198=z1ht2zc3.json
1v-4r KTK pseudo WBUVUVb-VIS,CPANF-frg7,ark~=21198=z1ht2zc3.json
1v-4r KTK pseudo WBUVUVP-VIS,CPANF-frg7,ark~=21198=z1ht2zc3.json
1v-4r KTK sharpie avgUV-VIS,CPANF-frg7,ark~=21198=z1ht2zc3.json
1v-4r KTK sharpie MB365UV-MB780IR,CPANF-frg7,ark~=21198=z1ht2zc3.json
1v-4r KTK sharpie MB365UV-VIS,CPANF-frg7,ark~=21198=z1ht2zc3.json
1v-4r KTK sharpie WBUVB47-VIS,CPANF-frg7,ark~=21198=z1ht2zc3.json
1v-4r KTK sharpie WBUVG58-MB780IR,CPANF-frg7,ark~=21198=z1ht2zc3.json
1v-4r KTK sharpie WBUVG58-VIS,CPANF-frg7,ark~=21198=z1ht2zc3.json
1v-4r KTK sharpie WBUVO22-MB780IR,CPANF-frg7,ark~=21198=z1ht2zc3.json
1v-4r KTK sharpie WBUVO22-VIS,CPANF-frg7,ark~=21198=z1ht2zc3.json
1v-4r KTK sharpie WBUVUVb-MB780IR,CPANF-frg7,ark~=21198=z1ht2zc3.json
1v-4r KTK sharpie WBUVUVb-VIS,CPANF-frg7,ark~=21198=z1ht2zc3.json
1v-4r KTK sharpie WBUVUVP-VIS,CPANF-frg7,ark~=21198=z1ht2zc3.json
2r KTK pseudo MB365UV-MB780IR,CPANF-frg7,ark~=21198=z1ht2zc3.json
2r KTK pseudo MB365UV-VIS,CPANF-frg7,ark~=21198=z1ht2zc3.json
2r KTK pseudo WBUVO22-VIS,CPANF-frg7,ark~=21198=z1ht2zc3.json
2r KTK pseudo WBUVUVb-MB780IR,CPANF-frg7,ark~=21198=z1ht2zc3.json
2r KTK pseudo WBUVUVb-VIS,CPANF-frg7,ark~=21198=z1ht2zc3.json
2r KTK sharpie WBUVG58-MB780IR,CPANF-frg7,ark~=21198=z1ht2zc3.json
2r KTK sharpie WBUVG58-VIS,CPANF-frg7,ark~=21198=z1ht2zc3.json
2r KTK sharpie WBUVO22-MB780IR,CPANF-frg7,ark~=21198=z1ht2zc3.json
2r KTK sharpie WBUVUVb-MB780IR,CPANF-frg7,ark~=21198=z1ht2zc3.json
2v KTK pseudo MB365UV-MB780IR,CPANF-frg7,ark~=21198=z1ht2zc3.json
2v KTK pseudo MB365UV-VIS,CPANF-frg7,ark~=21198=z1ht2zc3.json
2v KTK pseudo WBUVO22-VIS,CPANF-frg7,ark~=21198=z1ht2zc3.json
2v KTK pseudo WBUVUVb-MB780IR,CPANF-frg7,ark~=21198=z1ht2zc3.json
2v KTK pseudo WBUVUVb-VIS,CPANF-frg7,ark~=21198=z1ht2zc3.json
2v KTK sharpie MB365UV-MB780IR,CPANF-frg7,ark~=21198=z1ht2zc3.json
2v KTK sharpie WBUVB47-VIS,CPANF-frg7,ark~=21198=z1ht2zc3.json
2v KTK sharpie WBUVG58-MB780IR,CPANF-frg7,ark~=21198=z1ht2zc3.json
2v KTK sharpie WBUVG58-VIS,CPANF-frg7,ark~=21198=z1ht2zc3.json
2v KTK sharpie WBUVO22-MB780IR,CPANF-frg7,ark~=21198=z1ht2zc3.json
2v KTK sharpie WBUVUVb-MB780IR,CPANF-frg7,ark~=21198=z1ht2zc3.json
2v KTK sharpie WBUVUVb-VIS,CPANF-frg7,ark~=21198=z1ht2zc3.json
2v KTK sharpie WBUVUVP-VIS,CPANF-frg7,ark~=21198=z1ht2zc3.json
3r KTK pseudo MB365UV-MB780IR,CPANF-frg7,ark~=21198=z1ht2zc3.json
3r KTK pseudo MB365UV-VIS,CPANF-frg7,ark~=21198=z1ht2zc3.json
3r KTK pseudo WBUVO22-VIS,CPANF-frg7,ark~=21198=z1ht2zc3.json
3r KTK pseudo WBUVUVb-MB780IR,CPANF-frg7,ark~=21198=z1ht2zc3.json
3r KTK pseudo WBUVUVb-VIS,CPANF-frg7,ark~=21198=z1ht2zc3.json
3r KTK sharpie MB365UV-MB780IR,CPANF-frg7,ark~=21198=z1ht2zc3.json
3r KTK sharpie WBUVG58-MB780IR,CPANF-frg7,ark~=21198=z1ht2zc3.json
3r KTK sharpie WBUVG58-VIS,CPANF-frg7,ark~=21198=z1ht2zc3.json
3r KTK sharpie WBUVO22-MB780IR,CPANF-frg7,ark~=21198=z1ht2zc3.json
3r KTK sharpie WBUVUVb-MB780IR,CPANF-frg7,ark~=21198=z1ht2zc3.json
3r KTK sharpie WBUVUVb-VIS,CPANF-frg7,ark~=21198=z1ht2zc3.json
3v KTK pseudo MB365UV-MB780IR,CPANF-frg7,ark~=21198=z1ht2zc3.json
3v KTK pseudo MB365UV-VIS,CPANF-frg7,ark~=21198=z1ht2zc3.json
3v KTK pseudo WBUVO22-VIS,CPANF-frg7,ark~=21198=z1ht2zc3.json
3v KTK pseudo WBUVUVb-MB780IR,CPANF-frg7,ark~=21198=z1ht2zc3.json
3v KTK pseudo WBUVUVb-VIS,CPANF-frg7,ark~=21198=z1ht2zc3.json
3v KTK pseudo WBUVUVP-VIS,CPANF-frg7,ark~=21198=z1ht2zc3.json
3v KTK sharpie MB365UV-MB780IR,CPANF-frg7,ark~=21198=z1ht2zc3.json
3v KTK sharpie WBUVG58-MB780IR,CPANF-frg7,ark~=21198=z1ht2zc3.json
3v KTK sharpie WBUVO22-MB780IR,CPANF-frg7,ark~=21198=z1ht2zc3.json
3v KTK sharpie WBUVUVb-MB780IR,CPANF-frg7,ark~=21198=z1ht2zc3.json
5bis r KTK pseudo MB365UV-MB780IR,CPANF-frg7,ark~=21198=z1ht2zc3.json
5bis r KTK pseudo MB365UV-VIS,CPANF-frg7,ark~=21198=z1ht2zc3.json
5bis r KTK pseudo WBUVO22-VIS,CPANF-frg7,ark~=21198=z1ht2zc3.json
5bis r KTK pseudo WBUVUVb-MB780IR,CPANF-frg7,ark~=21198=z1ht2zc3.json
5bis r KTK pseudo WBUVUVb-VIS,CPANF-frg7,ark~=21198=z1ht2zc3.json
5bis v KTK pseudo WBUVO22-VIS,CPANF-frg7,ark~=21198=z1ht2zc3.json
5bis v KTK pseudo WBUVUVb-MB780IR,CPANF-frg7,ark~=21198=z1ht2zc3.json
5bis v KTK pseudo WBUVUVb-VIS,CPANF-frg7,ark~=21198=z1ht2zc3.json
5bis v KTK sharpie WBUVG58-MB780IR,CPANF-frg7,ark~=21198=z1ht2zc3.json
5bis v KTK sharpie WBUVO22-MB780IR,CPANF-frg7,ark~=21198=z1ht2zc3.json
5bis v KTK sharpie WBUVUVb-MB780IR,CPANF-frg7,ark~=21198=z1ht2zc3.json
5r-6v KTK pseudo MB365UV-MB780IR,CPANF-frg7,ark~=21198=z1ht2zc3.json
5r-6v KTK pseudo MB365UV-VIS,CPANF-frg7,ark~=21198=z1ht2zc3.json
5r-6v KTK pseudo WBUVO22-VIS,CPANF-frg7,ark~=21198=z1ht2zc3.json
5r-6v KTK pseudo WBUVUVb-MB780IR,CPANF-frg7,ark~=21198=z1ht2zc3.json
5r-6v KTK pseudo WBUVUVb-VIS,CPANF-frg7,ark~=21198=z1ht2zc3.json
5r-6v KTK sharpie WBUVG58-MB780IR,CPANF-frg7,ark~=21198=z1ht2zc3.json
5r-6v KTK sharpie WBUVG58-VIS,CPANF-frg7,ark~=21198=z1ht2zc3.json
5r-6v KTK sharpie WBUVUVb-MB780IR,CPANF-frg7,ark~=21198=z1ht2zc3.json
5r-6v KTK sharpie WBUVUVb-VIS,CPANF-frg7,ark~=21198=z1ht2zc3.json
5v-6r KTK pseudo MB365UV-MB780IR,CPANF-frg7,ark~=21198=z1ht2zc3.json
5v-6r KTK pseudo MB365UV-VIS,CPANF-frg7,ark~=21198=z1ht2zc3.json
5v-6r KTK pseudo WBUVO22-VIS,CPANF-frg7,ark~=21198=z1ht2zc3.json
5v-6r KTK pseudo WBUVUVb-MB780IR,CPANF-frg7,ark~=21198=z1ht2zc3.json
5v-6r KTK pseudo WBUVUVb-VIS,CPANF-frg7,ark~=21198=z1ht2zc3.json
5v-6r KTK sharpie avgUV-VIS,CPANF-frg7,ark~=21198=z1ht2zc3.json
5v-6r KTK sharpie WBUVB47-VIS,CPANF-frg7,ark~=21198=z1ht2zc3.json
5v-6r KTK sharpie WBUVG58-MB780IR,CPANF-frg7,ark~=21198=z1ht2zc3.json
5v-6r KTK sharpie WBUVG58-VIS,CPANF-frg7,ark~=21198=z1ht2zc3.json
5v-6r KTK sharpie WBUVO22-MB780IR,CPANF-frg7,ark~=21198=z1ht2zc3.json
5v-6r KTK sharpie WBUVUVb-MB780IR,CPANF-frg7,ark~=21198=z1ht2zc3.json
5v-6r KTK sharpie WBUVUVb-VIS,CPANF-frg7,ark~=21198=z1ht2zc3.json
7r KTK pseudo WBUVO22-VIS,CPANF-frg7,ark~=21198=z1ht2zc3.json
7r KTK pseudo WBUVUVb-VIS,CPANF-frg7,ark~=21198=z1ht2zc3.json
7r KTK sharpie avgUV-VIS,CPANF-frg7,ark~=21198=z1ht2zc3.json
7r KTK sharpie MB365UV-MB780IR,CPANF-frg7,ark~=21198=z1ht2zc3.json
7r KTK sharpie MB365UV-VIS,CPANF-frg7,ark~=21198=z1ht2zc3.json
7r KTK sharpie WBUVB47-VIS,CPANF-frg7,ark~=21198=z1ht2zc3.json
7r KTK sharpie WBUVO22-MB780IR,CPANF-frg7,ark~=21198=z1ht2zc3.json
7r KTK sharpie WBUVUVb-MB780IR,CPANF-frg7,ark~=21198=z1ht2zc3.json
7r KTK sharpie WBUVUVP-VIS,CPANF-frg7,ark~=21198=z1ht2zc3.json
1r KTK pseudo MB365UV-MB780IR,GrkNF-M130,ark~=21198=z10v8nt5.json
1r KTK pseudo MB365UV-VIS,GrkNF-M130,ark~=21198=z10v8nt5.json
1r KTK pseudo WBUVO22-VIS,GrkNF-M130,ark~=21198=z10v8nt5.json
1r KTK pseudo WBUVUVb-MB780IR,GrkNF-M130,ark~=21198=z10v8nt5.json
1r KTK pseudo WBUVUVb-VIS,GrkNF-M130,ark~=21198=z10v8nt5.json
1r KTK pseudo WBUVUVP-VIS,GrkNF-M130,ark~=21198=z10v8nt5.json
1r KTK sharpie MB365UV-MB780IR,GrkNF-M130,ark~=21198=z10v8nt5.json
1r KTK sharpie WBUVG58-MB780IR,GrkNF-M130,ark~=21198=z10v8nt5.json
1r KTK sharpie WBUVO22-MB780IR,GrkNF-M130,ark~=21198=z10v8nt5.json
1r KTK sharpie WBUVUVb-MB780IR,GrkNF-M130,ark~=21198=z10v8nt5.json
1v KTK pseudo MB365UV-MB780IR,GrkNF-M130,ark~=21198=z10v8nt5.json
1v KTK pseudo MB365UV-VIS,GrkNF-M130,ark~=21198=z10v8nt5.json
1v KTK pseudo WBUVUVb-MB780IR,GrkNF-M130,ark~=21198=z10v8nt5.json
1v KTK sharpie avgUV-VIS,GrkNF-M130,ark~=21198=z10v8nt5.json
1v KTK sharpie MB365UV-MB780IR,GrkNF-M130,ark~=21198=z10v8nt5.json
1v KTK sharpie WBUVB47-VIS,GrkNF-M130,ark~=21198=z10v8nt5.json
1v KTK sharpie WBUVG58-MB780IR,GrkNF-M130,ark~=21198=z10v8nt5.json
1v KTK sharpie WBUVG58-VIS,GrkNF-M130,ark~=21198=z10v8nt5.json
1v KTK sharpie WBUVO22-MB780IR,GrkNF-M130,ark~=21198=z10v8nt5.json
1v KTK sharpie WBUVUVb-MB780IR,GrkNF-M130,ark~=21198=z10v8nt5.json
1v KTK sharpie WBUVUVb-VIS,GrkNF-M130,ark~=21198=z10v8nt5.json
1r-2v KTK pseudo MB365UV-MB780IR,GrkNF-M98,ark~=21198=z1w385bk.json
1r-2v KTK pseudo MB365UV-VIS,GrkNF-M98,ark~=21198=z1w385bk.json
1r-2v KTK pseudo WBUVO22-VIS,GrkNF-M98,ark~=21198=z1w385bk.json
1r-2v KTK pseudo WBUVUVb-MB780IR,GrkNF-M98,ark~=21198=z1w385bk.json
1r-2v KTK pseudo WBUVUVb-VIS,GrkNF-M98,ark~=21198=z1w385bk.json
1r-2v KTK pseudo WBUVUVP-VIS,GrkNF-M98,ark~=21198=z1w385bk.json
1r-2v KTK sharpie MB365UV-MB780IR,GrkNF-M98,ark~=21198=z1w385bk.json
1r-2v KTK sharpie WBUVB47-VIS,GrkNF-M98,ark~=21198=z1w385bk.json
1r-2v KTK sharpie WBUVG58-MB780IR,GrkNF-M98,ark~=21198=z1w385bk.json
1r-2v KTK sharpie WBUVUVb-MB780IR,GrkNF-M98,ark~=21198=z1w385bk.json
1v-2r KTK pseudo MB365UV-MB780IR,GrkNF-M98,ark~=21198=z1w385bk.json
1v-2r KTK pseudo MB365UV-VIS,GrkNF-M98,ark~=21198=z1w385bk.json
1v-2r KTK pseudo WBUVUVb-MB780IR,GrkNF-M98,ark~=21198=z1w385bk.json
1v-2r KTK pseudo WBUVUVb-VIS,GrkNF-M98,ark~=21198=z1w385bk.json
1v-2r KTK pseudo WBUVUVP-VIS,GrkNF-M98,ark~=21198=z1w385bk.json
1v-2r KTK sharpie MB365UV-MB780IR,GrkNF-M98,ark~=21198=z1w385bk.json
1v-2r KTK sharpie WBUVG58-MB780IR,GrkNF-M98,ark~=21198=z1w385bk.json
1v-2r KTK sharpie WBUVUVb-MB780IR,GrkNF-M98,ark~=21198=z1w385bk.json
1r KTK pseudo MB365UV-MB780IR,SyrNF-frg46,ark~=21198=z1zw1vxc.json
1r KTK pseudo MB365UV-VIS,SyrNF-frg46,ark~=21198=z1zw1vxc.json
1r KTK pseudo WBUVUVP-VIS,SyrNF-frg46,ark~=21198=z1zw1vxc.json
1r KTK sharpie MB365UV-MB780IR,SyrNF-frg46,ark~=21198=z1zw1vxc.json
1r KTK sharpie MB365UV-VIS,SyrNF-frg46,ark~=21198=z1zw1vxc.json
1r KTK sharpie WBUVB47-VIS,SyrNF-frg46,ark~=21198=z1zw1vxc.json
1r KTK sharpie WBUVUVP-VIS,SyrNF-frg46,ark~=21198=z1zw1vxc.json
1r KTK pseudo MB365UV-MB780IR,SyrNF-frg46,ark~=21198=z1zw1vxc.json
1r KTK pseudo MB365UV-VIS,SyrNF-frg46,ark~=21198=z1zw1vxc.json
1r KTK pseudo WBUVO22-VIS,SyrNF-frg46,ark~=21198=z1zw1vxc.json
1r KTK pseudo WBUVUVb-MB780IR,SyrNF-frg46,ark~=21198=z1zw1vxc.json
1r KTK pseudo WBUVUVb-VIS,SyrNF-frg46,ark~=21198=z1zw1vxc.json
1r KTK pseudo WBUVUVP-VIS,SyrNF-frg46,ark~=21198=z1zw1vxc.json
1r KTK sharpie avgUV-VIS,SyrNF-frg46,ark~=21198=z1zw1vxc.json
1r KTK sharpie MB365UV-MB780IR,SyrNF-frg46,ark~=21198=z1zw1vxc.json
1r KTK sharpie MB365UV-VIS,SyrNF-frg46,ark~=21198=z1zw1vxc.json
1r KTK sharpie WBUVB47-VIS,SyrNF-frg46,ark~=21198=z1zw1vxc.json
1r KTK sharpie WBUVG58-MB780IR,SyrNF-frg46,ark~=21198=z1zw1vxc.json
1r KTK sharpie WBUVO22-MB780IR,SyrNF-frg46,ark~=21198=z1zw1vxc.json
1r KTK sharpie WBUVUVb-MB780IR,SyrNF-frg46,ark~=21198=z1zw1vxc.json
1r KTK sharpie WBUVUVb-VIS,SyrNF-frg46,ark~=21198=z1zw1vxc.json
1v KTK pseudo MB365UV-MB780IR,SyrNF-frg46,ark~=21198=z1zw1vxc.json
1v KTK pseudo MB365UV-VIS,SyrNF-frg46,ark~=21198=z1zw1vxc.json
1v KTK pseudo WBUVUVP-VIS,SyrNF-frg46,ark~=21198=z1zw1vxc.json
1v KTK sharpie MB365UV-MB780IR,SyrNF-frg46,ark~=21198=z1zw1vxc.json
1v KTK sharpie MB365UV-VIS,SyrNF-frg46,ark~=21198=z1zw1vxc.json
1v KTK sharpie WBUVB47-VIS,SyrNF-frg46,ark~=21198=z1zw1vxc.json
1v KTK sharpie WBUVUVP-VIS,SyrNF-frg46,ark~=21198=z1zw1vxc.json
1v KTK pseudo MB365UV-MB780IR,SyrNF-frg46,ark~=21198=z1zw1vxc.json
1v KTK pseudo MB365UV-VIS,SyrNF-frg46,ark~=21198=z1zw1vxc.json
1v KTK pseudo WBUVO22-VIS,SyrNF-frg46,ark~=21198=z1zw1vxc.json
1v KTK pseudo WBUVUVb-MB780IR,SyrNF-frg46,ark~=21198=z1zw1vxc.json
1v KTK pseudo WBUVUVb-VIS,SyrNF-frg46,ark~=21198=z1zw1vxc.json
1v KTK pseudo WBUVUVP-VIS,SyrNF-frg46,ark~=21198=z1zw1vxc.json
1v KTK sharpie avgUV-VIS,SyrNF-frg46,ark~=21198=z1zw1vxc.json
1v KTK sharpie MB365UV-MB780IR,SyrNF-frg46,ark~=21198=z1zw1vxc.json
1v KTK sharpie MB365UV-VIS,SyrNF-frg46,ark~=21198=z1zw1vxc.json
1v KTK sharpie WBUVB47-VIS,SyrNF-frg46,ark~=21198=z1zw1vxc.json
1v KTK sharpie WBUVG58-MB780IR,SyrNF-frg46,ark~=21198=z1zw1vxc.json
1v KTK sharpie WBUVO22-MB780IR,SyrNF-frg46,ark~=21198=z1zw1vxc.json
1v KTK sharpie WBUVUVb-MB780IR,SyrNF-frg46,ark~=21198=z1zw1vxc.json
1v KTK sharpie WBUVUVP-VIS,SyrNF-frg46,ark~=21198=z1zw1vxc.json
1r KTK pseudo MB365UV-MB780IR,SyrNF-frg63,ark~=21198=z1v4146r.json
1r KTK pseudo MB365UV-VIS,SyrNF-frg63,ark~=21198=z1v4146r.json
1r KTK pseudo WBUVO22-VIS,SyrNF-frg63,ark~=21198=z1v4146r.json
1r KTK pseudo WBUVUVb-MB780IR,SyrNF-frg63,ark~=21198=z1v4146r.json
1r KTK pseudo WBUVUVb-VIS,SyrNF-frg63,ark~=21198=z1v4146r.json
1r KTK pseudo WBUVUVP-VIS,SyrNF-frg63,ark~=21198=z1v4146r.json
1r KTK sharpie avgUV-VIS,SyrNF-frg63,ark~=21198=z1v4146r.json
1r KTK sharpie MB365UV-MB780IR,SyrNF-frg63,ark~=21198=z1v4146r.json
1r KTK sharpie MB365UV-VIS,SyrNF-frg63,ark~=21198=z1v4146r.json
1r KTK sharpie WBUVB47-VIS,SyrNF-frg63,ark~=21198=z1v4146r.json
1r KTK sharpie WBUVG58-MB780IR,SyrNF-frg63,ark~=21198=z1v4146r.json
1r KTK sharpie WBUVG58-VIS,SyrNF-frg63,ark~=21198=z1v4146r.json
1r KTK sharpie WBUVO22-MB780IR,SyrNF-frg63,ark~=21198=z1v4146r.json
1r KTK sharpie WBUVO22-VIS,SyrNF-frg63,ark~=21198=z1v4146r.json
1r KTK sharpie WBUVUVb-MB780IR,SyrNF-frg63,ark~=21198=z1v4146r.json
1r KTK sharpie WBUVUVb-VIS,SyrNF-frg63,ark~=21198=z1v4146r.json
1r KTK sharpie WBUVUVP-VIS,SyrNF-frg63,ark~=21198=z1v4146r.json
1r KTK pseudo MB365UV-MB780IR,SyrNF-frg63,ark~=21198=z1v4146r.json
1r KTK pseudo MB365UV-VIS,SyrNF-frg63,ark~=21198=z1v4146r.json
1r KTK pseudo WBUVO22-VIS,SyrNF-frg63,ark~=21198=z1v4146r.json
1r KTK pseudo WBUVUVb-MB780IR,SyrNF-frg63,ark~=21198=z1v4146r.json
1r KTK pseudo WBUVUVb-VIS,SyrNF-frg63,ark~=21198=z1v4146r.json
1r KTK pseudo WBUVUVP-VIS,SyrNF-frg63,ark~=21198=z1v4146r.json
1r KTK sharpie MB365UV-MB780IR,SyrNF-frg63,ark~=21198=z1v4146r.json
1r KTK sharpie MB365UV-VIS,SyrNF-frg63,ark~=21198=z1v4146r.json
1r KTK sharpie WBUVB47-VIS,SyrNF-frg63,ark~=21198=z1v4146r.json
1v KTK pseudo MB365UV-MB780IR,SyrNF-frg63,ark~=21198=z1v4146r.json
1v KTK pseudo MB365UV-VIS,SyrNF-frg63,ark~=21198=z1v4146r.json
1v KTK pseudo WBUVO22-VIS,SyrNF-frg63,ark~=21198=z1v4146r.json
1v KTK pseudo WBUVUVb-MB780IR,SyrNF-frg63,ark~=21198=z1v4146r.json
1v KTK pseudo WBUVUVb-VIS,SyrNF-frg63,ark~=21198=z1v4146r.json
1v KTK pseudo WBUVUVP-VIS,SyrNF-frg63,ark~=21198=z1v4146r.json
1v KTK sharpie avgUV-VIS,SyrNF-frg63,ark~=21198=z1v4146r.json
1v KTK sharpie MB365UV-MB780IR,SyrNF-frg63,ark~=21198=z1v4146r.json
1v KTK sharpie MB365UV-VIS,SyrNF-frg63,ark~=21198=z1v4146r.json
1v KTK sharpie WBUVB47-VIS,SyrNF-frg63,ark~=21198=z1v4146r.json
1v KTK sharpie WBUVG58-MB780IR,SyrNF-frg63,ark~=21198=z1v4146r.json
1v KTK sharpie WBUVG58-VIS,SyrNF-frg63,ark~=21198=z1v4146r.json
1v KTK sharpie WBUVO22-MB780IR,SyrNF-frg63,ark~=21198=z1v4146r.json
1v KTK sharpie WBUVO22-VIS,SyrNF-frg63,ark~=21198=z1v4146r.json
1v KTK sharpie WBUVUVb-MB780IR,SyrNF-frg63,ark~=21198=z1v4146r.json
1v KTK sharpie WBUVUVb-VIS,SyrNF-frg63,ark~=21198=z1v4146r.json
1v KTK sharpie WBUVUVP-VIS,SyrNF-frg63,ark~=21198=z1v4146r.json
1v KTK pseudo MB365UV-MB780IR,SyrNF-frg63,ark~=21198=z1v4146r.json
1v KTK pseudo MB365UV-VIS,SyrNF-frg63,ark~=21198=z1v4146r.json
1v KTK pseudo WBUVO22-VIS,SyrNF-frg63,ark~=21198=z1v4146r.json
1v KTK pseudo WBUVUVb-MB780IR,SyrNF-frg63,ark~=21198=z1v4146r.json
1v KTK pseudo WBUVUVb-VIS,SyrNF-frg63,ark~=21198=z1v4146r.json
1v KTK pseudo WBUVUVP-VIS,SyrNF-frg63,ark~=21198=z1v4146r.json
1v KTK sharpie MB365UV-MB780IR,SyrNF-frg63,ark~=21198=z1v4146r.json
1v KTK sharpie MB365UV-VIS,SyrNF-frg63,ark~=21198=z1v4146r.json
1v KTK sharpie WBUVB47-VIS,SyrNF-frg63,ark~=21198=z1v4146r.json
1r KTK pseudo MB365UV-MB780IR,SyrNF-frg74,ark~=21198=z1w37xcr.json
1r KTK pseudo MB365UV-VIS,SyrNF-frg74,ark~=21198=z1w37xcr.json
1r KTK pseudo WBUVUVb-MB780IR,SyrNF-frg74,ark~=21198=z1w37xcr.json
1r KTK pseudo WBUVUVb-VIS,SyrNF-frg74,ark~=21198=z1w37xcr.json
1r KTK pseudo WBUVUVP-VIS,SyrNF-frg74,ark~=21198=z1w37xcr.json
1r KTK sharpie avgUV-VIS,SyrNF-frg74,ark~=21198=z1w37xcr.json
1r KTK sharpie MB365UV-MB780IR,SyrNF-frg74,ark~=21198=z1w37xcr.json
1r KTK sharpie MB365UV-VIS,SyrNF-frg74,ark~=21198=z1w37xcr.json
1r KTK sharpie WBUVB47-VIS,SyrNF-frg74,ark~=21198=z1w37xcr.json
1r KTK sharpie WBUVUVP-VIS,SyrNF-frg74,ark~=21198=z1w37xcr.json
1r KTK pseudo MB365UV-MB780IR,SyrNF-frg75,ark~=21198=z1rb75nd.json
1r KTK pseudo MB365UV-VIS,SyrNF-frg75,ark~=21198=z1rb75nd.json
1r KTK pseudo WBUVO22-VIS,SyrNF-frg75,ark~=21198=z1rb75nd.json
1r KTK pseudo WBUVUVb-MB780IR,SyrNF-frg75,ark~=21198=z1rb75nd.json
1r KTK pseudo WBUVUVb-VIS,SyrNF-frg75,ark~=21198=z1rb75nd.json
1r KTK pseudo WBUVUVP-VIS,SyrNF-frg75,ark~=21198=z1rb75nd.json
1r KTK sharpie avgUV-VIS,SyrNF-frg75,ark~=21198=z1rb75nd.json
1r KTK sharpie MB365UV-MB780IR,SyrNF-frg75,ark~=21198=z1rb75nd.json
1r KTK sharpie MB365UV-VIS,SyrNF-frg75,ark~=21198=z1rb75nd.json
1r KTK sharpie WBUVB47-VIS,SyrNF-frg75,ark~=21198=z1rb75nd.json
1r KTK sharpie WBUVG58-MB780IR,SyrNF-frg75,ark~=21198=z1rb75nd.json
1r KTK sharpie WBUVUVb-MB780IR,SyrNF-frg75,ark~=21198=z1rb75nd.json
1r KTK sharpie WBUVUVP-VIS,SyrNF-frg75,ark~=21198=z1rb75nd.json
1v KTK pseudo MB365UV-MB780IR,SyrNF-frg75,ark~=21198=z1rb75nd.json
1v KTK pseudo MB365UV-VIS,SyrNF-frg75,ark~=21198=z1rb75nd.json
1v KTK pseudo WBUVO22-VIS,SyrNF-frg75,ark~=21198=z1rb75nd.json
1v KTK pseudo WBUVUVb-MB780IR,SyrNF-frg75,ark~=21198=z1rb75nd.json
1v KTK pseudo WBUVUVb-VIS,SyrNF-frg75,ark~=21198=z1rb75nd.json
1v KTK pseudo WBUVUVP-VIS,SyrNF-frg75,ark~=21198=z1rb75nd.json
1v KTK sharpie avgUV-VIS,SyrNF-frg75,ark~=21198=z1rb75nd.json
1v KTK sharpie MB365UV-MB780IR,SyrNF-frg75,ark~=21198=z1rb75nd.json
1v KTK sharpie MB365UV-VIS,SyrNF-frg75,ark~=21198=z1rb75nd.json
1v KTK sharpie WBUVB47-VIS,SyrNF-frg75,ark~=21198=z1rb75nd.json
1v KTK sharpie WBUVG58-MB780IR,SyrNF-frg75,ark~=21198=z1rb75nd.json
1v KTK sharpie WBUVO22-MB780IR,SyrNF-frg75,ark~=21198=z1rb75nd.json
1v KTK sharpie WBUVUVb-MB780IR,SyrNF-frg75,ark~=21198=z1rb75nd.json
1v KTK sharpie WBUVUVP-VIS,SyrNF-frg75,ark~=21198=z1rb75nd.json
1r KTK pseudo MB365UV-MB780IR,SyrNF-frg76,ark~=21198=z1qc0cjx.json
1r KTK pseudo MB365UV-VIS,SyrNF-frg76,ark~=21198=z1qc0cjx.json
1r KTK pseudo WBUVO22-VIS,SyrNF-frg76,ark~=21198=z1qc0cjx.json
1r KTK pseudo WBUVUVb-MB780IR,SyrNF-frg76,ark~=21198=z1qc0cjx.json
1r KTK pseudo WBUVUVb-VIS,SyrNF-frg76,ark~=21198=z1qc0cjx.json
1r KTK pseudo WBUVUVP-VIS,SyrNF-frg76,ark~=21198=z1qc0cjx.json
1r KTK sharpie avgUV-VIS,SyrNF-frg76,ark~=21198=z1qc0cjx.json
1r KTK sharpie MB365UV-MB780IR,SyrNF-frg76,ark~=21198=z1qc0cjx.json
1r KTK sharpie MB365UV-VIS,SyrNF-frg76,ark~=21198=z1qc0cjx.json
1r KTK sharpie WBUVB47-VIS,SyrNF-frg76,ark~=21198=z1qc0cjx.json
1r KTK sharpie WBUVG58-MB780IR,SyrNF-frg76,ark~=21198=z1qc0cjx.json
1r KTK sharpie WBUVG58-VIS,SyrNF-frg76,ark~=21198=z1qc0cjx.json
1r KTK sharpie WBUVO22-MB780IR,SyrNF-frg76,ark~=21198=z1qc0cjx.json
1r KTK sharpie WBUVUVb-MB780IR,SyrNF-frg76,ark~=21198=z1qc0cjx.json
1r KTK sharpie WBUVUVb-VIS,SyrNF-frg76,ark~=21198=z1qc0cjx.json
1r KTK sharpie WBUVUVP-VIS,SyrNF-frg76,ark~=21198=z1qc0cjx.json
1v KTK pseudo MB365UV-MB780IR,SyrNF-frg76,ark~=21198=z1qc0cjx.json
1v KTK pseudo MB365UV-VIS,SyrNF-frg76,ark~=21198=z1qc0cjx.json
1v KTK pseudo WBUVO22-VIS,SyrNF-frg76,ark~=21198=z1qc0cjx.json
1v KTK pseudo WBUVUVb-MB780IR,SyrNF-frg76,ark~=21198=z1qc0cjx.json
1v KTK pseudo WBUVUVb-VIS,SyrNF-frg76,ark~=21198=z1qc0cjx.json
1v KTK pseudo WBUVUVP-VIS,SyrNF-frg76,ark~=21198=z1qc0cjx.json
1v KTK sharpie avgUV-VIS,SyrNF-frg76,ark~=21198=z1qc0cjx.json
1v KTK sharpie MB365UV-MB780IR,SyrNF-frg76,ark~=21198=z1qc0cjx.json
1v KTK sharpie MB365UV-VIS,SyrNF-frg76,ark~=21198=z1qc0cjx.json
1v KTK sharpie WBUVB47-VIS,SyrNF-frg76,ark~=21198=z1qc0cjx.json
1v KTK sharpie WBUVG58-MB780IR,SyrNF-frg76,ark~=21198=z1qc0cjx.json
1v KTK sharpie WBUVG58-VIS,SyrNF-frg76,ark~=21198=z1qc0cjx.json
1v KTK sharpie WBUVO22-MB780IR,SyrNF-frg76,ark~=21198=z1qc0cjx.json
1v KTK sharpie WBUVO22-VIS,SyrNF-frg76,ark~=21198=z1qc0cjx.json
1v KTK sharpie WBUVUVb-MB780IR,SyrNF-frg76,ark~=21198=z1qc0cjx.json
1v KTK sharpie WBUVUVb-VIS,SyrNF-frg76,ark~=21198=z1qc0cjx.json
1v KTK sharpie WBUVUVP-VIS,SyrNF-frg76,ark~=21198=z1qc0cjx.json
1r KTK pseudo MB365UV-MB780IR,GeoNF-84,ark~=21198=z14m9dms.json
1r KTK pseudo MB365UV-VIS,GeoNF-84,ark~=21198=z14m9dms.json
1r KTK pseudo WBUVO22-VIS,GeoNF-84,ark~=21198=z14m9dms.json
1r KTK pseudo WBUVUVb-MB780IR,GeoNF-84,ark~=21198=z14m9dms.json
1r KTK pseudo WBUVUVb-VIS,GeoNF-84,ark~=21198=z14m9dms.json
1r KTK pseudo WBUVUVP-VIS,GeoNF-84,ark~=21198=z14m9dms.json
1v KTK pseudo MB365UV-MB780IR,GeoNF-84,ark~=21198=z14m9dms.json
1v KTK pseudo MB365UV-VIS,GeoNF-84,ark~=21198=z14m9dms.json
1v KTK pseudo WBUVO22-VIS,GeoNF-84,ark~=21198=z14m9dms.json
1v KTK pseudo WBUVUVb-MB780IR,GeoNF-84,ark~=21198=z14m9dms.json
1v KTK pseudo WBUVUVb-VIS,GeoNF-84,ark~=21198=z14m9dms.json
1v KTK pseudo WBUVUVP-VIS,GeoNF-84,ark~=21198=z14m9dms.json
1v KTK sharpie avgUV-VIS,GeoNF-84,ark~=21198=z14m9dms.json
1v KTK sharpie MB365UV-MB780IR,GeoNF-84,ark~=21198=z14m9dms.json
1v KTK sharpie MB365UV-VIS,GeoNF-84,ark~=21198=z14m9dms.json
1v KTK sharpie WBUVB47-VIS,GeoNF-84,ark~=21198=z14m9dms.json
1v KTK sharpie WBUVG58-MB780IR,GeoNF-84,ark~=21198=z14m9dms.json
1v KTK sharpie WBUVG58-VIS,GeoNF-84,ark~=21198=z14m9dms.json
1v KTK sharpie WBUVO22-MB780IR,GeoNF-84,ark~=21198=z14m9dms.json
1v KTK sharpie WBUVO22-VIS,GeoNF-84,ark~=21198=z14m9dms.json
1v KTK sharpie WBUVUVb-MB780IR,GeoNF-84,ark~=21198=z14m9dms.json
1v KTK sharpie WBUVUVb-VIS,GeoNF-84,ark~=21198=z14m9dms.json
1v KTK sharpie WBUVUVP-VIS,GeoNF-84,ark~=21198=z14m9dms.json
2r KTK pseudo WBUVO22-VIS,GeoNF-84,ark~=21198=z14m9dms.json
2r KTK pseudo WBUVUVb-MB780IR,GeoNF-84,ark~=21198=z14m9dms.json
2r KTK pseudo WBUVUVb-VIS,GeoNF-84,ark~=21198=z14m9dms.json
2r KTK sharpie WBUVG58-MB780IR,GeoNF-84,ark~=21198=z14m9dms.json
2r KTK sharpie WBUVO22-MB780IR,GeoNF-84,ark~=21198=z14m9dms.json
2r KTK sharpie WBUVUVb-MB780IR,GeoNF-84,ark~=21198=z14m9dms.json
2v KTK pseudo MB365UV-VIS,GeoNF-84,ark~=21198=z14m9dms.json
2v KTK pseudo WBUVO22-VIS,GeoNF-84,ark~=21198=z14m9dms.json
2v KTK pseudo WBUVUVb-MB780IR,GeoNF-84,ark~=21198=z14m9dms.json
2v KTK pseudo WBUVUVb-VIS,GeoNF-84,ark~=21198=z14m9dms.json
2v KTK sharpie WBUVUVb-MB780IR,GeoNF-84,ark~=21198=z14m9dms.json
3r KTK pseudo MB365UV-MB780IR,GeoNF-84,ark~=21198=z14m9dms.json
3r KTK pseudo WBUVO22-VIS,GeoNF-84,ark~=21198=z14m9dms.json
3r KTK pseudo WBUVUVb-MB780IR,GeoNF-84,ark~=21198=z14m9dms.json
3r KTK pseudo WBUVUVb-VIS,GeoNF-84,ark~=21198=z14m9dms.json
3r KTK sharpie MB365UV-MB780IR,GeoNF-84,ark~=21198=z14m9dms.json
3r KTK sharpie WBUVG58-MB780IR,GeoNF-84,ark~=21198=z14m9dms.json
3r KTK sharpie WBUVUVb-MB780IR,GeoNF-84,ark~=21198=z14m9dms.json
3v KTK pseudo WBUVUVb-MB780IR,GeoNF-84,ark~=21198=z14m9dms.json
3v KTK sharpie WBUVG58-MB780IR,GeoNF-84,ark~=21198=z14m9dms.json
3v KTK sharpie WBUVO22-MB780IR,GeoNF-84,ark~=21198=z14m9dms.json
3v KTK sharpie WBUVUVb-MB780IR,GeoNF-84,ark~=21198=z14m9dms.json
4r KTK pseudo MB365UV-MB780IR,GeoNF-84,ark~=21198=z14m9dms.json
4r KTK pseudo MB365UV-VIS,GeoNF-84,ark~=21198=z14m9dms.json
4r KTK pseudo WBUVO22-VIS,GeoNF-84,ark~=21198=z14m9dms.json
4r KTK pseudo WBUVUVb-MB780IR,GeoNF-84,ark~=21198=z14m9dms.json
4r KTK pseudo WBUVUVb-VIS,GeoNF-84,ark~=21198=z14m9dms.json
4r KTK pseudo WBUVUVP-VIS,GeoNF-84,ark~=21198=z14m9dms.json
4r KTK sharpie MB365UV-MB780IR,GeoNF-84,ark~=21198=z14m9dms.json
4r KTK sharpie WBUVG58-MB780IR,GeoNF-84,ark~=21198=z14m9dms.json
4r KTK sharpie WBUVO22-MB780IR,GeoNF-84,ark~=21198=z14m9dms.json
4r KTK sharpie WBUVUVb-MB780IR,GeoNF-84,ark~=21198=z14m9dms.json
4v KTK pseudo MB365UV-MB780IR,GeoNF-84,ark~=21198=z14m9dms.json
4v KTK pseudo MB365UV-VIS,GeoNF-84,ark~=21198=z14m9dms.json
4v KTK pseudo WBUVO22-VIS,GeoNF-84,ark~=21198=z14m9dms.json
4v KTK pseudo WBUVUVb-MB780IR,GeoNF-84,ark~=21198=z14m9dms.json
4v KTK pseudo WBUVUVb-VIS,GeoNF-84,ark~=21198=z14m9dms.json
4v KTK pseudo WBUVUVP-VIS,GeoNF-84,ark~=21198=z14m9dms.json
4v KTK sharpie MB365UV-MB780IR,GeoNF-84,ark~=21198=z14m9dms.json
5r KTK pseudo MB365UV-MB780IR,GeoNF-84,ark~=21198=z14m9dms.json
5r KTK pseudo MB365UV-VIS,GeoNF-84,ark~=21198=z14m9dms.json
5r KTK pseudo WBUVO22-VIS,GeoNF-84,ark~=21198=z14m9dms.json
5r KTK pseudo WBUVUVb-MB780IR,GeoNF-84,ark~=21198=z14m9dms.json
5r KTK pseudo WBUVUVb-VIS,GeoNF-84,ark~=21198=z14m9dms.json
5r KTK sharpie MB365UV-MB780IR,GeoNF-84,ark~=21198=z14m9dms.json
5r KTK sharpie WBUVG58-MB780IR,GeoNF-84,ark~=21198=z14m9dms.json
5r KTK sharpie WBUVO22-MB780IR,GeoNF-84,ark~=21198=z14m9dms.json
5r KTK sharpie WBUVUVb-MB780IR,GeoNF-84,ark~=21198=z14m9dms.json
5v KTK pseudo MB365UV-MB780IR,GeoNF-84,ark~=21198=z14m9dms.json
5v KTK pseudo MB365UV-VIS,GeoNF-84,ark~=21198=z14m9dms.json
5v KTK pseudo WBUVO22-VIS,GeoNF-84,ark~=21198=z14m9dms.json
5v KTK pseudo WBUVUVb-MB780IR,GeoNF-84,ark~=21198=z14m9dms.json
5v KTK pseudo WBUVUVb-VIS,GeoNF-84,ark~=21198=z14m9dms.json
5v KTK pseudo WBUVUVP-VIS,GeoNF-84,ark~=21198=z14m9dms.json
5v KTK sharpie MB365UV-MB780IR,GeoNF-84,ark~=21198=z14m9dms.json
5v KTK sharpie WBUVB47-VIS,GeoNF-84,ark~=21198=z14m9dms.json
5v KTK sharpie WBUVG58-MB780IR,GeoNF-84,ark~=21198=z14m9dms.json
5v KTK sharpie WBUVO22-MB780IR,GeoNF-84,ark~=21198=z14m9dms.json
5v KTK sharpie WBUVUVb-MB780IR,GeoNF-84,ark~=21198=z14m9dms.json
6r KTK pseudo MB365UV-MB780IR,GeoNF-84,ark~=21198=z14m9dms.json
6r KTK pseudo MB365UV-VIS,GeoNF-84,ark~=21198=z14m9dms.json
6r KTK pseudo WBUVUVb-MB780IR,GeoNF-84,ark~=21198=z14m9dms.json
6r KTK pseudo WBUVUVb-VIS,GeoNF-84,ark~=21198=z14m9dms.json
6r KTK pseudo WBUVUVP-VIS,GeoNF-84,ark~=21198=z14m9dms.json
6r KTK sharpie MB365UV-MB780IR,GeoNF-84,ark~=21198=z14m9dms.json
6r KTK sharpie MB365UV-VIS,GeoNF-84,ark~=21198=z14m9dms.json
6r KTK sharpie WBUVB47-VIS,GeoNF-84,ark~=21198=z14m9dms.json
6r KTK sharpie WBUVG58-MB780IR,GeoNF-84,ark~=21198=z14m9dms.json
6r KTK sharpie WBUVUVb-MB780IR,GeoNF-84,ark~=21198=z14m9dms.json
6r KTK sharpie WBUVUVP-VIS,GeoNF-84,ark~=21198=z14m9dms.json
6v KTK pseudo MB365UV-MB780IR,GeoNF-84,ark~=21198=z14m9dms.json
6v KTK pseudo MB365UV-VIS,GeoNF-84,ark~=21198=z14m9dms.json
6v KTK pseudo WBUVO22-VIS,GeoNF-84,ark~=21198=z14m9dms.json
6v KTK pseudo WBUVUVb-MB780IR,GeoNF-84,ark~=21198=z14m9dms.json
6v KTK pseudo WBUVUVb-VIS,GeoNF-84,ark~=21198=z14m9dms.json
6v KTK pseudo WBUVUVP-VIS,GeoNF-84,ark~=21198=z14m9dms.json
6v KTK sharpie MB365UV-MB780IR,GeoNF-84,ark~=21198=z14m9dms.json
6v KTK sharpie WBUVG58-MB780IR,GeoNF-84,ark~=21198=z14m9dms.json
6v KTK sharpie WBUVUVb-MB780IR,GeoNF-84,ark~=21198=z14m9dms.json
7r KTK pseudo MB365UV-MB780IR,GeoNF-84,ark~=21198=z14m9dms.json
7r KTK pseudo MB365UV-VIS,GeoNF-84,ark~=21198=z14m9dms.json
7r KTK pseudo WBUVO22-VIS,GeoNF-84,ark~=21198=z14m9dms.json
7r KTK pseudo WBUVUVb-MB780IR,GeoNF-84,ark~=21198=z14m9dms.json
7r KTK pseudo WBUVUVb-VIS,GeoNF-84,ark~=21198=z14m9dms.json
7r KTK pseudo WBUVUVP-VIS,GeoNF-84,ark~=21198=z14m9dms.json
7r KTK sharpie MB365UV-MB780IR,GeoNF-84,ark~=21198=z14m9dms.json
7r KTK sharpie MB365UV-VIS,GeoNF-84,ark~=21198=z14m9dms.json
7r KTK sharpie WBUVG58-MB780IR,GeoNF-84,ark~=21198=z14m9dms.json
7r KTK sharpie WBUVO22-MB780IR,GeoNF-84,ark~=21198=z14m9dms.json
7r KTK sharpie WBUVUVb-MB780IR,GeoNF-84,ark~=21198=z14m9dms.json
7v KTK pseudo MB365UV-MB780IR,GeoNF-84,ark~=21198=z14m9dms.json
7v KTK pseudo MB365UV-VIS,GeoNF-84,ark~=21198=z14m9dms.json
7v KTK pseudo WBUVO22-VIS,GeoNF-84,ark~=21198=z14m9dms.json
7v KTK pseudo WBUVUVb-MB780IR,GeoNF-84,ark~=21198=z14m9dms.json
7v KTK pseudo WBUVUVb-VIS,GeoNF-84,ark~=21198=z14m9dms.json
7v KTK sharpie MB365UV-MB780IR,GeoNF-84,ark~=21198=z14m9dms.json
7v KTK sharpie MB365UV-VIS,GeoNF-84,ark~=21198=z14m9dms.json
7v KTK sharpie WBUVG58-MB780IR,GeoNF-84,ark~=21198=z14m9dms.json
1r-2v KTK pseudo MB365UV-MB780IR,GeoNF_frg72a,ark~=21198=z15d97g5.json
1r-2v KTK pseudo MB365UV-VIS,GeoNF_frg72a,ark~=21198=z15d97g5.json
1r-2v KTK pseudo WBUVO22-VIS,GeoNF_frg72a,ark~=21198=z15d97g5.json
1r-2v KTK pseudo WBUVUVb-MB780IR,GeoNF_frg72a,ark~=21198=z15d97g5.json
1r-2v KTK pseudo WBUVUVb-VIS,GeoNF_frg72a,ark~=21198=z15d97g5.json
1r-2v KTK pseudo WBUVUVP-VIS,GeoNF_frg72a,ark~=21198=z15d97g5.json
1r-2v KTK sharpie avgUV-VIS,GeoNF_frg72a,ark~=21198=z15d97g5.json
1r-2v KTK sharpie MB365UV-MB780IR,GeoNF_frg72a,ark~=21198=z15d97g5.json
1r-2v KTK sharpie MB365UV-VIS,GeoNF_frg72a,ark~=21198=z15d97g5.json
1r-2v KTK sharpie WBUVB47-VIS,GeoNF_frg72a,ark~=21198=z15d97g5.json
1r-2v KTK sharpie WBUVG58-MB780IR,GeoNF_frg72a,ark~=21198=z15d97g5.json
1r-2v KTK sharpie WBUVG58-VIS,GeoNF_frg72a,ark~=21198=z15d97g5.json
1r-2v KTK sharpie WBUVO22-MB780IR,GeoNF_frg72a,ark~=21198=z15d97g5.json
1r-2v KTK sharpie WBUVUVb-MB780IR,GeoNF_frg72a,ark~=21198=z15d97g5.json
1r-2v KTK sharpie WBUVUVb-VIS,GeoNF_frg72a,ark~=21198=z15d97g5.json
1r-2v KTK sharpie WBUVUVP-VIS,GeoNF_frg72a,ark~=21198=z15d97g5.json
1v-2r KTK pseudo MB365UV-MB780IR,GeoNF_frg72a,ark~=21198=z15d97g5.json
1v-2r KTK pseudo MB365UV-VIS,GeoNF_frg72a,ark~=21198=z15d97g5.json
1v-2r KTK pseudo WBUVO22-VIS,GeoNF_frg72a,ark~=21198=z15d97g5.json
1v-2r KTK pseudo WBUVUVb-MB780IR,GeoNF_frg72a,ark~=21198=z15d97g5.json
1v-2r KTK pseudo WBUVUVb-VIS,GeoNF_frg72a,ark~=21198=z15d97g5.json
1v-2r KTK pseudo WBUVUVP-VIS,GeoNF_frg72a,ark~=21198=z15d97g5.json
1v-2r KTK sharpie avgUV-VIS,GeoNF_frg72a,ark~=21198=z15d97g5.json
1v-2r KTK sharpie MB365UV-MB780IR,GeoNF_frg72a,ark~=21198=z15d97g5.json
1v-2r KTK sharpie MB365UV-VIS,GeoNF_frg72a,ark~=21198=z15d97g5.json
1v-2r KTK sharpie WBUVB47-VIS,GeoNF_frg72a,ark~=21198=z15d97g5.json
1v-2r KTK sharpie WBUVG58-MB780IR,GeoNF_frg72a,ark~=21198=z15d97g5.json
1v-2r KTK sharpie WBUVG58-VIS,GeoNF_frg72a,ark~=21198=z15d97g5.json
1v-2r KTK sharpie WBUVO22-MB780IR,GeoNF_frg72a,ark~=21198=z15d97g5.json
1v-2r KTK sharpie WBUVO22-VIS,GeoNF_frg72a,ark~=21198=z15d97g5.json
1v-2r KTK sharpie WBUVUVb-MB780IR,GeoNF_frg72a,ark~=21198=z15d97g5.json
1v-2r KTK sharpie WBUVUVb-VIS,GeoNF_frg72a,ark~=21198=z15d97g5.json
1v-2r KTK sharpie WBUVUVP-VIS,GeoNF_frg72a,ark~=21198=z15d97g5.json
10r KTK pseudo WBUVO22-VIS,Grk-966,ark~=21198=z1cz3pr7.json
10r KTK pseudo WBUVUVb-VIS,Grk-966,ark~=21198=z1cz3pr7.json
10r KTK sharpie avgUV-VIS,Grk-966,ark~=21198=z1cz3pr7.json
10v KTK pseudo MB365UV-VIS,Grk-966,ark~=21198=z1cz3pr7.json
10v KTK pseudo WBUVUVP-VIS,Grk-966,ark~=21198=z1cz3pr7.json
10v KTK sharpie avgUV-VIS,Grk-966,ark~=21198=z1cz3pr7.json
10v KTK sharpie WBUVB47-VIS,Grk-966,ark~=21198=z1cz3pr7.json
11v KTK pseudo WBUVO22-VIS,Grk-966,ark~=21198=z1cz3pr7.json
12r KTK pseudo WBUVO22-VIS,Grk-966,ark~=21198=z1cz3pr7.json
12r KTK pseudo WBUVUVb-VIS,Grk-966,ark~=21198=z1cz3pr7.json
12r KTK sharpie avgUV-VIS,Grk-966,ark~=21198=z1cz3pr7.json
12r KTK sharpie WBUVG58-VIS,Grk-966,ark~=21198=z1cz3pr7.json
12r KTK sharpie WBUVO22-VIS,Grk-966,ark~=21198=z1cz3pr7.json
13r KTK pseudo MB365UV-VIS,Grk-966,ark~=21198=z1cz3pr7.json
13r KTK pseudo WBUVO22-VIS,Grk-966,ark~=21198=z1cz3pr7.json
13v KTK sharpie MB365UV-VIS,Grk-966,ark~=21198=z1cz3pr7.json
14r KTK sharpie WBUVB47-VIS,Grk-966,ark~=21198=z1cz3pr7.json
14r KTK sharpie WBUVG58-VIS,Grk-966,ark~=21198=z1cz3pr7.json
14v KTK sharpie avgUV-VIS,Grk-966,ark~=21198=z1cz3pr7.json
14v KTK sharpie WBUVG58-VIS,Grk-966,ark~=21198=z1cz3pr7.json
14v KTK sharpie WBUVO22-VIS,Grk-966,ark~=21198=z1cz3pr7.json
16r KTK pseudo WBUVO22-VIS,Grk-966,ark~=21198=z1cz3pr7.json
16r KTK pseudo WBUVUVb-VIS,Grk-966,ark~=21198=z1cz3pr7.json
16r KTK sharpie avgUV-VIS,Grk-966,ark~=21198=z1cz3pr7.json
16r KTK sharpie WBUVB47-VIS,Grk-966,ark~=21198=z1cz3pr7.json
16v KTK sharpie WBUVB47-VIS,Grk-966,ark~=21198=z1cz3pr7.json
16v KTK sharpie WBUVG58-VIS,Grk-966,ark~=21198=z1cz3pr7.json
16v KTK sharpie WBUVO22-VIS,Grk-966,ark~=21198=z1cz3pr7.json
16v KTK sharpie WBUVUVb-VIS,Grk-966,ark~=21198=z1cz3pr7.json
1r KTK pseudo MB365UV-VIS,Grk-966,ark~=21198=z1cz3pr7.json
1r KTK pseudo WBUVO22-VIS,Grk-966,ark~=21198=z1cz3pr7.json
1r KTK pseudo WBUVUVb-VIS,Grk-966,ark~=21198=z1cz3pr7.json
1r KTK pseudo WBUVUVP-VIS,Grk-966,ark~=21198=z1cz3pr7.json
1r KTK sharpie avgUV-VIS,Grk-966,ark~=21198=z1cz3pr7.json
1r KTK sharpie MB365UV-VIS,Grk-966,ark~=21198=z1cz3pr7.json
1r KTK sharpie WBUVB47-VIS,Grk-966,ark~=21198=z1cz3pr7.json
1r KTK sharpie WBUVG58-VIS,Grk-966,ark~=21198=z1cz3pr7.json
1r KTK sharpie WBUVO22-VIS,Grk-966,ark~=21198=z1cz3pr7.json
1r KTK sharpie WBUVUVb-VIS,Grk-966,ark~=21198=z1cz3pr7.json
1r KTK sharpie WBUVUVP-VIS,Grk-966,ark~=21198=z1cz3pr7.json
1v KTK pseudo MB365UV-VIS,Grk-966,ark~=21198=z1cz3pr7.json
1v KTK pseudo WBUVO22-VIS,Grk-966,ark~=21198=z1cz3pr7.json
1v KTK pseudo WBUVUVb-VIS,Grk-966,ark~=21198=z1cz3pr7.json
1v KTK pseudo WBUVUVP-VIS,Grk-966,ark~=21198=z1cz3pr7.json
1v KTK sharpie avgUV-VIS,Grk-966,ark~=21198=z1cz3pr7.json
1v KTK sharpie MB365UV-VIS,Grk-966,ark~=21198=z1cz3pr7.json
1v KTK sharpie WBUVB47-VIS,Grk-966,ark~=21198=z1cz3pr7.json
1v KTK sharpie WBUVG58-VIS,Grk-966,ark~=21198=z1cz3pr7.json
1v KTK sharpie WBUVO22-VIS,Grk-966,ark~=21198=z1cz3pr7.json
1v KTK sharpie WBUVUVb-VIS,Grk-966,ark~=21198=z1cz3pr7.json
1v KTK sharpie WBUVUVP-VIS,Grk-966,ark~=21198=z1cz3pr7.json
2r KTK pseudo MB365UV-VIS,Grk-966,ark~=21198=z1cz3pr7.json
2r KTK pseudo WBUVO22-VIS,Grk-966,ark~=21198=z1cz3pr7.json
2r KTK pseudo WBUVUVb-VIS,Grk-966,ark~=21198=z1cz3pr7.json
2r KTK pseudo WBUVUVP-VIS,Grk-966,ark~=21198=z1cz3pr7.json
2r KTK sharpie avgUV-VIS,Grk-966,ark~=21198=z1cz3pr7.json
2r KTK sharpie MB365UV-VIS,Grk-966,ark~=21198=z1cz3pr7.json
2r KTK sharpie WBUVB47-VIS,Grk-966,ark~=21198=z1cz3pr7.json
2r KTK sharpie WBUVG58-VIS,Grk-966,ark~=21198=z1cz3pr7.json
2r KTK sharpie WBUVO22-VIS,Grk-966,ark~=21198=z1cz3pr7.json
2r KTK sharpie WBUVUVb-VIS,Grk-966,ark~=21198=z1cz3pr7.json
2r KTK sharpie WBUVUVP-VIS,Grk-966,ark~=21198=z1cz3pr7.json
2v KTK pseudo MB365UV-VIS,Grk-966,ark~=21198=z1cz3pr7.json
2v KTK pseudo WBUVO22-VIS,Grk-966,ark~=21198=z1cz3pr7.json
2v KTK pseudo WBUVUVb-VIS,Grk-966,ark~=21198=z1cz3pr7.json
2v KTK pseudo WBUVUVP-VIS,Grk-966,ark~=21198=z1cz3pr7.json
2v KTK sharpie avgUV-VIS,Grk-966,ark~=21198=z1cz3pr7.json
2v KTK sharpie MB365UV-VIS,Grk-966,ark~=21198=z1cz3pr7.json
2v KTK sharpie WBUVB47-VIS,Grk-966,ark~=21198=z1cz3pr7.json
2v KTK sharpie WBUVG58-VIS,Grk-966,ark~=21198=z1cz3pr7.json
2v KTK sharpie WBUVO22-VIS,Grk-966,ark~=21198=z1cz3pr7.json
2v KTK sharpie WBUVUVb-VIS,Grk-966,ark~=21198=z1cz3pr7.json
2v KTK sharpie WBUVUVP-VIS,Grk-966,ark~=21198=z1cz3pr7.json
3r KTK pseudo MB365UV-VIS,Grk-966,ark~=21198=z1cz3pr7.json
3r KTK pseudo WBUVO22-VIS,Grk-966,ark~=21198=z1cz3pr7.json
3r KTK pseudo WBUVUVb-VIS,Grk-966,ark~=21198=z1cz3pr7.json
3r KTK sharpie WBUVB47-VIS,Grk-966,ark~=21198=z1cz3pr7.json
3r KTK sharpie WBUVG58-VIS,Grk-966,ark~=21198=z1cz3pr7.json
3r KTK sharpie WBUVUVb-VIS,Grk-966,ark~=21198=z1cz3pr7.json
3v KTK pseudo MB365UV-VIS,Grk-966,ark~=21198=z1cz3pr7.json
3v KTK pseudo WBUVO22-VIS,Grk-966,ark~=21198=z1cz3pr7.json
3v KTK pseudo WBUVUVb-VIS,Grk-966,ark~=21198=z1cz3pr7.json
3v KTK sharpie avgUV-VIS,Grk-966,ark~=21198=z1cz3pr7.json
3v KTK sharpie MB365UV-VIS,Grk-966,ark~=21198=z1cz3pr7.json
3v KTK sharpie WBUVB47-VIS,Grk-966,ark~=21198=z1cz3pr7.json
3v KTK sharpie WBUVG58-VIS,Grk-966,ark~=21198=z1cz3pr7.json
4r KTK pseudo MB365UV-VIS,Grk-966,ark~=21198=z1cz3pr7.json
4r KTK pseudo WBUVO22-VIS,Grk-966,ark~=21198=z1cz3pr7.json
4r KTK pseudo WBUVUVb-VIS,Grk-966,ark~=21198=z1cz3pr7.json
4r KTK sharpie WBUVUVP-VIS,Grk-966,ark~=21198=z1cz3pr7.json
4v KTK pseudo WBUVO22-VIS,Grk-966,ark~=21198=z1cz3pr7.json
4v KTK pseudo WBUVUVb-VIS,Grk-966,ark~=21198=z1cz3pr7.json
4v KTK sharpie WBUVB47-VIS,Grk-966,ark~=21198=z1cz3pr7.json
4v KTK sharpie WBUVG58-VIS,Grk-966,ark~=21198=z1cz3pr7.json
4v KTK sharpie WBUVO22-VIS,Grk-966,ark~=21198=z1cz3pr7.json
5r KTK pseudo WBUVO22-VIS,Grk-966,ark~=21198=z1cz3pr7.json
5r KTK pseudo WBUVUVb-VIS,Grk-966,ark~=21198=z1cz3pr7.json
5r KTK sharpie WBUVG58-VIS,Grk-966,ark~=21198=z1cz3pr7.json
5r KTK sharpie WBUVO22-VIS,Grk-966,ark~=21198=z1cz3pr7.json
5r KTK sharpie WBUVUVb-VIS,Grk-966,ark~=21198=z1cz3pr7.json
5v KTK pseudo WBUVO22-VIS,Grk-966,ark~=21198=z1cz3pr7.json
5v KTK pseudo WBUVUVb-VIS,Grk-966,ark~=21198=z1cz3pr7.json
5v KTK sharpie avgUV-VIS,Grk-966,ark~=21198=z1cz3pr7.json
5v KTK sharpie WBUVG58-VIS,Grk-966,ark~=21198=z1cz3pr7.json
5v KTK sharpie WBUVO22-VIS,Grk-966,ark~=21198=z1cz3pr7.json
5v KTK sharpie WBUVUVP-VIS,Grk-966,ark~=21198=z1cz3pr7.json
6r KTK sharpie WBUVUVb-VIS,Grk-966,ark~=21198=z1cz3pr7.json
6v KTK pseudo WBUVO22-VIS,Grk-966,ark~=21198=z1cz3pr7.json
6v KTK pseudo WBUVUVb-VIS,Grk-966,ark~=21198=z1cz3pr7.json
6v KTK sharpie avgUV-VIS,Grk-966,ark~=21198=z1cz3pr7.json
6v KTK sharpie WBUVB47-VIS,Grk-966,ark~=21198=z1cz3pr7.json
6v KTK sharpie WBUVG58-VIS,Grk-966,ark~=21198=z1cz3pr7.json
6v KTK sharpie WBUVO22-VIS,Grk-966,ark~=21198=z1cz3pr7.json
6v KTK sharpie WBUVUVb-VIS,Grk-966,ark~=21198=z1cz3pr7.json
7r KTK pseudo WBUVO22-VIS,Grk-966,ark~=21198=z1cz3pr7.json
7r KTK pseudo WBUVUVb-VIS,Grk-966,ark~=21198=z1cz3pr7.json
7r KTK sharpie avgUV-VIS,Grk-966,ark~=21198=z1cz3pr7.json
7r KTK sharpie WBUVB47-VIS,Grk-966,ark~=21198=z1cz3pr7.json
7v KTK pseudo WBUVO22-VIS,Grk-966,ark~=21198=z1cz3pr7.json
7v KTK pseudo WBUVUVb-VIS,Grk-966,ark~=21198=z1cz3pr7.json
7v KTK sharpie avgUV-VIS,Grk-966,ark~=21198=z1cz3pr7.json
7v KTK sharpie WBUVB47-VIS,Grk-966,ark~=21198=z1cz3pr7.json
7v KTK sharpie WBUVG58-VIS,Grk-966,ark~=21198=z1cz3pr7.json
7v KTK sharpie WBUVO22-VIS,Grk-966,ark~=21198=z1cz3pr7.json
7v KTK sharpie WBUVUVb-VIS,Grk-966,ark~=21198=z1cz3pr7.json
8v KTK pseudo WBUVO22-VIS,Grk-966,ark~=21198=z1cz3pr7.json
8v KTK pseudo WBUVUVb-VIS,Grk-966,ark~=21198=z1cz3pr7.json
8v KTK sharpie WBUVG58-VIS,Grk-966,ark~=21198=z1cz3pr7.json
8v KTK sharpie WBUVUVb-VIS,Grk-966,ark~=21198=z1cz3pr7.json
9r KTK pseudo WBUVO22-VIS,Grk-966,ark~=21198=z1cz3pr7.json
9r KTK pseudo WBUVUVb-VIS,Grk-966,ark~=21198=z1cz3pr7.json
9r KTK sharpie avgUV-VIS,Grk-966,ark~=21198=z1cz3pr7.json
9r KTK sharpie WBUVB47-VIS,Grk-966,ark~=21198=z1cz3pr7.json
9r KTK sharpie WBUVUVb-VIS,Grk-966,ark~=21198=z1cz3pr7.json
9v KTK pseudo MB365UV-VIS,Grk-966,ark~=21198=z1cz3pr7.json
9v KTK pseudo WBUVO22-VIS,Grk-966,ark~=21198=z1cz3pr7.json
9v KTK pseudo WBUVUVb-VIS,Grk-966,ark~=21198=z1cz3pr7.json
9v KTK sharpie avgUV-VIS,Grk-966,ark~=21198=z1cz3pr7.json
9v KTK sharpie MB365UV-VIS,Grk-966,ark~=21198=z1cz3pr7.json
9v KTK sharpie WBUVB47-VIS,Grk-966,ark~=21198=z1cz3pr7.json
9v KTK sharpie WBUVUVb-VIS,Grk-966,ark~=21198=z1cz3pr7.json
c-d-1r-c-d-4v KTK pseudo MB365UV-MB780IR,CPANF-frg12,ark~=21198=z1x356gz.json
c-d-1r-c-d-4v KTK pseudo MB365UV-VIS,CPANF-frg12,ark~=21198=z1x356gz.json
c-d-1r-c-d-4v KTK pseudo WBUVO22-VIS,CPANF-frg12,ark~=21198=z1x356gz.json
c-d-1r-c-d-4v KTK pseudo WBUVUVb-MB780IR,CPANF-frg12,ark~=21198=z1x356gz.json
c-d-1r-c-d-4v KTK pseudo WBUVUVb-VIS,CPANF-frg12,ark~=21198=z1x356gz.json
c-d-1r-c-d-4v KTK pseudo WBUVUVP-VIS,CPANF-frg12,ark~=21198=z1x356gz.json
c-d-1r-c-d-4v KTK sharpie avgUV-VIS,CPANF-frg12,ark~=21198=z1x356gz.json
c-d-1r-c-d-4v KTK sharpie MB365UV-MB780IR,CPANF-frg12,ark~=21198=z1x356gz.json
c-d-1r-c-d-4v KTK sharpie MB365UV-VIS,CPANF-frg12,ark~=21198=z1x356gz.json
c-d-1r-c-d-4v KTK sharpie WBUVB47-VIS,CPANF-frg12,ark~=21198=z1x356gz.json
c-d-1r-c-d-4v KTK sharpie WBUVG58-MB780IR,CPANF-frg12,ark~=21198=z1x356gz.json
c-d-1r-c-d-4v KTK sharpie WBUVG58-VIS,CPANF-frg12,ark~=21198=z1x356gz.json
c-d-1r-c-d-4v KTK sharpie WBUVO22-MB780IR,CPANF-frg12,ark~=21198=z1x356gz.json
c-d-1r-c-d-4v KTK sharpie WBUVO22-VIS,CPANF-frg12,ark~=21198=z1x356gz.json
c-d-1r-c-d-4v KTK sharpie WBUVUVb-MB780IR,CPANF-frg12,ark~=21198=z1x356gz.json
c-d-1r-c-d-4v KTK sharpie WBUVUVb-VIS,CPANF-frg12,ark~=21198=z1x356gz.json
c-d-1r-c-d-4v KTK sharpie WBUVUVP-VIS,CPANF-frg12,ark~=21198=z1x356gz.json
c-d-1v-c-d-4r KTK pseudo MB365UV-MB780IR,CPANF-frg12,ark~=21198=z1x356gz.json
c-d-1v-c-d-4r KTK pseudo MB365UV-VIS,CPANF-frg12,ark~=21198=z1x356gz.json
c-d-1v-c-d-4r KTK pseudo WBUVO22-VIS,CPANF-frg12,ark~=21198=z1x356gz.json
c-d-1v-c-d-4r KTK pseudo WBUVUVb-MB780IR,CPANF-frg12,ark~=21198=z1x356gz.json
c-d-1v-c-d-4r KTK pseudo WBUVUVb-VIS,CPANF-frg12,ark~=21198=z1x356gz.json
c-d-1v-c-d-4r KTK pseudo WBUVUVP-VIS,CPANF-frg12,ark~=21198=z1x356gz.json
c-d-1v-c-d-4r KTK sharpie avgUV-VIS,CPANF-frg12,ark~=21198=z1x356gz.json
c-d-1v-c-d-4r KTK sharpie MB365UV-MB780IR,CPANF-frg12,ark~=21198=z1x356gz.json
c-d-1v-c-d-4r KTK sharpie MB365UV-VIS,CPANF-frg12,ark~=21198=z1x356gz.json
c-d-1v-c-d-4r KTK sharpie WBUVB47-VIS,CPANF-frg12,ark~=21198=z1x356gz.json
c-d-1v-c-d-4r KTK sharpie WBUVG58-MB780IR,CPANF-frg12,ark~=21198=z1x356gz.json
c-d-1v-c-d-4r KTK sharpie WBUVG58-VIS,CPANF-frg12,ark~=21198=z1x356gz.json
c-d-1v-c-d-4r KTK sharpie WBUVO22-MB780IR,CPANF-frg12,ark~=21198=z1x356gz.json
c-d-1v-c-d-4r KTK sharpie WBUVO22-VIS,CPANF-frg12,ark~=21198=z1x356gz.json
c-d-1v-c-d-4r KTK sharpie WBUVUVb-MB780IR,CPANF-frg12,ark~=21198=z1x356gz.json
c-d-1v-c-d-4r KTK sharpie WBUVUVb-VIS,CPANF-frg12,ark~=21198=z1x356gz.json
c-d-1v-c-d-4r KTK sharpie WBUVUVP-VIS,CPANF-frg12,ark~=21198=z1x356gz.json
c-d-2r-c-d-3v KTK pseudo MB365UV-MB780IR,CPANF-frg12,ark~=21198=z1x356gz.json
c-d-2r-c-d-3v KTK pseudo MB365UV-VIS,CPANF-frg12,ark~=21198=z1x356gz.json
c-d-2r-c-d-3v KTK pseudo WBUVO22-VIS,CPANF-frg12,ark~=21198=z1x356gz.json
c-d-2r-c-d-3v KTK pseudo WBUVUVb-MB780IR,CPANF-frg12,ark~=21198=z1x356gz.json
c-d-2r-c-d-3v KTK pseudo WBUVUVb-VIS,CPANF-frg12,ark~=21198=z1x356gz.json
c-d-2r-c-d-3v KTK sharpie avgUV-VIS,CPANF-frg12,ark~=21198=z1x356gz.json
c-d-2r-c-d-3v KTK sharpie WBUVB47-VIS,CPANF-frg12,ark~=21198=z1x356gz.json
c-d-2r-c-d-3v KTK sharpie WBUVG58-MB780IR,CPANF-frg12,ark~=21198=z1x356gz.json
c-d-2r-c-d-3v KTK sharpie WBUVG58-VIS,CPANF-frg12,ark~=21198=z1x356gz.json
c-d-2r-c-d-3v KTK sharpie WBUVO22-MB780IR,CPANF-frg12,ark~=21198=z1x356gz.json
c-d-2r-c-d-3v KTK sharpie WBUVUVb-MB780IR,CPANF-frg12,ark~=21198=z1x356gz.json
c-d-2r-c-d-3v KTK sharpie WBUVUVb-VIS,CPANF-frg12,ark~=21198=z1x356gz.json
c-d-2v-c-d-3r KTK pseudo MB365UV-MB780IR,CPANF-frg12,ark~=21198=z1x356gz.json
c-d-2v-c-d-3r KTK pseudo MB365UV-VIS,CPANF-frg12,ark~=21198=z1x356gz.json
c-d-2v-c-d-3r KTK pseudo WBUVO22-VIS,CPANF-frg12,ark~=21198=z1x356gz.json
c-d-2v-c-d-3r KTK pseudo WBUVUVb-MB780IR,CPANF-frg12,ark~=21198=z1x356gz.json
c-d-2v-c-d-3r KTK pseudo WBUVUVb-VIS,CPANF-frg12,ark~=21198=z1x356gz.json
c-d-2v-c-d-3r KTK pseudo WBUVUVP-VIS,CPANF-frg12,ark~=21198=z1x356gz.json
c-d-2v-c-d-3r KTK sharpie WBUVB47-VIS,CPANF-frg12,ark~=21198=z1x356gz.json
c-d-2v-c-d-3r KTK sharpie WBUVG58-MB780IR,CPANF-frg12,ark~=21198=z1x356gz.json
c-d-2v-c-d-3r KTK sharpie WBUVG58-VIS,CPANF-frg12,ark~=21198=z1x356gz.json
c-d-2v-c-d-3r KTK sharpie WBUVUVb-VIS,CPANF-frg12,ark~=21198=z1x356gz.json
g-1r-g-2v KTK pseudo WBUVO22-VIS,CPANF-frg12,ark~=21198=z1x356gz.json
g-1r-g-2v KTK pseudo WBUVUVb-MB780IR,CPANF-frg12,ark~=21198=z1x356gz.json
g-1r-g-2v KTK pseudo WBUVUVb-VIS,CPANF-frg12,ark~=21198=z1x356gz.json
g-1r-g-2v KTK sharpie WBUVG58-MB780IR,CPANF-frg12,ark~=21198=z1x356gz.json
g-1r-g-2v KTK sharpie WBUVG58-VIS,CPANF-frg12,ark~=21198=z1x356gz.json
g-1r-g-2v KTK sharpie WBUVO22-MB780IR,CPANF-frg12,ark~=21198=z1x356gz.json
g-1r-g-2v KTK sharpie WBUVO22-VIS,CPANF-frg12,ark~=21198=z1x356gz.json
g-1r-g-2v KTK sharpie WBUVUVb-MB780IR,CPANF-frg12,ark~=21198=z1x356gz.json
g-1r-g-2v KTK sharpie WBUVUVb-VIS,CPANF-frg12,ark~=21198=z1x356gz.json
g-1v-g-2r KTK pseudo MB365UV-MB780IR,CPANF-frg12,ark~=21198=z1x356gz.json
g-1v-g-2r KTK pseudo MB365UV-VIS,CPANF-frg12,ark~=21198=z1x356gz.json
g-1v-g-2r KTK pseudo WBUVO22-VIS,CPANF-frg12,ark~=21198=z1x356gz.json
g-1v-g-2r KTK pseudo WBUVUVb-MB780IR,CPANF-frg12,ark~=21198=z1x356gz.json
g-1v-g-2r KTK pseudo WBUVUVb-VIS,CPANF-frg12,ark~=21198=z1x356gz.json
g-1v-g-2r KTK sharpie avgUV-VIS,CPANF-frg12,ark~=21198=z1x356gz.json
g-1v-g-2r KTK sharpie MB365UV-MB780IR,CPANF-frg12,ark~=21198=z1x356gz.json
g-1v-g-2r KTK sharpie WBUVG58-MB780IR,CPANF-frg12,ark~=21198=z1x356gz.json
g-1v-g-2r KTK sharpie WBUVG58-VIS,CPANF-frg12,ark~=21198=z1x356gz.json
g-1v-g-2r KTK sharpie WBUVO22-MB780IR,CPANF-frg12,ark~=21198=z1x356gz.json
g-1v-g-2r KTK sharpie WBUVUVb-MB780IR,CPANF-frg12,ark~=21198=z1x356gz.json
g-1v-g-2r KTK sharpie WBUVUVb-VIS,CPANF-frg12,ark~=21198=z1x356gz.json
100r KTK pseudo MB365UV-MB780IR,SyrNF-11,ark~=21198=r1vd6wc9.json
100r KTK pseudo MB365UV-VIS,SyrNF-11,ark~=21198=r1vd6wc9.json
100r KTK pseudo WBUVO22-VIS,SyrNF-11,ark~=21198=r1vd6wc9.json
100r KTK pseudo WBUVUVb-MB780IR,SyrNF-11,ark~=21198=r1vd6wc9.json
100r KTK pseudo WBUVUVb-VIS,SyrNF-11,ark~=21198=r1vd6wc9.json
100r KTK pseudo WBUVUVP-VIS,SyrNF-11,ark~=21198=r1vd6wc9.json
100r KTK sharpie avgUV-VIS,SyrNF-11,ark~=21198=r1vd6wc9.json
100r KTK sharpie MB365UV-MB780IR,SyrNF-11,ark~=21198=r1vd6wc9.json
100r KTK sharpie WBUVB47-VIS,SyrNF-11,ark~=21198=r1vd6wc9.json
100r KTK sharpie WBUVG58-MB780IR,SyrNF-11,ark~=21198=r1vd6wc9.json
100r KTK sharpie WBUVG58-VIS,SyrNF-11,ark~=21198=r1vd6wc9.json
100r KTK sharpie WBUVO22-MB780IR,SyrNF-11,ark~=21198=r1vd6wc9.json
100r KTK sharpie WBUVO22-VIS,SyrNF-11,ark~=21198=r1vd6wc9.json
100r KTK sharpie WBUVUVb-MB780IR,SyrNF-11,ark~=21198=r1vd6wc9.json
100r KTK sharpie WBUVUVb-VIS,SyrNF-11,ark~=21198=r1vd6wc9.json
100v KTK pseudo MB365UV-MB780IR,SyrNF-11,ark~=21198=r1vd6wc9.json
100v KTK pseudo MB365UV-VIS,SyrNF-11,ark~=21198=r1vd6wc9.json
100v KTK pseudo WBUVO22-VIS,SyrNF-11,ark~=21198=r1vd6wc9.json
100v KTK pseudo WBUVUVb-MB780IR,SyrNF-11,ark~=21198=r1vd6wc9.json
100v KTK pseudo WBUVUVb-VIS,SyrNF-11,ark~=21198=r1vd6wc9.json
100v KTK pseudo WBUVUVP-VIS,SyrNF-11,ark~=21198=r1vd6wc9.json
100v KTK sharpie MB365UV-MB780IR,SyrNF-11,ark~=21198=r1vd6wc9.json
100v KTK sharpie WBUVB47-VIS,SyrNF-11,ark~=21198=r1vd6wc9.json
100v KTK sharpie WBUVG58-MB780IR,SyrNF-11,ark~=21198=r1vd6wc9.json
100v KTK sharpie WBUVG58-VIS,SyrNF-11,ark~=21198=r1vd6wc9.json
100v KTK sharpie WBUVO22-MB780IR,SyrNF-11,ark~=21198=r1vd6wc9.json
100v KTK sharpie WBUVO22-VIS,SyrNF-11,ark~=21198=r1vd6wc9.json
100v KTK sharpie WBUVUVb-MB780IR,SyrNF-11,ark~=21198=r1vd6wc9.json
100v KTK sharpie WBUVUVb-VIS,SyrNF-11,ark~=21198=r1vd6wc9.json
101r KTK pseudo MB365UV-MB780IR,SyrNF-11,ark~=21198=r1vd6wc9.json
101r KTK pseudo MB365UV-VIS,SyrNF-11,ark~=21198=r1vd6wc9.json
101r KTK pseudo WBUVO22-VIS,SyrNF-11,ark~=21198=r1vd6wc9.json
101r KTK pseudo WBUVUVb-MB780IR,SyrNF-11,ark~=21198=r1vd6wc9.json
101r KTK pseudo WBUVUVb-VIS,SyrNF-11,ark~=21198=r1vd6wc9.json
101r KTK sharpie MB365UV-MB780IR,SyrNF-11,ark~=21198=r1vd6wc9.json
101r KTK sharpie WBUVB47-VIS,SyrNF-11,ark~=21198=r1vd6wc9.json
101r KTK sharpie WBUVG58-MB780IR,SyrNF-11,ark~=21198=r1vd6wc9.json
101r KTK sharpie WBUVG58-VIS,SyrNF-11,ark~=21198=r1vd6wc9.json
101r KTK sharpie WBUVO22-MB780IR,SyrNF-11,ark~=21198=r1vd6wc9.json
101r KTK sharpie WBUVUVb-MB780IR,SyrNF-11,ark~=21198=r1vd6wc9.json
101r KTK sharpie WBUVUVb-VIS,SyrNF-11,ark~=21198=r1vd6wc9.json
101v KTK pseudo MB365UV-MB780IR,SyrNF-11,ark~=21198=r1vd6wc9.json
101v KTK pseudo MB365UV-VIS,SyrNF-11,ark~=21198=r1vd6wc9.json
101v KTK pseudo WBUVO22-VIS,SyrNF-11,ark~=21198=r1vd6wc9.json
101v KTK pseudo WBUVUVb-MB780IR,SyrNF-11,ark~=21198=r1vd6wc9.json
101v KTK pseudo WBUVUVb-VIS,SyrNF-11,ark~=21198=r1vd6wc9.json
101v KTK pseudo WBUVUVP-VIS,SyrNF-11,ark~=21198=r1vd6wc9.json
101v KTK sharpie MB365UV-MB780IR,SyrNF-11,ark~=21198=r1vd6wc9.json
101v KTK sharpie WBUVB47-VIS,SyrNF-11,ark~=21198=r1vd6wc9.json
101v KTK sharpie WBUVG58-MB780IR,SyrNF-11,ark~=21198=r1vd6wc9.json
101v KTK sharpie WBUVO22-MB780IR,SyrNF-11,ark~=21198=r1vd6wc9.json
101v KTK sharpie WBUVO22-VIS,SyrNF-11,ark~=21198=r1vd6wc9.json
101v KTK sharpie WBUVUVb-MB780IR,SyrNF-11,ark~=21198=r1vd6wc9.json
102r KTK pseudo MB365UV-MB780IR,SyrNF-11,ark~=21198=r1vd6wc9.json
102r KTK pseudo MB365UV-VIS,SyrNF-11,ark~=21198=r1vd6wc9.json
102r KTK pseudo WBUVUVb-MB780IR,SyrNF-11,ark~=21198=r1vd6wc9.json
102r KTK pseudo WBUVUVb-VIS,SyrNF-11,ark~=21198=r1vd6wc9.json
102r KTK pseudo WBUVUVP-VIS,SyrNF-11,ark~=21198=r1vd6wc9.json
102r KTK sharpie avgUV-VIS,SyrNF-11,ark~=21198=r1vd6wc9.json
102r KTK sharpie MB365UV-MB780IR,SyrNF-11,ark~=21198=r1vd6wc9.json
102r KTK sharpie MB365UV-VIS,SyrNF-11,ark~=21198=r1vd6wc9.json
102r KTK sharpie WBUVG58-MB780IR,SyrNF-11,ark~=21198=r1vd6wc9.json
102r KTK sharpie WBUVO22-MB780IR,SyrNF-11,ark~=21198=r1vd6wc9.json
102r KTK sharpie WBUVUVb-MB780IR,SyrNF-11,ark~=21198=r1vd6wc9.json
102v KTK pseudo MB365UV-MB780IR,SyrNF-11,ark~=21198=r1vd6wc9.json
102v KTK pseudo MB365UV-VIS,SyrNF-11,ark~=21198=r1vd6wc9.json
102v KTK pseudo WBUVO22-VIS,SyrNF-11,ark~=21198=r1vd6wc9.json
102v KTK pseudo WBUVUVb-MB780IR,SyrNF-11,ark~=21198=r1vd6wc9.json
102v KTK pseudo WBUVUVb-VIS,SyrNF-11,ark~=21198=r1vd6wc9.json
102v KTK pseudo WBUVUVP-VIS,SyrNF-11,ark~=21198=r1vd6wc9.json
102v KTK sharpie MB365UV-MB780IR,SyrNF-11,ark~=21198=r1vd6wc9.json
102v KTK sharpie WBUVB47-VIS,SyrNF-11,ark~=21198=r1vd6wc9.json
102v KTK sharpie WBUVG58-MB780IR,SyrNF-11,ark~=21198=r1vd6wc9.json
102v KTK sharpie WBUVG58-VIS,SyrNF-11,ark~=21198=r1vd6wc9.json
102v KTK sharpie WBUVO22-MB780IR,SyrNF-11,ark~=21198=r1vd6wc9.json
102v KTK sharpie WBUVUVb-MB780IR,SyrNF-11,ark~=21198=r1vd6wc9.json
102v KTK sharpie WBUVUVb-VIS,SyrNF-11,ark~=21198=r1vd6wc9.json
103r KTK pseudo MB365UV-MB780IR,SyrNF-11,ark~=21198=r1vd6wc9.json
103r KTK pseudo MB365UV-VIS,SyrNF-11,ark~=21198=r1vd6wc9.json
103r KTK pseudo WBUVO22-VIS,SyrNF-11,ark~=21198=r1vd6wc9.json
103r KTK pseudo WBUVUVb-MB780IR,SyrNF-11,ark~=21198=r1vd6wc9.json
103r KTK pseudo WBUVUVb-VIS,SyrNF-11,ark~=21198=r1vd6wc9.json
103r KTK pseudo WBUVUVP-VIS,SyrNF-11,ark~=21198=r1vd6wc9.json
103r KTK sharpie MB365UV-MB780IR,SyrNF-11,ark~=21198=r1vd6wc9.json
103r KTK sharpie WBUVB47-VIS,SyrNF-11,ark~=21198=r1vd6wc9.json
103r KTK sharpie WBUVG58-MB780IR,SyrNF-11,ark~=21198=r1vd6wc9.json
103r KTK sharpie WBUVG58-VIS,SyrNF-11,ark~=21198=r1vd6wc9.json
103r KTK sharpie WBUVO22-MB780IR,SyrNF-11,ark~=21198=r1vd6wc9.json
103r KTK sharpie WBUVO22-VIS,SyrNF-11,ark~=21198=r1vd6wc9.json
103r KTK sharpie WBUVUVb-MB780IR,SyrNF-11,ark~=21198=r1vd6wc9.json
103r KTK sharpie WBUVUVb-VIS,SyrNF-11,ark~=21198=r1vd6wc9.json
103v KTK pseudo MB365UV-MB780IR,SyrNF-11,ark~=21198=r1vd6wc9.json
103v KTK pseudo WBUVUVb-MB780IR,SyrNF-11,ark~=21198=r1vd6wc9.json
103v KTK pseudo WBUVUVb-VIS,SyrNF-11,ark~=21198=r1vd6wc9.json
103v KTK sharpie MB365UV-MB780IR,SyrNF-11,ark~=21198=r1vd6wc9.json
103v KTK sharpie WBUVB47-VIS,SyrNF-11,ark~=21198=r1vd6wc9.json
103v KTK sharpie WBUVG58-MB780IR,SyrNF-11,ark~=21198=r1vd6wc9.json
103v KTK sharpie WBUVO22-MB780IR,SyrNF-11,ark~=21198=r1vd6wc9.json
103v KTK sharpie WBUVO22-VIS,SyrNF-11,ark~=21198=r1vd6wc9.json
103v KTK sharpie WBUVUVb-MB780IR,SyrNF-11,ark~=21198=r1vd6wc9.json
104r KTK pseudo MB365UV-MB780IR,SyrNF-11,ark~=21198=r1vd6wc9.json
104r KTK pseudo MB365UV-VIS,SyrNF-11,ark~=21198=r1vd6wc9.json
104r KTK pseudo WBUVO22-VIS,SyrNF-11,ark~=21198=r1vd6wc9.json
104r KTK pseudo WBUVUVb-MB780IR,SyrNF-11,ark~=21198=r1vd6wc9.json
104r KTK pseudo WBUVUVb-VIS,SyrNF-11,ark~=21198=r1vd6wc9.json
104r KTK pseudo WBUVUVP-VIS,SyrNF-11,ark~=21198=r1vd6wc9.json
104r KTK sharpie avgUV-VIS,SyrNF-11,ark~=21198=r1vd6wc9.json
104r KTK sharpie MB365UV-MB780IR,SyrNF-11,ark~=21198=r1vd6wc9.json
104r KTK sharpie MB365UV-VIS,SyrNF-11,ark~=21198=r1vd6wc9.json
104r KTK sharpie WBUVB47-VIS,SyrNF-11,ark~=21198=r1vd6wc9.json
104r KTK sharpie WBUVG58-MB780IR,SyrNF-11,ark~=21198=r1vd6wc9.json
104r KTK sharpie WBUVO22-MB780IR,SyrNF-11,ark~=21198=r1vd6wc9.json
104v KTK pseudo MB365UV-MB780IR,SyrNF-11,ark~=21198=r1vd6wc9.json
104v KTK pseudo MB365UV-VIS,SyrNF-11,ark~=21198=r1vd6wc9.json
104v KTK pseudo WBUVO22-VIS,SyrNF-11,ark~=21198=r1vd6wc9.json
104v KTK pseudo WBUVUVb-MB780IR,SyrNF-11,ark~=21198=r1vd6wc9.json
104v KTK pseudo WBUVUVb-VIS,SyrNF-11,ark~=21198=r1vd6wc9.json
104v KTK pseudo WBUVUVP-VIS,SyrNF-11,ark~=21198=r1vd6wc9.json
104v KTK sharpie MB365UV-MB780IR,SyrNF-11,ark~=21198=r1vd6wc9.json
104v KTK sharpie WBUVB47-VIS,SyrNF-11,ark~=21198=r1vd6wc9.json
104v KTK sharpie WBUVG58-MB780IR,SyrNF-11,ark~=21198=r1vd6wc9.json
104v KTK sharpie WBUVG58-VIS,SyrNF-11,ark~=21198=r1vd6wc9.json
104v KTK sharpie WBUVO22-MB780IR,SyrNF-11,ark~=21198=r1vd6wc9.json
104v KTK sharpie WBUVUVb-MB780IR,SyrNF-11,ark~=21198=r1vd6wc9.json
105r KTK pseudo MB365UV-MB780IR,SyrNF-11,ark~=21198=r1vd6wc9.json
105r KTK pseudo MB365UV-VIS,SyrNF-11,ark~=21198=r1vd6wc9.json
105r KTK pseudo WBUVUVb-MB780IR,SyrNF-11,ark~=21198=r1vd6wc9.json
105r KTK pseudo WBUVUVb-VIS,SyrNF-11,ark~=21198=r1vd6wc9.json
105r KTK pseudo WBUVUVP-VIS,SyrNF-11,ark~=21198=r1vd6wc9.json
105r KTK sharpie WBUVG58-MB780IR,SyrNF-11,ark~=21198=r1vd6wc9.json
105r KTK sharpie WBUVO22-MB780IR,SyrNF-11,ark~=21198=r1vd6wc9.json
105v KTK pseudo MB365UV-MB780IR,SyrNF-11,ark~=21198=r1vd6wc9.json
105v KTK pseudo MB365UV-VIS,SyrNF-11,ark~=21198=r1vd6wc9.json
105v KTK pseudo WBUVO22-VIS,SyrNF-11,ark~=21198=r1vd6wc9.json
105v KTK pseudo WBUVUVb-MB780IR,SyrNF-11,ark~=21198=r1vd6wc9.json
105v KTK pseudo WBUVUVb-VIS,SyrNF-11,ark~=21198=r1vd6wc9.json
105v KTK sharpie WBUVG58-MB780IR,SyrNF-11,ark~=21198=r1vd6wc9.json
105v KTK sharpie WBUVO22-MB780IR,SyrNF-11,ark~=21198=r1vd6wc9.json
105v KTK sharpie WBUVUVb-MB780IR,SyrNF-11,ark~=21198=r1vd6wc9.json
106r KTK pseudo MB365UV-MB780IR,SyrNF-11,ark~=21198=r1vd6wc9.json
106r KTK pseudo MB365UV-VIS,SyrNF-11,ark~=21198=r1vd6wc9.json
106r KTK pseudo WBUVO22-VIS,SyrNF-11,ark~=21198=r1vd6wc9.json
106r KTK pseudo WBUVUVb-MB780IR,SyrNF-11,ark~=21198=r1vd6wc9.json
106r KTK pseudo WBUVUVb-VIS,SyrNF-11,ark~=21198=r1vd6wc9.json
106r KTK pseudo WBUVUVP-VIS,SyrNF-11,ark~=21198=r1vd6wc9.json
106r KTK sharpie WBUVG58-MB780IR,SyrNF-11,ark~=21198=r1vd6wc9.json
106r KTK sharpie WBUVO22-MB780IR,SyrNF-11,ark~=21198=r1vd6wc9.json
106r KTK sharpie WBUVUVb-VIS,SyrNF-11,ark~=21198=r1vd6wc9.json
106v KTK pseudo MB365UV-MB780IR,SyrNF-11,ark~=21198=r1vd6wc9.json
106v KTK pseudo MB365UV-VIS,SyrNF-11,ark~=21198=r1vd6wc9.json
106v KTK pseudo WBUVO22-VIS,SyrNF-11,ark~=21198=r1vd6wc9.json
106v KTK pseudo WBUVUVb-MB780IR,SyrNF-11,ark~=21198=r1vd6wc9.json
106v KTK pseudo WBUVUVb-VIS,SyrNF-11,ark~=21198=r1vd6wc9.json
106v KTK sharpie WBUVG58-MB780IR,SyrNF-11,ark~=21198=r1vd6wc9.json
106v KTK sharpie WBUVO22-MB780IR,SyrNF-11,ark~=21198=r1vd6wc9.json
106v KTK sharpie WBUVUVb-MB780IR,SyrNF-11,ark~=21198=r1vd6wc9.json
107r KTK pseudo MB365UV-MB780IR,SyrNF-11,ark~=21198=r1vd6wc9.json
107r KTK pseudo MB365UV-VIS,SyrNF-11,ark~=21198=r1vd6wc9.json
107r KTK pseudo WBUVO22-VIS,SyrNF-11,ark~=21198=r1vd6wc9.json
107r KTK pseudo WBUVUVb-MB780IR,SyrNF-11,ark~=21198=r1vd6wc9.json
107r KTK pseudo WBUVUVb-VIS,SyrNF-11,ark~=21198=r1vd6wc9.json
107r KTK sharpie WBUVB47-VIS,SyrNF-11,ark~=21198=r1vd6wc9.json
107r KTK sharpie WBUVG58-MB780IR,SyrNF-11,ark~=21198=r1vd6wc9.json
107r KTK sharpie WBUVG58-VIS,SyrNF-11,ark~=21198=r1vd6wc9.json
107r KTK sharpie WBUVO22-MB780IR,SyrNF-11,ark~=21198=r1vd6wc9.json
107r KTK sharpie WBUVUVb-MB780IR,SyrNF-11,ark~=21198=r1vd6wc9.json
107r KTK sharpie WBUVUVb-VIS,SyrNF-11,ark~=21198=r1vd6wc9.json
107v KTK pseudo MB365UV-MB780IR,SyrNF-11,ark~=21198=r1vd6wc9.json
107v KTK pseudo MB365UV-VIS,SyrNF-11,ark~=21198=r1vd6wc9.json
107v KTK pseudo WBUVO22-VIS,SyrNF-11,ark~=21198=r1vd6wc9.json
107v KTK pseudo WBUVUVb-MB780IR,SyrNF-11,ark~=21198=r1vd6wc9.json
107v KTK pseudo WBUVUVb-VIS,SyrNF-11,ark~=21198=r1vd6wc9.json
107v KTK pseudo WBUVUVP-VIS,SyrNF-11,ark~=21198=r1vd6wc9.json
107v KTK sharpie MB365UV-MB780IR,SyrNF-11,ark~=21198=r1vd6wc9.json
107v KTK sharpie WBUVB47-VIS,SyrNF-11,ark~=21198=r1vd6wc9.json
107v KTK sharpie WBUVG58-MB780IR,SyrNF-11,ark~=21198=r1vd6wc9.json
107v KTK sharpie WBUVO22-MB780IR,SyrNF-11,ark~=21198=r1vd6wc9.json
107v KTK sharpie WBUVUVb-MB780IR,SyrNF-11,ark~=21198=r1vd6wc9.json
108r KTK pseudo MB365UV-MB780IR,SyrNF-11,ark~=21198=r1vd6wc9.json
108r KTK pseudo MB365UV-VIS,SyrNF-11,ark~=21198=r1vd6wc9.json
108r KTK pseudo WBUVO22-VIS,SyrNF-11,ark~=21198=r1vd6wc9.json
108r KTK pseudo WBUVUVb-MB780IR,SyrNF-11,ark~=21198=r1vd6wc9.json
108r KTK pseudo WBUVUVb-VIS,SyrNF-11,ark~=21198=r1vd6wc9.json
108r KTK sharpie MB365UV-MB780IR,SyrNF-11,ark~=21198=r1vd6wc9.json
108r KTK sharpie WBUVG58-MB780IR,SyrNF-11,ark~=21198=r1vd6wc9.json
108r KTK sharpie WBUVO22-MB780IR,SyrNF-11,ark~=21198=r1vd6wc9.json
108r KTK sharpie WBUVUVb-MB780IR,SyrNF-11,ark~=21198=r1vd6wc9.json
108r KTK sharpie WBUVUVb-VIS,SyrNF-11,ark~=21198=r1vd6wc9.json
108v KTK pseudo MB365UV-MB780IR,SyrNF-11,ark~=21198=r1vd6wc9.json
108v KTK pseudo MB365UV-VIS,SyrNF-11,ark~=21198=r1vd6wc9.json
108v KTK pseudo WBUVO22-VIS,SyrNF-11,ark~=21198=r1vd6wc9.json
108v KTK pseudo WBUVUVb-MB780IR,SyrNF-11,ark~=21198=r1vd6wc9.json
108v KTK pseudo WBUVUVb-VIS,SyrNF-11,ark~=21198=r1vd6wc9.json
108v KTK sharpie WBUVG58-MB780IR,SyrNF-11,ark~=21198=r1vd6wc9.json
108v KTK sharpie WBUVO22-MB780IR,SyrNF-11,ark~=21198=r1vd6wc9.json
108v KTK sharpie WBUVUVb-MB780IR,SyrNF-11,ark~=21198=r1vd6wc9.json
109r KTK pseudo MB365UV-MB780IR,SyrNF-11,ark~=21198=r1vd6wc9.json
109r KTK pseudo WBUVO22-VIS,SyrNF-11,ark~=21198=r1vd6wc9.json
109r KTK pseudo WBUVUVb-MB780IR,SyrNF-11,ark~=21198=r1vd6wc9.json
109r KTK pseudo WBUVUVb-VIS,SyrNF-11,ark~=21198=r1vd6wc9.json
109r KTK sharpie MB365UV-MB780IR,SyrNF-11,ark~=21198=r1vd6wc9.json
109r KTK sharpie WBUVG58-MB780IR,SyrNF-11,ark~=21198=r1vd6wc9.json
109r KTK sharpie WBUVO22-MB780IR,SyrNF-11,ark~=21198=r1vd6wc9.json
109r KTK sharpie WBUVUVb-MB780IR,SyrNF-11,ark~=21198=r1vd6wc9.json
109v KTK pseudo MB365UV-MB780IR,SyrNF-11,ark~=21198=r1vd6wc9.json
109v KTK pseudo MB365UV-VIS,SyrNF-11,ark~=21198=r1vd6wc9.json
109v KTK pseudo WBUVO22-VIS,SyrNF-11,ark~=21198=r1vd6wc9.json
109v KTK pseudo WBUVUVb-MB780IR,SyrNF-11,ark~=21198=r1vd6wc9.json
109v KTK pseudo WBUVUVb-VIS,SyrNF-11,ark~=21198=r1vd6wc9.json
109v KTK pseudo WBUVUVP-VIS,SyrNF-11,ark~=21198=r1vd6wc9.json
109v KTK sharpie avgUV-VIS,SyrNF-11,ark~=21198=r1vd6wc9.json
109v KTK sharpie MB365UV-MB780IR,SyrNF-11,ark~=21198=r1vd6wc9.json
109v KTK sharpie MB365UV-VIS,SyrNF-11,ark~=21198=r1vd6wc9.json
109v KTK sharpie WBUVB47-VIS,SyrNF-11,ark~=21198=r1vd6wc9.json
109v KTK sharpie WBUVG58-MB780IR,SyrNF-11,ark~=21198=r1vd6wc9.json
109v KTK sharpie WBUVG58-VIS,SyrNF-11,ark~=21198=r1vd6wc9.json
109v KTK sharpie WBUVO22-MB780IR,SyrNF-11,ark~=21198=r1vd6wc9.json
109v KTK sharpie WBUVO22-VIS,SyrNF-11,ark~=21198=r1vd6wc9.json
109v KTK sharpie WBUVUVb-MB780IR,SyrNF-11,ark~=21198=r1vd6wc9.json
109v KTK sharpie WBUVUVb-VIS,SyrNF-11,ark~=21198=r1vd6wc9.json
109v KTK sharpie WBUVUVP-VIS,SyrNF-11,ark~=21198=r1vd6wc9.json
112r KTK pseudo MB365UV-MB780IR,SyrNF-11,ark~=21198=r1vd6wc9.json
112r KTK pseudo MB365UV-VIS,SyrNF-11,ark~=21198=r1vd6wc9.json
112r KTK pseudo WBUVO22-VIS,SyrNF-11,ark~=21198=r1vd6wc9.json
112r KTK pseudo WBUVUVb-MB780IR,SyrNF-11,ark~=21198=r1vd6wc9.json
112r KTK pseudo WBUVUVb-VIS,SyrNF-11,ark~=21198=r1vd6wc9.json
112r KTK pseudo WBUVUVP-VIS,SyrNF-11,ark~=21198=r1vd6wc9.json
112r KTK sharpie avgUV-VIS,SyrNF-11,ark~=21198=r1vd6wc9.json
112r KTK sharpie MB365UV-MB780IR,SyrNF-11,ark~=21198=r1vd6wc9.json
112r KTK sharpie MB365UV-VIS,SyrNF-11,ark~=21198=r1vd6wc9.json
112r KTK sharpie WBUVB47-VIS,SyrNF-11,ark~=21198=r1vd6wc9.json
112r KTK sharpie WBUVG58-MB780IR,SyrNF-11,ark~=21198=r1vd6wc9.json
112r KTK sharpie WBUVO22-MB780IR,SyrNF-11,ark~=21198=r1vd6wc9.json
112r KTK sharpie WBUVUVb-MB780IR,SyrNF-11,ark~=21198=r1vd6wc9.json
112r KTK sharpie WBUVUVb-VIS,SyrNF-11,ark~=21198=r1vd6wc9.json
112v KTK pseudo MB365UV-MB780IR,SyrNF-11,ark~=21198=r1vd6wc9.json
112v KTK pseudo MB365UV-VIS,SyrNF-11,ark~=21198=r1vd6wc9.json
112v KTK pseudo WBUVO22-VIS,SyrNF-11,ark~=21198=r1vd6wc9.json
112v KTK pseudo WBUVUVb-MB780IR,SyrNF-11,ark~=21198=r1vd6wc9.json
112v KTK pseudo WBUVUVb-VIS,SyrNF-11,ark~=21198=r1vd6wc9.json
112v KTK pseudo WBUVUVP-VIS,SyrNF-11,ark~=21198=r1vd6wc9.json
112v KTK sharpie avgUV-VIS,SyrNF-11,ark~=21198=r1vd6wc9.json
112v KTK sharpie MB365UV-MB780IR,SyrNF-11,ark~=21198=r1vd6wc9.json
112v KTK sharpie WBUVB47-VIS,SyrNF-11,ark~=21198=r1vd6wc9.json
112v KTK sharpie WBUVG58-MB780IR,SyrNF-11,ark~=21198=r1vd6wc9.json
112v KTK sharpie WBUVG58-VIS,SyrNF-11,ark~=21198=r1vd6wc9.json
112v KTK sharpie WBUVO22-MB780IR,SyrNF-11,ark~=21198=r1vd6wc9.json
112v KTK sharpie WBUVO22-VIS,SyrNF-11,ark~=21198=r1vd6wc9.json
112v KTK sharpie WBUVUVb-MB780IR,SyrNF-11,ark~=21198=r1vd6wc9.json
112v KTK sharpie WBUVUVb-VIS,SyrNF-11,ark~=21198=r1vd6wc9.json
1r KTK pseudo MB365UV-MB780IR,SyrNF-11,ark~=21198=r1vd6wc9.json
1r KTK pseudo MB365UV-VIS,SyrNF-11,ark~=21198=r1vd6wc9.json
1r KTK pseudo WBUVO22-VIS,SyrNF-11,ark~=21198=r1vd6wc9.json
1r KTK pseudo WBUVUVb-MB780IR,SyrNF-11,ark~=21198=r1vd6wc9.json
1r KTK pseudo WBUVUVb-VIS,SyrNF-11,ark~=21198=r1vd6wc9.json
1r KTK pseudo WBUVUVP-VIS,SyrNF-11,ark~=21198=r1vd6wc9.json
1r KTK sharpie avgUV-VIS,SyrNF-11,ark~=21198=r1vd6wc9.json
1r KTK sharpie MB365UV-MB780IR,SyrNF-11,ark~=21198=r1vd6wc9.json
1r KTK sharpie MB365UV-VIS,SyrNF-11,ark~=21198=r1vd6wc9.json
1r KTK sharpie WBUVB47-VIS,SyrNF-11,ark~=21198=r1vd6wc9.json
1r KTK sharpie WBUVG58-MB780IR,SyrNF-11,ark~=21198=r1vd6wc9.json
1r KTK sharpie WBUVG58-VIS,SyrNF-11,ark~=21198=r1vd6wc9.json
1r KTK sharpie WBUVO22-MB780IR,SyrNF-11,ark~=21198=r1vd6wc9.json
1r KTK sharpie WBUVO22-VIS,SyrNF-11,ark~=21198=r1vd6wc9.json
1r KTK sharpie WBUVUVb-MB780IR,SyrNF-11,ark~=21198=r1vd6wc9.json
1r KTK sharpie WBUVUVb-VIS,SyrNF-11,ark~=21198=r1vd6wc9.json
1r KTK sharpie WBUVUVP-VIS,SyrNF-11,ark~=21198=r1vd6wc9.json
1v KTK pseudo MB365UV-MB780IR,SyrNF-11,ark~=21198=r1vd6wc9.json
1v KTK pseudo MB365UV-VIS,SyrNF-11,ark~=21198=r1vd6wc9.json
1v KTK pseudo WBUVO22-VIS,SyrNF-11,ark~=21198=r1vd6wc9.json
1v KTK pseudo WBUVUVb-MB780IR,SyrNF-11,ark~=21198=r1vd6wc9.json
1v KTK pseudo WBUVUVb-VIS,SyrNF-11,ark~=21198=r1vd6wc9.json
1v KTK pseudo WBUVUVP-VIS,SyrNF-11,ark~=21198=r1vd6wc9.json
1v KTK sharpie avgUV-VIS,SyrNF-11,ark~=21198=r1vd6wc9.json
1v KTK sharpie MB365UV-MB780IR,SyrNF-11,ark~=21198=r1vd6wc9.json
1v KTK sharpie MB365UV-VIS,SyrNF-11,ark~=21198=r1vd6wc9.json
1v KTK sharpie WBUVB47-VIS,SyrNF-11,ark~=21198=r1vd6wc9.json
1v KTK sharpie WBUVG58-MB780IR,SyrNF-11,ark~=21198=r1vd6wc9.json
1v KTK sharpie WBUVG58-VIS,SyrNF-11,ark~=21198=r1vd6wc9.json
1v KTK sharpie WBUVO22-MB780IR,SyrNF-11,ark~=21198=r1vd6wc9.json
1v KTK sharpie WBUVO22-VIS,SyrNF-11,ark~=21198=r1vd6wc9.json
1v KTK sharpie WBUVUVb-MB780IR,SyrNF-11,ark~=21198=r1vd6wc9.json
1v KTK sharpie WBUVUVb-VIS,SyrNF-11,ark~=21198=r1vd6wc9.json
65r KTK pseudo MB365UV-VIS,SyrNF-11,ark~=21198=r1vd6wc9.json
65r KTK pseudo WBUVO22-VIS,SyrNF-11,ark~=21198=r1vd6wc9.json
65r KTK pseudo WBUVUVb-MB780IR,SyrNF-11,ark~=21198=r1vd6wc9.json
65r KTK pseudo WBUVUVb-VIS,SyrNF-11,ark~=21198=r1vd6wc9.json
65r KTK pseudo WBUVUVP-VIS,SyrNF-11,ark~=21198=r1vd6wc9.json
65r KTK sharpie avgUV-VIS,SyrNF-11,ark~=21198=r1vd6wc9.json
65r KTK sharpie WBUVB47-VIS,SyrNF-11,ark~=21198=r1vd6wc9.json
65r KTK sharpie WBUVG58-MB780IR,SyrNF-11,ark~=21198=r1vd6wc9.json
65r KTK sharpie WBUVG58-VIS,SyrNF-11,ark~=21198=r1vd6wc9.json
65r KTK sharpie WBUVO22-MB780IR,SyrNF-11,ark~=21198=r1vd6wc9.json
65r KTK sharpie WBUVO22-VIS,SyrNF-11,ark~=21198=r1vd6wc9.json
65r KTK sharpie WBUVUVb-MB780IR,SyrNF-11,ark~=21198=r1vd6wc9.json
65r KTK sharpie WBUVUVb-VIS,SyrNF-11,ark~=21198=r1vd6wc9.json
65v KTK pseudo MB365UV-VIS,SyrNF-11,ark~=21198=r1vd6wc9.json
65v KTK pseudo WBUVO22-VIS,SyrNF-11,ark~=21198=r1vd6wc9.json
65v KTK pseudo WBUVUVb-MB780IR,SyrNF-11,ark~=21198=r1vd6wc9.json
65v KTK pseudo WBUVUVb-VIS,SyrNF-11,ark~=21198=r1vd6wc9.json
65v KTK sharpie avgUV-VIS,SyrNF-11,ark~=21198=r1vd6wc9.json
65v KTK sharpie WBUVB47-VIS,SyrNF-11,ark~=21198=r1vd6wc9.json
65v KTK sharpie WBUVG58-MB780IR,SyrNF-11,ark~=21198=r1vd6wc9.json
65v KTK sharpie WBUVG58-VIS,SyrNF-11,ark~=21198=r1vd6wc9.json
65v KTK sharpie WBUVO22-MB780IR,SyrNF-11,ark~=21198=r1vd6wc9.json
65v KTK sharpie WBUVUVb-MB780IR,SyrNF-11,ark~=21198=r1vd6wc9.json
65v KTK sharpie WBUVUVb-VIS,SyrNF-11,ark~=21198=r1vd6wc9.json
66r KTK pseudo MB365UV-VIS,SyrNF-11,ark~=21198=r1vd6wc9.json
66r KTK pseudo WBUVO22-VIS,SyrNF-11,ark~=21198=r1vd6wc9.json
66r KTK pseudo WBUVUVb-MB780IR,SyrNF-11,ark~=21198=r1vd6wc9.json
66r KTK pseudo WBUVUVb-VIS,SyrNF-11,ark~=21198=r1vd6wc9.json
66r KTK pseudo WBUVUVP-VIS,SyrNF-11,ark~=21198=r1vd6wc9.json
66r KTK sharpie WBUVB47-VIS,SyrNF-11,ark~=21198=r1vd6wc9.json
66r KTK sharpie WBUVG58-MB780IR,SyrNF-11,ark~=21198=r1vd6wc9.json
66r KTK sharpie WBUVG58-VIS,SyrNF-11,ark~=21198=r1vd6wc9.json
66r KTK sharpie WBUVO22-MB780IR,SyrNF-11,ark~=21198=r1vd6wc9.json
66r KTK sharpie WBUVO22-VIS,SyrNF-11,ark~=21198=r1vd6wc9.json
66r KTK sharpie WBUVUVb-MB780IR,SyrNF-11,ark~=21198=r1vd6wc9.json
66r KTK sharpie WBUVUVb-VIS,SyrNF-11,ark~=21198=r1vd6wc9.json
66v KTK pseudo MB365UV-VIS,SyrNF-11,ark~=21198=r1vd6wc9.json
66v KTK pseudo WBUVO22-VIS,SyrNF-11,ark~=21198=r1vd6wc9.json
66v KTK pseudo WBUVUVb-MB780IR,SyrNF-11,ark~=21198=r1vd6wc9.json
66v KTK pseudo WBUVUVb-VIS,SyrNF-11,ark~=21198=r1vd6wc9.json
66v KTK pseudo WBUVUVP-VIS,SyrNF-11,ark~=21198=r1vd6wc9.json
66v KTK sharpie avgUV-VIS,SyrNF-11,ark~=21198=r1vd6wc9.json
66v KTK sharpie WBUVB47-VIS,SyrNF-11,ark~=21198=r1vd6wc9.json
66v KTK sharpie WBUVG58-MB780IR,SyrNF-11,ark~=21198=r1vd6wc9.json
66v KTK sharpie WBUVG58-VIS,SyrNF-11,ark~=21198=r1vd6wc9.json
66v KTK sharpie WBUVO22-MB780IR,SyrNF-11,ark~=21198=r1vd6wc9.json
66v KTK sharpie WBUVO22-VIS,SyrNF-11,ark~=21198=r1vd6wc9.json
66v KTK sharpie WBUVUVb-MB780IR,SyrNF-11,ark~=21198=r1vd6wc9.json
66v KTK sharpie WBUVUVb-VIS,SyrNF-11,ark~=21198=r1vd6wc9.json
73r KTK pseudo MB365UV-VIS,SyrNF-11,ark~=21198=r1vd6wc9.json
73r KTK pseudo WBUVO22-VIS,SyrNF-11,ark~=21198=r1vd6wc9.json
73r KTK pseudo WBUVUVb-MB780IR,SyrNF-11,ark~=21198=r1vd6wc9.json
73r KTK pseudo WBUVUVb-VIS,SyrNF-11,ark~=21198=r1vd6wc9.json
73r KTK pseudo WBUVUVP-VIS,SyrNF-11,ark~=21198=r1vd6wc9.json
73r KTK sharpie avgUV-VIS,SyrNF-11,ark~=21198=r1vd6wc9.json
73r KTK sharpie WBUVB47-VIS,SyrNF-11,ark~=21198=r1vd6wc9.json
73r KTK sharpie WBUVG58-MB780IR,SyrNF-11,ark~=21198=r1vd6wc9.json
73r KTK sharpie WBUVG58-VIS,SyrNF-11,ark~=21198=r1vd6wc9.json
73r KTK sharpie WBUVO22-VIS,SyrNF-11,ark~=21198=r1vd6wc9.json
73r KTK sharpie WBUVUVb-MB780IR,SyrNF-11,ark~=21198=r1vd6wc9.json
73r KTK sharpie WBUVUVb-VIS,SyrNF-11,ark~=21198=r1vd6wc9.json
73v KTK pseudo MB365UV-VIS,SyrNF-11,ark~=21198=r1vd6wc9.json
73v KTK pseudo WBUVO22-VIS,SyrNF-11,ark~=21198=r1vd6wc9.json
73v KTK pseudo WBUVUVb-MB780IR,SyrNF-11,ark~=21198=r1vd6wc9.json
73v KTK pseudo WBUVUVb-VIS,SyrNF-11,ark~=21198=r1vd6wc9.json
73v KTK pseudo WBUVUVP-VIS,SyrNF-11,ark~=21198=r1vd6wc9.json
73v KTK sharpie avgUV-VIS,SyrNF-11,ark~=21198=r1vd6wc9.json
73v KTK sharpie WBUVB47-VIS,SyrNF-11,ark~=21198=r1vd6wc9.json
73v KTK sharpie WBUVG58-MB780IR,SyrNF-11,ark~=21198=r1vd6wc9.json
73v KTK sharpie WBUVG58-VIS,SyrNF-11,ark~=21198=r1vd6wc9.json
73v KTK sharpie WBUVO22-MB780IR,SyrNF-11,ark~=21198=r1vd6wc9.json
73v KTK sharpie WBUVO22-VIS,SyrNF-11,ark~=21198=r1vd6wc9.json
73v KTK sharpie WBUVUVb-MB780IR,SyrNF-11,ark~=21198=r1vd6wc9.json
73v KTK sharpie WBUVUVb-VIS,SyrNF-11,ark~=21198=r1vd6wc9.json
81r KTK pseudo MB365UV-VIS,SyrNF-11,ark~=21198=r1vd6wc9.json
81r KTK pseudo WBUVO22-VIS,SyrNF-11,ark~=21198=r1vd6wc9.json
81r KTK pseudo WBUVUVb-MB780IR,SyrNF-11,ark~=21198=r1vd6wc9.json
81r KTK pseudo WBUVUVb-VIS,SyrNF-11,ark~=21198=r1vd6wc9.json
81r KTK pseudo WBUVUVP-VIS,SyrNF-11,ark~=21198=r1vd6wc9.json
81r KTK sharpie WBUVB47-VIS,SyrNF-11,ark~=21198=r1vd6wc9.json
81r KTK sharpie WBUVG58-MB780IR,SyrNF-11,ark~=21198=r1vd6wc9.json
81r KTK sharpie WBUVO22-MB780IR,SyrNF-11,ark~=21198=r1vd6wc9.json
81r KTK sharpie WBUVO22-VIS,SyrNF-11,ark~=21198=r1vd6wc9.json
81r KTK sharpie WBUVUVb-VIS,SyrNF-11,ark~=21198=r1vd6wc9.json
81v KTK pseudo MB365UV-VIS,SyrNF-11,ark~=21198=r1vd6wc9.json
81v KTK pseudo WBUVO22-VIS,SyrNF-11,ark~=21198=r1vd6wc9.json
81v KTK pseudo WBUVUVb-MB780IR,SyrNF-11,ark~=21198=r1vd6wc9.json
81v KTK pseudo WBUVUVb-VIS,SyrNF-11,ark~=21198=r1vd6wc9.json
81v KTK pseudo WBUVUVP-VIS,SyrNF-11,ark~=21198=r1vd6wc9.json
81v KTK sharpie avgUV-VIS,SyrNF-11,ark~=21198=r1vd6wc9.json
81v KTK sharpie MB365UV-VIS,SyrNF-11,ark~=21198=r1vd6wc9.json
81v KTK sharpie WBUVB47-VIS,SyrNF-11,ark~=21198=r1vd6wc9.json
81v KTK sharpie WBUVG58-VIS,SyrNF-11,ark~=21198=r1vd6wc9.json
81v KTK sharpie WBUVO22-MB780IR,SyrNF-11,ark~=21198=r1vd6wc9.json
81v KTK sharpie WBUVO22-VIS,SyrNF-11,ark~=21198=r1vd6wc9.json
81v KTK sharpie WBUVUVb-VIS,SyrNF-11,ark~=21198=r1vd6wc9.json
82r KTK pseudo MB365UV-VIS,SyrNF-11,ark~=21198=r1vd6wc9.json
82r KTK pseudo WBUVO22-VIS,SyrNF-11,ark~=21198=r1vd6wc9.json
82r KTK pseudo WBUVUVb-MB780IR,SyrNF-11,ark~=21198=r1vd6wc9.json
82r KTK pseudo WBUVUVb-VIS,SyrNF-11,ark~=21198=r1vd6wc9.json
82r KTK pseudo WBUVUVP-VIS,SyrNF-11,ark~=21198=r1vd6wc9.json
82r KTK sharpie avgUV-VIS,SyrNF-11,ark~=21198=r1vd6wc9.json
82r KTK sharpie MB365UV-VIS,SyrNF-11,ark~=21198=r1vd6wc9.json
82r KTK sharpie WBUVB47-VIS,SyrNF-11,ark~=21198=r1vd6wc9.json
82r KTK sharpie WBUVG58-MB780IR,SyrNF-11,ark~=21198=r1vd6wc9.json
82r KTK sharpie WBUVG58-VIS,SyrNF-11,ark~=21198=r1vd6wc9.json
82r KTK sharpie WBUVO22-VIS,SyrNF-11,ark~=21198=r1vd6wc9.json
82r KTK sharpie WBUVUVb-VIS,SyrNF-11,ark~=21198=r1vd6wc9.json
82v KTK pseudo MB365UV-VIS,SyrNF-11,ark~=21198=r1vd6wc9.json
82v KTK pseudo WBUVO22-VIS,SyrNF-11,ark~=21198=r1vd6wc9.json
82v KTK pseudo WBUVUVb-MB780IR,SyrNF-11,ark~=21198=r1vd6wc9.json
82v KTK pseudo WBUVUVb-VIS,SyrNF-11,ark~=21198=r1vd6wc9.json
82v KTK pseudo WBUVUVP-VIS,SyrNF-11,ark~=21198=r1vd6wc9.json
82v KTK sharpie avgUV-VIS,SyrNF-11,ark~=21198=r1vd6wc9.json
82v KTK sharpie MB365UV-VIS,SyrNF-11,ark~=21198=r1vd6wc9.json
82v KTK sharpie WBUVB47-VIS,SyrNF-11,ark~=21198=r1vd6wc9.json
82v KTK sharpie WBUVG58-MB780IR,SyrNF-11,ark~=21198=r1vd6wc9.json
82v KTK sharpie WBUVG58-VIS,SyrNF-11,ark~=21198=r1vd6wc9.json
82v KTK sharpie WBUVO22-MB780IR,SyrNF-11,ark~=21198=r1vd6wc9.json
82v KTK sharpie WBUVO22-VIS,SyrNF-11,ark~=21198=r1vd6wc9.json
82v KTK sharpie WBUVUVb-VIS,SyrNF-11,ark~=21198=r1vd6wc9.json
82v KTK sharpie WBUVUVP-VIS,SyrNF-11,ark~=21198=r1vd6wc9.json
83r KTK pseudo MB365UV-VIS,SyrNF-11,ark~=21198=r1vd6wc9.json
83r KTK pseudo WBUVO22-VIS,SyrNF-11,ark~=21198=r1vd6wc9.json
83r KTK pseudo WBUVUVb-MB780IR,SyrNF-11,ark~=21198=r1vd6wc9.json
83r KTK pseudo WBUVUVb-VIS,SyrNF-11,ark~=21198=r1vd6wc9.json
83r KTK pseudo WBUVUVP-VIS,SyrNF-11,ark~=21198=r1vd6wc9.json
83r KTK sharpie avgUV-VIS,SyrNF-11,ark~=21198=r1vd6wc9.json
83r KTK sharpie WBUVB47-VIS,SyrNF-11,ark~=21198=r1vd6wc9.json
83r KTK sharpie WBUVG58-MB780IR,SyrNF-11,ark~=21198=r1vd6wc9.json
83r KTK sharpie WBUVG58-VIS,SyrNF-11,ark~=21198=r1vd6wc9.json
83r KTK sharpie WBUVO22-MB780IR,SyrNF-11,ark~=21198=r1vd6wc9.json
83r KTK sharpie WBUVO22-VIS,SyrNF-11,ark~=21198=r1vd6wc9.json
83r KTK sharpie WBUVUVb-VIS,SyrNF-11,ark~=21198=r1vd6wc9.json
83v KTK pseudo MB365UV-VIS,SyrNF-11,ark~=21198=r1vd6wc9.json
83v KTK pseudo WBUVO22-VIS,SyrNF-11,ark~=21198=r1vd6wc9.json
83v KTK pseudo WBUVUVb-MB780IR,SyrNF-11,ark~=21198=r1vd6wc9.json
83v KTK pseudo WBUVUVb-VIS,SyrNF-11,ark~=21198=r1vd6wc9.json
83v KTK pseudo WBUVUVP-VIS,SyrNF-11,ark~=21198=r1vd6wc9.json
83v KTK sharpie WBUVB47-VIS,SyrNF-11,ark~=21198=r1vd6wc9.json
83v KTK sharpie WBUVG58-MB780IR,SyrNF-11,ark~=21198=r1vd6wc9.json
83v KTK sharpie WBUVG58-VIS,SyrNF-11,ark~=21198=r1vd6wc9.json
83v KTK sharpie WBUVO22-MB780IR,SyrNF-11,ark~=21198=r1vd6wc9.json
83v KTK sharpie WBUVO22-VIS,SyrNF-11,ark~=21198=r1vd6wc9.json
83v KTK sharpie WBUVUVb-MB780IR,SyrNF-11,ark~=21198=r1vd6wc9.json
83v KTK sharpie WBUVUVb-VIS,SyrNF-11,ark~=21198=r1vd6wc9.json
84r KTK pseudo MB365UV-VIS,SyrNF-11,ark~=21198=r1vd6wc9.json
84r KTK pseudo WBUVO22-VIS,SyrNF-11,ark~=21198=r1vd6wc9.json
84r KTK pseudo WBUVUVb-VIS,SyrNF-11,ark~=21198=r1vd6wc9.json
84r KTK pseudo WBUVUVP-VIS,SyrNF-11,ark~=21198=r1vd6wc9.json
84r KTK sharpie avgUV-VIS,SyrNF-11,ark~=21198=r1vd6wc9.json
84r KTK sharpie MB365UV-VIS,SyrNF-11,ark~=21198=r1vd6wc9.json
84r KTK sharpie WBUVB47-VIS,SyrNF-11,ark~=21198=r1vd6wc9.json
84r KTK sharpie WBUVG58-MB780IR,SyrNF-11,ark~=21198=r1vd6wc9.json
84r KTK sharpie WBUVG58-VIS,SyrNF-11,ark~=21198=r1vd6wc9.json
84r KTK sharpie WBUVO22-VIS,SyrNF-11,ark~=21198=r1vd6wc9.json
84r KTK sharpie WBUVUVb-MB780IR,SyrNF-11,ark~=21198=r1vd6wc9.json
84r KTK sharpie WBUVUVb-VIS,SyrNF-11,ark~=21198=r1vd6wc9.json
84v KTK pseudo MB365UV-VIS,SyrNF-11,ark~=21198=r1vd6wc9.json
84v KTK pseudo WBUVO22-VIS,SyrNF-11,ark~=21198=r1vd6wc9.json
84v KTK pseudo WBUVUVb-MB780IR,SyrNF-11,ark~=21198=r1vd6wc9.json
84v KTK pseudo WBUVUVb-VIS,SyrNF-11,ark~=21198=r1vd6wc9.json
84v KTK pseudo WBUVUVP-VIS,SyrNF-11,ark~=21198=r1vd6wc9.json
84v KTK sharpie avgUV-VIS,SyrNF-11,ark~=21198=r1vd6wc9.json
84v KTK sharpie MB365UV-VIS,SyrNF-11,ark~=21198=r1vd6wc9.json
84v KTK sharpie WBUVB47-VIS,SyrNF-11,ark~=21198=r1vd6wc9.json
84v KTK sharpie WBUVG58-MB780IR,SyrNF-11,ark~=21198=r1vd6wc9.json
84v KTK sharpie WBUVG58-VIS,SyrNF-11,ark~=21198=r1vd6wc9.json
84v KTK sharpie WBUVO22-MB780IR,SyrNF-11,ark~=21198=r1vd6wc9.json
84v KTK sharpie WBUVO22-VIS,SyrNF-11,ark~=21198=r1vd6wc9.json
84v KTK sharpie WBUVUVb-VIS,SyrNF-11,ark~=21198=r1vd6wc9.json
85r KTK pseudo MB365UV-VIS,SyrNF-11,ark~=21198=r1vd6wc9.json
85r KTK pseudo WBUVO22-VIS,SyrNF-11,ark~=21198=r1vd6wc9.json
85r KTK pseudo WBUVUVb-MB780IR,SyrNF-11,ark~=21198=r1vd6wc9.json
85r KTK pseudo WBUVUVb-VIS,SyrNF-11,ark~=21198=r1vd6wc9.json
85r KTK pseudo WBUVUVP-VIS,SyrNF-11,ark~=21198=r1vd6wc9.json
85r KTK sharpie WBUVB47-VIS,SyrNF-11,ark~=21198=r1vd6wc9.json
85r KTK sharpie WBUVG58-MB780IR,SyrNF-11,ark~=21198=r1vd6wc9.json
85r KTK sharpie WBUVG58-VIS,SyrNF-11,ark~=21198=r1vd6wc9.json
85r KTK sharpie WBUVO22-VIS,SyrNF-11,ark~=21198=r1vd6wc9.json
85r KTK sharpie WBUVUVb-VIS,SyrNF-11,ark~=21198=r1vd6wc9.json
85v KTK pseudo MB365UV-VIS,SyrNF-11,ark~=21198=r1vd6wc9.json
85v KTK pseudo WBUVO22-VIS,SyrNF-11,ark~=21198=r1vd6wc9.json
85v KTK pseudo WBUVUVb-MB780IR,SyrNF-11,ark~=21198=r1vd6wc9.json
85v KTK pseudo WBUVUVb-VIS,SyrNF-11,ark~=21198=r1vd6wc9.json
85v KTK sharpie avgUV-VIS,SyrNF-11,ark~=21198=r1vd6wc9.json
85v KTK sharpie MB365UV-VIS,SyrNF-11,ark~=21198=r1vd6wc9.json
85v KTK sharpie WBUVB47-VIS,SyrNF-11,ark~=21198=r1vd6wc9.json
85v KTK sharpie WBUVG58-MB780IR,SyrNF-11,ark~=21198=r1vd6wc9.json
85v KTK sharpie WBUVG58-VIS,SyrNF-11,ark~=21198=r1vd6wc9.json
85v KTK sharpie WBUVO22-MB780IR,SyrNF-11,ark~=21198=r1vd6wc9.json
85v KTK sharpie WBUVO22-VIS,SyrNF-11,ark~=21198=r1vd6wc9.json
85v KTK sharpie WBUVUVb-VIS,SyrNF-11,ark~=21198=r1vd6wc9.json
86r KTK pseudo MB365UV-VIS,SyrNF-11,ark~=21198=r1vd6wc9.json
86r KTK pseudo WBUVO22-VIS,SyrNF-11,ark~=21198=r1vd6wc9.json
86r KTK pseudo WBUVUVb-MB780IR,SyrNF-11,ark~=21198=r1vd6wc9.json
86r KTK pseudo WBUVUVb-VIS,SyrNF-11,ark~=21198=r1vd6wc9.json
86r KTK pseudo WBUVUVP-VIS,SyrNF-11,ark~=21198=r1vd6wc9.json
86r KTK sharpie avgUV-VIS,SyrNF-11,ark~=21198=r1vd6wc9.json
86r KTK sharpie MB365UV-VIS,SyrNF-11,ark~=21198=r1vd6wc9.json
86r KTK sharpie WBUVB47-VIS,SyrNF-11,ark~=21198=r1vd6wc9.json
86r KTK sharpie WBUVG58-MB780IR,SyrNF-11,ark~=21198=r1vd6wc9.json
86r KTK sharpie WBUVG58-VIS,SyrNF-11,ark~=21198=r1vd6wc9.json
86r KTK sharpie WBUVO22-MB780IR,SyrNF-11,ark~=21198=r1vd6wc9.json
86r KTK sharpie WBUVO22-VIS,SyrNF-11,ark~=21198=r1vd6wc9.json
86r KTK sharpie WBUVUVb-VIS,SyrNF-11,ark~=21198=r1vd6wc9.json
86v KTK pseudo MB365UV-VIS,SyrNF-11,ark~=21198=r1vd6wc9.json
86v KTK pseudo WBUVO22-VIS,SyrNF-11,ark~=21198=r1vd6wc9.json
86v KTK pseudo WBUVUVb-MB780IR,SyrNF-11,ark~=21198=r1vd6wc9.json
86v KTK pseudo WBUVUVb-VIS,SyrNF-11,ark~=21198=r1vd6wc9.json
86v KTK pseudo WBUVUVP-VIS,SyrNF-11,ark~=21198=r1vd6wc9.json
86v KTK sharpie MB365UV-VIS,SyrNF-11,ark~=21198=r1vd6wc9.json
86v KTK sharpie WBUVB47-VIS,SyrNF-11,ark~=21198=r1vd6wc9.json
86v KTK sharpie WBUVG58-MB780IR,SyrNF-11,ark~=21198=r1vd6wc9.json
86v KTK sharpie WBUVG58-VIS,SyrNF-11,ark~=21198=r1vd6wc9.json
86v KTK sharpie WBUVO22-MB780IR,SyrNF-11,ark~=21198=r1vd6wc9.json
86v KTK sharpie WBUVO22-VIS,SyrNF-11,ark~=21198=r1vd6wc9.json
86v KTK sharpie WBUVUVb-VIS,SyrNF-11,ark~=21198=r1vd6wc9.json
87r KTK pseudo MB365UV-VIS,SyrNF-11,ark~=21198=r1vd6wc9.json
87r KTK pseudo WBUVO22-VIS,SyrNF-11,ark~=21198=r1vd6wc9.json
87r KTK pseudo WBUVUVb-MB780IR,SyrNF-11,ark~=21198=r1vd6wc9.json
87r KTK pseudo WBUVUVb-VIS,SyrNF-11,ark~=21198=r1vd6wc9.json
87r KTK pseudo WBUVUVP-VIS,SyrNF-11,ark~=21198=r1vd6wc9.json
87r KTK sharpie avgUV-VIS,SyrNF-11,ark~=21198=r1vd6wc9.json
87r KTK sharpie WBUVB47-VIS,SyrNF-11,ark~=21198=r1vd6wc9.json
87r KTK sharpie WBUVG58-MB780IR,SyrNF-11,ark~=21198=r1vd6wc9.json
87r KTK sharpie WBUVG58-VIS,SyrNF-11,ark~=21198=r1vd6wc9.json
87r KTK sharpie WBUVO22-MB780IR,SyrNF-11,ark~=21198=r1vd6wc9.json
87r KTK sharpie WBUVO22-VIS,SyrNF-11,ark~=21198=r1vd6wc9.json
87r KTK sharpie WBUVUVb-VIS,SyrNF-11,ark~=21198=r1vd6wc9.json
87v KTK pseudo MB365UV-VIS,SyrNF-11,ark~=21198=r1vd6wc9.json
87v KTK pseudo WBUVO22-VIS,SyrNF-11,ark~=21198=r1vd6wc9.json
87v KTK pseudo WBUVUVb-MB780IR,SyrNF-11,ark~=21198=r1vd6wc9.json
87v KTK pseudo WBUVUVb-VIS,SyrNF-11,ark~=21198=r1vd6wc9.json
87v KTK pseudo WBUVUVP-VIS,SyrNF-11,ark~=21198=r1vd6wc9.json
87v KTK sharpie avgUV-VIS,SyrNF-11,ark~=21198=r1vd6wc9.json
87v KTK sharpie MB365UV-VIS,SyrNF-11,ark~=21198=r1vd6wc9.json
87v KTK sharpie WBUVB47-VIS,SyrNF-11,ark~=21198=r1vd6wc9.json
87v KTK sharpie WBUVG58-MB780IR,SyrNF-11,ark~=21198=r1vd6wc9.json
87v KTK sharpie WBUVG58-VIS,SyrNF-11,ark~=21198=r1vd6wc9.json
87v KTK sharpie WBUVO22-MB780IR,SyrNF-11,ark~=21198=r1vd6wc9.json
87v KTK sharpie WBUVO22-VIS,SyrNF-11,ark~=21198=r1vd6wc9.json
87v KTK sharpie WBUVUVb-VIS,SyrNF-11,ark~=21198=r1vd6wc9.json
88r KTK pseudo MB365UV-VIS,SyrNF-11,ark~=21198=r1vd6wc9.json
88r KTK pseudo WBUVO22-VIS,SyrNF-11,ark~=21198=r1vd6wc9.json
88r KTK pseudo WBUVUVb-MB780IR,SyrNF-11,ark~=21198=r1vd6wc9.json
88r KTK pseudo WBUVUVb-VIS,SyrNF-11,ark~=21198=r1vd6wc9.json
88r KTK pseudo WBUVUVP-VIS,SyrNF-11,ark~=21198=r1vd6wc9.json
88r KTK sharpie avgUV-VIS,SyrNF-11,ark~=21198=r1vd6wc9.json
88r KTK sharpie MB365UV-VIS,SyrNF-11,ark~=21198=r1vd6wc9.json
88r KTK sharpie WBUVB47-VIS,SyrNF-11,ark~=21198=r1vd6wc9.json
88r KTK sharpie WBUVG58-MB780IR,SyrNF-11,ark~=21198=r1vd6wc9.json
88r KTK sharpie WBUVG58-VIS,SyrNF-11,ark~=21198=r1vd6wc9.json
88r KTK sharpie WBUVO22-MB780IR,SyrNF-11,ark~=21198=r1vd6wc9.json
88r KTK sharpie WBUVO22-VIS,SyrNF-11,ark~=21198=r1vd6wc9.json
88r KTK sharpie WBUVUVb-MB780IR,SyrNF-11,ark~=21198=r1vd6wc9.json
88r KTK sharpie WBUVUVb-VIS,SyrNF-11,ark~=21198=r1vd6wc9.json
88v KTK pseudo MB365UV-VIS,SyrNF-11,ark~=21198=r1vd6wc9.json
88v KTK pseudo WBUVO22-VIS,SyrNF-11,ark~=21198=r1vd6wc9.json
88v KTK pseudo WBUVUVb-MB780IR,SyrNF-11,ark~=21198=r1vd6wc9.json
88v KTK pseudo WBUVUVb-VIS,SyrNF-11,ark~=21198=r1vd6wc9.json
88v KTK pseudo WBUVUVP-VIS,SyrNF-11,ark~=21198=r1vd6wc9.json
88v KTK sharpie WBUVB47-VIS,SyrNF-11,ark~=21198=r1vd6wc9.json
88v KTK sharpie WBUVG58-MB780IR,SyrNF-11,ark~=21198=r1vd6wc9.json
88v KTK sharpie WBUVG58-VIS,SyrNF-11,ark~=21198=r1vd6wc9.json
88v KTK sharpie WBUVO22-MB780IR,SyrNF-11,ark~=21198=r1vd6wc9.json
88v KTK sharpie WBUVO22-VIS,SyrNF-11,ark~=21198=r1vd6wc9.json
88v KTK sharpie WBUVUVb-VIS,SyrNF-11,ark~=21198=r1vd6wc9.json
89r KTK pseudo MB365UV-VIS,SyrNF-11,ark~=21198=r1vd6wc9.json
89r KTK pseudo WBUVO22-VIS,SyrNF-11,ark~=21198=r1vd6wc9.json
89r KTK pseudo WBUVUVb-MB780IR,SyrNF-11,ark~=21198=r1vd6wc9.json
89r KTK pseudo WBUVUVb-VIS,SyrNF-11,ark~=21198=r1vd6wc9.json
89r KTK pseudo WBUVUVP-VIS,SyrNF-11,ark~=21198=r1vd6wc9.json
89r KTK sharpie avgUV-VIS,SyrNF-11,ark~=21198=r1vd6wc9.json
89r KTK sharpie MB365UV-VIS,SyrNF-11,ark~=21198=r1vd6wc9.json
89r KTK sharpie WBUVB47-VIS,SyrNF-11,ark~=21198=r1vd6wc9.json
89r KTK sharpie WBUVG58-MB780IR,SyrNF-11,ark~=21198=r1vd6wc9.json
89r KTK sharpie WBUVG58-VIS,SyrNF-11,ark~=21198=r1vd6wc9.json
89r KTK sharpie WBUVO22-MB780IR,SyrNF-11,ark~=21198=r1vd6wc9.json
89r KTK sharpie WBUVO22-VIS,SyrNF-11,ark~=21198=r1vd6wc9.json
89r KTK sharpie WBUVUVb-MB780IR,SyrNF-11,ark~=21198=r1vd6wc9.json
89r KTK sharpie WBUVUVb-VIS,SyrNF-11,ark~=21198=r1vd6wc9.json
89v KTK pseudo MB365UV-VIS,SyrNF-11,ark~=21198=r1vd6wc9.json
89v KTK pseudo WBUVO22-VIS,SyrNF-11,ark~=21198=r1vd6wc9.json
89v KTK pseudo WBUVUVb-MB780IR,SyrNF-11,ark~=21198=r1vd6wc9.json
89v KTK pseudo WBUVUVb-VIS,SyrNF-11,ark~=21198=r1vd6wc9.json
89v KTK pseudo WBUVUVP-VIS,SyrNF-11,ark~=21198=r1vd6wc9.json
89v KTK sharpie avgUV-VIS,SyrNF-11,ark~=21198=r1vd6wc9.json
89v KTK sharpie MB365UV-MB780IR,SyrNF-11,ark~=21198=r1vd6wc9.json
89v KTK sharpie WBUVB47-VIS,SyrNF-11,ark~=21198=r1vd6wc9.json
89v KTK sharpie WBUVO22-MB780IR,SyrNF-11,ark~=21198=r1vd6wc9.json
89v KTK sharpie WBUVO22-VIS,SyrNF-11,ark~=21198=r1vd6wc9.json
89v KTK sharpie WBUVUVb-VIS,SyrNF-11,ark~=21198=r1vd6wc9.json
90r KTK pseudo MB365UV-VIS,SyrNF-11,ark~=21198=r1vd6wc9.json
90r KTK pseudo WBUVO22-VIS,SyrNF-11,ark~=21198=r1vd6wc9.json
90r KTK pseudo WBUVUVb-MB780IR,SyrNF-11,ark~=21198=r1vd6wc9.json
90r KTK pseudo WBUVUVb-VIS,SyrNF-11,ark~=21198=r1vd6wc9.json
90r KTK pseudo WBUVUVP-VIS,SyrNF-11,ark~=21198=r1vd6wc9.json
90r KTK sharpie avgUV-VIS,SyrNF-11,ark~=21198=r1vd6wc9.json
90r KTK sharpie MB365UV-VIS,SyrNF-11,ark~=21198=r1vd6wc9.json
90r KTK sharpie WBUVB47-VIS,SyrNF-11,ark~=21198=r1vd6wc9.json
90r KTK sharpie WBUVG58-MB780IR,SyrNF-11,ark~=21198=r1vd6wc9.json
90r KTK sharpie WBUVG58-VIS,SyrNF-11,ark~=21198=r1vd6wc9.json
90r KTK sharpie WBUVO22-MB780IR,SyrNF-11,ark~=21198=r1vd6wc9.json
90r KTK sharpie WBUVO22-VIS,SyrNF-11,ark~=21198=r1vd6wc9.json
90r KTK sharpie WBUVUVb-MB780IR,SyrNF-11,ark~=21198=r1vd6wc9.json
90r KTK sharpie WBUVUVb-VIS,SyrNF-11,ark~=21198=r1vd6wc9.json
90v KTK pseudo MB365UV-VIS,SyrNF-11,ark~=21198=r1vd6wc9.json
90v KTK pseudo WBUVO22-VIS,SyrNF-11,ark~=21198=r1vd6wc9.json
90v KTK pseudo WBUVUVb-MB780IR,SyrNF-11,ark~=21198=r1vd6wc9.json
90v KTK pseudo WBUVUVb-VIS,SyrNF-11,ark~=21198=r1vd6wc9.json
90v KTK pseudo WBUVUVP-VIS,SyrNF-11,ark~=21198=r1vd6wc9.json
90v KTK sharpie avgUV-VIS,SyrNF-11,ark~=21198=r1vd6wc9.json
90v KTK sharpie MB365UV-VIS,SyrNF-11,ark~=21198=r1vd6wc9.json
90v KTK sharpie WBUVB47-VIS,SyrNF-11,ark~=21198=r1vd6wc9.json
90v KTK sharpie WBUVG58-MB780IR,SyrNF-11,ark~=21198=r1vd6wc9.json
90v KTK sharpie WBUVG58-VIS,SyrNF-11,ark~=21198=r1vd6wc9.json
90v KTK sharpie WBUVO22-MB780IR,SyrNF-11,ark~=21198=r1vd6wc9.json
90v KTK sharpie WBUVO22-VIS,SyrNF-11,ark~=21198=r1vd6wc9.json
90v KTK sharpie WBUVUVb-MB780IR,SyrNF-11,ark~=21198=r1vd6wc9.json
90v KTK sharpie WBUVUVb-VIS,SyrNF-11,ark~=21198=r1vd6wc9.json
91r KTK pseudo MB365UV-VIS,SyrNF-11,ark~=21198=r1vd6wc9.json
91r KTK pseudo WBUVO22-VIS,SyrNF-11,ark~=21198=r1vd6wc9.json
91r KTK pseudo WBUVUVb-MB780IR,SyrNF-11,ark~=21198=r1vd6wc9.json
91r KTK pseudo WBUVUVb-VIS,SyrNF-11,ark~=21198=r1vd6wc9.json
91r KTK pseudo WBUVUVP-VIS,SyrNF-11,ark~=21198=r1vd6wc9.json
91r KTK sharpie avgUV-VIS,SyrNF-11,ark~=21198=r1vd6wc9.json
91r KTK sharpie MB365UV-VIS,SyrNF-11,ark~=21198=r1vd6wc9.json
91r KTK sharpie WBUVB47-VIS,SyrNF-11,ark~=21198=r1vd6wc9.json
91r KTK sharpie WBUVG58-MB780IR,SyrNF-11,ark~=21198=r1vd6wc9.json
91r KTK sharpie WBUVG58-VIS,SyrNF-11,ark~=21198=r1vd6wc9.json
91r KTK sharpie WBUVO22-MB780IR,SyrNF-11,ark~=21198=r1vd6wc9.json
91r KTK sharpie WBUVO22-VIS,SyrNF-11,ark~=21198=r1vd6wc9.json
91r KTK sharpie WBUVUVb-VIS,SyrNF-11,ark~=21198=r1vd6wc9.json
91v KTK pseudo MB365UV-VIS,SyrNF-11,ark~=21198=r1vd6wc9.json
91v KTK pseudo WBUVO22-VIS,SyrNF-11,ark~=21198=r1vd6wc9.json
91v KTK pseudo WBUVUVb-MB780IR,SyrNF-11,ark~=21198=r1vd6wc9.json
91v KTK pseudo WBUVUVb-VIS,SyrNF-11,ark~=21198=r1vd6wc9.json
91v KTK pseudo WBUVUVP-VIS,SyrNF-11,ark~=21198=r1vd6wc9.json
91v KTK sharpie avgUV-VIS,SyrNF-11,ark~=21198=r1vd6wc9.json
91v KTK sharpie MB365UV-VIS,SyrNF-11,ark~=21198=r1vd6wc9.json
91v KTK sharpie WBUVB47-VIS,SyrNF-11,ark~=21198=r1vd6wc9.json
91v KTK sharpie WBUVG58-MB780IR,SyrNF-11,ark~=21198=r1vd6wc9.json
91v KTK sharpie WBUVG58-VIS,SyrNF-11,ark~=21198=r1vd6wc9.json
91v KTK sharpie WBUVO22-MB780IR,SyrNF-11,ark~=21198=r1vd6wc9.json
91v KTK sharpie WBUVO22-VIS,SyrNF-11,ark~=21198=r1vd6wc9.json
91v KTK sharpie WBUVUVb-VIS,SyrNF-11,ark~=21198=r1vd6wc9.json
92r KTK pseudo MB365UV-VIS,SyrNF-11,ark~=21198=r1vd6wc9.json
92r KTK pseudo WBUVO22-VIS,SyrNF-11,ark~=21198=r1vd6wc9.json
92r KTK pseudo WBUVUVb-MB780IR,SyrNF-11,ark~=21198=r1vd6wc9.json
92r KTK pseudo WBUVUVb-VIS,SyrNF-11,ark~=21198=r1vd6wc9.json
92r KTK pseudo WBUVUVP-VIS,SyrNF-11,ark~=21198=r1vd6wc9.json
92r KTK sharpie avgUV-VIS,SyrNF-11,ark~=21198=r1vd6wc9.json
92r KTK sharpie WBUVB47-VIS,SyrNF-11,ark~=21198=r1vd6wc9.json
92r KTK sharpie WBUVG58-MB780IR,SyrNF-11,ark~=21198=r1vd6wc9.json
92r KTK sharpie WBUVG58-VIS,SyrNF-11,ark~=21198=r1vd6wc9.json
92r KTK sharpie WBUVO22-MB780IR,SyrNF-11,ark~=21198=r1vd6wc9.json
92r KTK sharpie WBUVO22-VIS,SyrNF-11,ark~=21198=r1vd6wc9.json
92r KTK sharpie WBUVUVb-MB780IR,SyrNF-11,ark~=21198=r1vd6wc9.json
92r KTK sharpie WBUVUVb-VIS,SyrNF-11,ark~=21198=r1vd6wc9.json
92v KTK pseudo MB365UV-VIS,SyrNF-11,ark~=21198=r1vd6wc9.json
92v KTK pseudo WBUVO22-VIS,SyrNF-11,ark~=21198=r1vd6wc9.json
92v KTK pseudo WBUVUVb-MB780IR,SyrNF-11,ark~=21198=r1vd6wc9.json
92v KTK pseudo WBUVUVb-VIS,SyrNF-11,ark~=21198=r1vd6wc9.json
92v KTK pseudo WBUVUVP-VIS,SyrNF-11,ark~=21198=r1vd6wc9.json
92v KTK sharpie avgUV-VIS,SyrNF-11,ark~=21198=r1vd6wc9.json
92v KTK sharpie MB365UV-VIS,SyrNF-11,ark~=21198=r1vd6wc9.json
92v KTK sharpie WBUVB47-VIS,SyrNF-11,ark~=21198=r1vd6wc9.json
92v KTK sharpie WBUVG58-MB780IR,SyrNF-11,ark~=21198=r1vd6wc9.json
92v KTK sharpie WBUVG58-VIS,SyrNF-11,ark~=21198=r1vd6wc9.json
92v KTK sharpie WBUVO22-MB780IR,SyrNF-11,ark~=21198=r1vd6wc9.json
92v KTK sharpie WBUVO22-VIS,SyrNF-11,ark~=21198=r1vd6wc9.json
92v KTK sharpie WBUVUVb-MB780IR,SyrNF-11,ark~=21198=r1vd6wc9.json
92v KTK sharpie WBUVUVb-VIS,SyrNF-11,ark~=21198=r1vd6wc9.json
93r KTK pseudo MB365UV-VIS,SyrNF-11,ark~=21198=r1vd6wc9.json
93r KTK pseudo WBUVO22-VIS,SyrNF-11,ark~=21198=r1vd6wc9.json
93r KTK pseudo WBUVUVb-MB780IR,SyrNF-11,ark~=21198=r1vd6wc9.json
93r KTK pseudo WBUVUVP-VIS,SyrNF-11,ark~=21198=r1vd6wc9.json
93r KTK sharpie avgUV-VIS,SyrNF-11,ark~=21198=r1vd6wc9.json
93r KTK sharpie MB365UV-VIS,SyrNF-11,ark~=21198=r1vd6wc9.json
93r KTK sharpie WBUVB47-VIS,SyrNF-11,ark~=21198=r1vd6wc9.json
93r KTK sharpie WBUVG58-MB780IR,SyrNF-11,ark~=21198=r1vd6wc9.json
93r KTK sharpie WBUVG58-VIS,SyrNF-11,ark~=21198=r1vd6wc9.json
93r KTK sharpie WBUVO22-MB780IR,SyrNF-11,ark~=21198=r1vd6wc9.json
93r KTK sharpie WBUVO22-VIS,SyrNF-11,ark~=21198=r1vd6wc9.json
93r KTK sharpie WBUVUVb-MB780IR,SyrNF-11,ark~=21198=r1vd6wc9.json
93r KTK sharpie WBUVUVb-VIS,SyrNF-11,ark~=21198=r1vd6wc9.json
93v KTK pseudo MB365UV-MB780IR,SyrNF-11,ark~=21198=r1vd6wc9.json
93v KTK pseudo MB365UV-VIS,SyrNF-11,ark~=21198=r1vd6wc9.json
93v KTK pseudo WBUVO22-VIS,SyrNF-11,ark~=21198=r1vd6wc9.json
93v KTK pseudo WBUVUVb-MB780IR,SyrNF-11,ark~=21198=r1vd6wc9.json
93v KTK pseudo WBUVUVb-VIS,SyrNF-11,ark~=21198=r1vd6wc9.json
93v KTK pseudo WBUVUVP-VIS,SyrNF-11,ark~=21198=r1vd6wc9.json
93v KTK sharpie avgUV-VIS,SyrNF-11,ark~=21198=r1vd6wc9.json
93v KTK sharpie MB365UV-VIS,SyrNF-11,ark~=21198=r1vd6wc9.json
93v KTK sharpie WBUVB47-VIS,SyrNF-11,ark~=21198=r1vd6wc9.json
93v KTK sharpie WBUVG58-MB780IR,SyrNF-11,ark~=21198=r1vd6wc9.json
93v KTK sharpie WBUVG58-VIS,SyrNF-11,ark~=21198=r1vd6wc9.json
93v KTK sharpie WBUVO22-MB780IR,SyrNF-11,ark~=21198=r1vd6wc9.json
93v KTK sharpie WBUVO22-VIS,SyrNF-11,ark~=21198=r1vd6wc9.json
93v KTK sharpie WBUVUVb-MB780IR,SyrNF-11,ark~=21198=r1vd6wc9.json
93v KTK sharpie WBUVUVb-VIS,SyrNF-11,ark~=21198=r1vd6wc9.json
94r KTK pseudo MB365UV-VIS,SyrNF-11,ark~=21198=r1vd6wc9.json
94r KTK pseudo WBUVO22-VIS,SyrNF-11,ark~=21198=r1vd6wc9.json
94r KTK pseudo WBUVUVb-MB780IR,SyrNF-11,ark~=21198=r1vd6wc9.json
94r KTK pseudo WBUVUVb-VIS,SyrNF-11,ark~=21198=r1vd6wc9.json
94r KTK pseudo WBUVUVP-VIS,SyrNF-11,ark~=21198=r1vd6wc9.json
94r KTK sharpie avgUV-VIS,SyrNF-11,ark~=21198=r1vd6wc9.json
94r KTK sharpie WBUVB47-VIS,SyrNF-11,ark~=21198=r1vd6wc9.json
94r KTK sharpie WBUVG58-MB780IR,SyrNF-11,ark~=21198=r1vd6wc9.json
94r KTK sharpie WBUVG58-VIS,SyrNF-11,ark~=21198=r1vd6wc9.json
94r KTK sharpie WBUVO22-MB780IR,SyrNF-11,ark~=21198=r1vd6wc9.json
94r KTK sharpie WBUVO22-VIS,SyrNF-11,ark~=21198=r1vd6wc9.json
94r KTK sharpie WBUVUVb-MB780IR,SyrNF-11,ark~=21198=r1vd6wc9.json
94r KTK sharpie WBUVUVb-VIS,SyrNF-11,ark~=21198=r1vd6wc9.json
94v KTK pseudo MB365UV-VIS,SyrNF-11,ark~=21198=r1vd6wc9.json
94v KTK pseudo WBUVO22-VIS,SyrNF-11,ark~=21198=r1vd6wc9.json
94v KTK pseudo WBUVUVb-MB780IR,SyrNF-11,ark~=21198=r1vd6wc9.json
94v KTK pseudo WBUVUVb-VIS,SyrNF-11,ark~=21198=r1vd6wc9.json
94v KTK pseudo WBUVUVP-VIS,SyrNF-11,ark~=21198=r1vd6wc9.json
94v KTK sharpie avgUV-VIS,SyrNF-11,ark~=21198=r1vd6wc9.json
94v KTK sharpie MB365UV-VIS,SyrNF-11,ark~=21198=r1vd6wc9.json
94v KTK sharpie WBUVB47-VIS,SyrNF-11,ark~=21198=r1vd6wc9.json
94v KTK sharpie WBUVG58-MB780IR,SyrNF-11,ark~=21198=r1vd6wc9.json
94v KTK sharpie WBUVG58-VIS,SyrNF-11,ark~=21198=r1vd6wc9.json
94v KTK sharpie WBUVO22-MB780IR,SyrNF-11,ark~=21198=r1vd6wc9.json
94v KTK sharpie WBUVO22-VIS,SyrNF-11,ark~=21198=r1vd6wc9.json
94v KTK sharpie WBUVUVb-MB780IR,SyrNF-11,ark~=21198=r1vd6wc9.json
94v KTK sharpie WBUVUVb-VIS,SyrNF-11,ark~=21198=r1vd6wc9.json
95r KTK pseudo MB365UV-VIS,SyrNF-11,ark~=21198=r1vd6wc9.json
95r KTK pseudo WBUVO22-VIS,SyrNF-11,ark~=21198=r1vd6wc9.json
95r KTK pseudo WBUVUVb-MB780IR,SyrNF-11,ark~=21198=r1vd6wc9.json
95r KTK pseudo WBUVUVb-VIS,SyrNF-11,ark~=21198=r1vd6wc9.json
95r KTK pseudo WBUVUVP-VIS,SyrNF-11,ark~=21198=r1vd6wc9.json
95r KTK sharpie avgUV-VIS,SyrNF-11,ark~=21198=r1vd6wc9.json
95r KTK sharpie MB365UV-VIS,SyrNF-11,ark~=21198=r1vd6wc9.json
95r KTK sharpie WBUVB47-VIS,SyrNF-11,ark~=21198=r1vd6wc9.json
95r KTK sharpie WBUVG58-MB780IR,SyrNF-11,ark~=21198=r1vd6wc9.json
95r KTK sharpie WBUVG58-VIS,SyrNF-11,ark~=21198=r1vd6wc9.json
95r KTK sharpie WBUVO22-MB780IR,SyrNF-11,ark~=21198=r1vd6wc9.json
95r KTK sharpie WBUVO22-VIS,SyrNF-11,ark~=21198=r1vd6wc9.json
95r KTK sharpie WBUVUVb-MB780IR,SyrNF-11,ark~=21198=r1vd6wc9.json
95r KTK sharpie WBUVUVb-VIS,SyrNF-11,ark~=21198=r1vd6wc9.json
95v KTK pseudo MB365UV-VIS,SyrNF-11,ark~=21198=r1vd6wc9.json
95v KTK pseudo WBUVO22-VIS,SyrNF-11,ark~=21198=r1vd6wc9.json
95v KTK pseudo WBUVUVb-MB780IR,SyrNF-11,ark~=21198=r1vd6wc9.json
95v KTK pseudo WBUVUVb-VIS,SyrNF-11,ark~=21198=r1vd6wc9.json
95v KTK pseudo WBUVUVP-VIS,SyrNF-11,ark~=21198=r1vd6wc9.json
95v KTK sharpie avgUV-VIS,SyrNF-11,ark~=21198=r1vd6wc9.json
95v KTK sharpie MB365UV-VIS,SyrNF-11,ark~=21198=r1vd6wc9.json
95v KTK sharpie WBUVB47-VIS,SyrNF-11,ark~=21198=r1vd6wc9.json
95v KTK sharpie WBUVG58-MB780IR,SyrNF-11,ark~=21198=r1vd6wc9.json
95v KTK sharpie WBUVG58-VIS,SyrNF-11,ark~=21198=r1vd6wc9.json
95v KTK sharpie WBUVO22-MB780IR,SyrNF-11,ark~=21198=r1vd6wc9.json
95v KTK sharpie WBUVO22-VIS,SyrNF-11,ark~=21198=r1vd6wc9.json
95v KTK sharpie WBUVUVb-MB780IR,SyrNF-11,ark~=21198=r1vd6wc9.json
95v KTK sharpie WBUVUVb-VIS,SyrNF-11,ark~=21198=r1vd6wc9.json
96r KTK pseudo MB365UV-VIS,SyrNF-11,ark~=21198=r1vd6wc9.json
96r KTK pseudo WBUVO22-VIS,SyrNF-11,ark~=21198=r1vd6wc9.json
96r KTK pseudo WBUVUVb-MB780IR,SyrNF-11,ark~=21198=r1vd6wc9.json
96r KTK pseudo WBUVUVb-VIS,SyrNF-11,ark~=21198=r1vd6wc9.json
96r KTK pseudo WBUVUVP-VIS,SyrNF-11,ark~=21198=r1vd6wc9.json
96r KTK sharpie avgUV-VIS,SyrNF-11,ark~=21198=r1vd6wc9.json
96r KTK sharpie MB365UV-VIS,SyrNF-11,ark~=21198=r1vd6wc9.json
96r KTK sharpie WBUVB47-VIS,SyrNF-11,ark~=21198=r1vd6wc9.json
96r KTK sharpie WBUVG58-MB780IR,SyrNF-11,ark~=21198=r1vd6wc9.json
96r KTK sharpie WBUVG58-VIS,SyrNF-11,ark~=21198=r1vd6wc9.json
96r KTK sharpie WBUVO22-MB780IR,SyrNF-11,ark~=21198=r1vd6wc9.json
96r KTK sharpie WBUVO22-VIS,SyrNF-11,ark~=21198=r1vd6wc9.json
96r KTK sharpie WBUVUVb-VIS,SyrNF-11,ark~=21198=r1vd6wc9.json
96r KTK sharpie WBUVUVP-VIS,SyrNF-11,ark~=21198=r1vd6wc9.json
96v KTK pseudo MB365UV-VIS,SyrNF-11,ark~=21198=r1vd6wc9.json
96v KTK pseudo WBUVO22-VIS,SyrNF-11,ark~=21198=r1vd6wc9.json
96v KTK pseudo WBUVUVb-MB780IR,SyrNF-11,ark~=21198=r1vd6wc9.json
96v KTK pseudo WBUVUVb-VIS,SyrNF-11,ark~=21198=r1vd6wc9.json
96v KTK pseudo WBUVUVP-VIS,SyrNF-11,ark~=21198=r1vd6wc9.json
96v KTK sharpie MB365UV-VIS,SyrNF-11,ark~=21198=r1vd6wc9.json
96v KTK sharpie WBUVB47-VIS,SyrNF-11,ark~=21198=r1vd6wc9.json
96v KTK sharpie WBUVG58-MB780IR,SyrNF-11,ark~=21198=r1vd6wc9.json
96v KTK sharpie WBUVG58-VIS,SyrNF-11,ark~=21198=r1vd6wc9.json
96v KTK sharpie WBUVO22-MB780IR,SyrNF-11,ark~=21198=r1vd6wc9.json
96v KTK sharpie WBUVO22-VIS,SyrNF-11,ark~=21198=r1vd6wc9.json
96v KTK sharpie WBUVUVb-MB780IR,SyrNF-11,ark~=21198=r1vd6wc9.json
96v KTK sharpie WBUVUVb-VIS,SyrNF-11,ark~=21198=r1vd6wc9.json
97r KTK pseudo MB365UV-VIS,SyrNF-11,ark~=21198=r1vd6wc9.json
97r KTK pseudo WBUVO22-VIS,SyrNF-11,ark~=21198=r1vd6wc9.json
97r KTK pseudo WBUVUVb-MB780IR,SyrNF-11,ark~=21198=r1vd6wc9.json
97r KTK pseudo WBUVUVb-VIS,SyrNF-11,ark~=21198=r1vd6wc9.json
97r KTK pseudo WBUVUVP-VIS,SyrNF-11,ark~=21198=r1vd6wc9.json
97r KTK sharpie avgUV-VIS,SyrNF-11,ark~=21198=r1vd6wc9.json
97r KTK sharpie MB365UV-VIS,SyrNF-11,ark~=21198=r1vd6wc9.json
97r KTK sharpie WBUVB47-VIS,SyrNF-11,ark~=21198=r1vd6wc9.json
97r KTK sharpie WBUVG58-MB780IR,SyrNF-11,ark~=21198=r1vd6wc9.json
97r KTK sharpie WBUVG58-VIS,SyrNF-11,ark~=21198=r1vd6wc9.json
97r KTK sharpie WBUVO22-MB780IR,SyrNF-11,ark~=21198=r1vd6wc9.json
97r KTK sharpie WBUVO22-VIS,SyrNF-11,ark~=21198=r1vd6wc9.json
97r KTK sharpie WBUVUVb-MB780IR,SyrNF-11,ark~=21198=r1vd6wc9.json
97r KTK sharpie WBUVUVb-VIS,SyrNF-11,ark~=21198=r1vd6wc9.json
97v KTK pseudo MB365UV-VIS,SyrNF-11,ark~=21198=r1vd6wc9.json
97v KTK pseudo WBUVO22-VIS,SyrNF-11,ark~=21198=r1vd6wc9.json
97v KTK pseudo WBUVUVb-MB780IR,SyrNF-11,ark~=21198=r1vd6wc9.json
97v KTK pseudo WBUVUVb-VIS,SyrNF-11,ark~=21198=r1vd6wc9.json
97v KTK pseudo WBUVUVP-VIS,SyrNF-11,ark~=21198=r1vd6wc9.json
97v KTK sharpie avgUV-VIS,SyrNF-11,ark~=21198=r1vd6wc9.json
97v KTK sharpie MB365UV-MB780IR,SyrNF-11,ark~=21198=r1vd6wc9.json
97v KTK sharpie MB365UV-VIS,SyrNF-11,ark~=21198=r1vd6wc9.json
97v KTK sharpie WBUVB47-VIS,SyrNF-11,ark~=21198=r1vd6wc9.json
97v KTK sharpie WBUVG58-VIS,SyrNF-11,ark~=21198=r1vd6wc9.json
97v KTK sharpie WBUVO22-MB780IR,SyrNF-11,ark~=21198=r1vd6wc9.json
97v KTK sharpie WBUVO22-VIS,SyrNF-11,ark~=21198=r1vd6wc9.json
97v KTK sharpie WBUVUVb-MB780IR,SyrNF-11,ark~=21198=r1vd6wc9.json
97v KTK sharpie WBUVUVb-VIS,SyrNF-11,ark~=21198=r1vd6wc9.json
97v KTK sharpie WBUVUVP-VIS,SyrNF-11,ark~=21198=r1vd6wc9.json
98r KTK pseudo MB365UV-VIS,SyrNF-11,ark~=21198=r1vd6wc9.json
98r KTK pseudo WBUVO22-VIS,SyrNF-11,ark~=21198=r1vd6wc9.json
98r KTK pseudo WBUVUVb-MB780IR,SyrNF-11,ark~=21198=r1vd6wc9.json
98r KTK pseudo WBUVUVb-VIS,SyrNF-11,ark~=21198=r1vd6wc9.json
98r KTK pseudo WBUVUVP-VIS,SyrNF-11,ark~=21198=r1vd6wc9.json
98r KTK sharpie avgUV-VIS,SyrNF-11,ark~=21198=r1vd6wc9.json
98r KTK sharpie MB365UV-VIS,SyrNF-11,ark~=21198=r1vd6wc9.json
98r KTK sharpie WBUVB47-VIS,SyrNF-11,ark~=21198=r1vd6wc9.json
98r KTK sharpie WBUVG58-MB780IR,SyrNF-11,ark~=21198=r1vd6wc9.json
98r KTK sharpie WBUVG58-VIS,SyrNF-11,ark~=21198=r1vd6wc9.json
98r KTK sharpie WBUVO22-MB780IR,SyrNF-11,ark~=21198=r1vd6wc9.json
98r KTK sharpie WBUVO22-VIS,SyrNF-11,ark~=21198=r1vd6wc9.json
98r KTK sharpie WBUVUVb-MB780IR,SyrNF-11,ark~=21198=r1vd6wc9.json
98r KTK sharpie WBUVUVb-VIS,SyrNF-11,ark~=21198=r1vd6wc9.json
98r KTK sharpie WBUVUVP-VIS,SyrNF-11,ark~=21198=r1vd6wc9.json
98v KTK pseudo MB365UV-MB780IR,SyrNF-11,ark~=21198=r1vd6wc9.json
98v KTK pseudo MB365UV-VIS,SyrNF-11,ark~=21198=r1vd6wc9.json
98v KTK pseudo WBUVO22-VIS,SyrNF-11,ark~=21198=r1vd6wc9.json
98v KTK pseudo WBUVUVb-MB780IR,SyrNF-11,ark~=21198=r1vd6wc9.json
98v KTK pseudo WBUVUVb-VIS,SyrNF-11,ark~=21198=r1vd6wc9.json
98v KTK pseudo WBUVUVP-VIS,SyrNF-11,ark~=21198=r1vd6wc9.json
98v KTK sharpie avgUV-VIS,SyrNF-11,ark~=21198=r1vd6wc9.json
98v KTK sharpie MB365UV-MB780IR,SyrNF-11,ark~=21198=r1vd6wc9.json
98v KTK sharpie MB365UV-VIS,SyrNF-11,ark~=21198=r1vd6wc9.json
98v KTK sharpie WBUVB47-VIS,SyrNF-11,ark~=21198=r1vd6wc9.json
98v KTK sharpie WBUVG58-MB780IR,SyrNF-11,ark~=21198=r1vd6wc9.json
98v KTK sharpie WBUVG58-VIS,SyrNF-11,ark~=21198=r1vd6wc9.json
98v KTK sharpie WBUVO22-MB780IR,SyrNF-11,ark~=21198=r1vd6wc9.json
98v KTK sharpie WBUVO22-VIS,SyrNF-11,ark~=21198=r1vd6wc9.json
98v KTK sharpie WBUVUVb-MB780IR,SyrNF-11,ark~=21198=r1vd6wc9.json
98v KTK sharpie WBUVUVb-VIS,SyrNF-11,ark~=21198=r1vd6wc9.json
99r KTK pseudo MB365UV-MB780IR,SyrNF-11,ark~=21198=r1vd6wc9.json
99r KTK pseudo MB365UV-VIS,SyrNF-11,ark~=21198=r1vd6wc9.json
99r KTK pseudo WBUVO22-VIS,SyrNF-11,ark~=21198=r1vd6wc9.json
99r KTK pseudo WBUVUVb-MB780IR,SyrNF-11,ark~=21198=r1vd6wc9.json
99r KTK pseudo WBUVUVb-VIS,SyrNF-11,ark~=21198=r1vd6wc9.json
99r KTK pseudo WBUVUVP-VIS,SyrNF-11,ark~=21198=r1vd6wc9.json
99r KTK sharpie avgUV-VIS,SyrNF-11,ark~=21198=r1vd6wc9.json
99r KTK sharpie MB365UV-MB780IR,SyrNF-11,ark~=21198=r1vd6wc9.json
99r KTK sharpie WBUVB47-VIS,SyrNF-11,ark~=21198=r1vd6wc9.json
99r KTK sharpie WBUVG58-MB780IR,SyrNF-11,ark~=21198=r1vd6wc9.json
99r KTK sharpie WBUVG58-VIS,SyrNF-11,ark~=21198=r1vd6wc9.json
99r KTK sharpie WBUVO22-MB780IR,SyrNF-11,ark~=21198=r1vd6wc9.json
99r KTK sharpie WBUVO22-VIS,SyrNF-11,ark~=21198=r1vd6wc9.json
99r KTK sharpie WBUVUVb-MB780IR,SyrNF-11,ark~=21198=r1vd6wc9.json
99r KTK sharpie WBUVUVb-VIS,SyrNF-11,ark~=21198=r1vd6wc9.json
99r KTK sharpie WBUVUVP-VIS,SyrNF-11,ark~=21198=r1vd6wc9.json
99v KTK pseudo MB365UV-MB780IR,SyrNF-11,ark~=21198=r1vd6wc9.json
99v KTK pseudo MB365UV-VIS,SyrNF-11,ark~=21198=r1vd6wc9.json
99v KTK pseudo WBUVO22-VIS,SyrNF-11,ark~=21198=r1vd6wc9.json
99v KTK pseudo WBUVUVb-MB780IR,SyrNF-11,ark~=21198=r1vd6wc9.json
99v KTK pseudo WBUVUVb-VIS,SyrNF-11,ark~=21198=r1vd6wc9.json
99v KTK pseudo WBUVUVP-VIS,SyrNF-11,ark~=21198=r1vd6wc9.json
99v KTK sharpie avgUV-VIS,SyrNF-11,ark~=21198=r1vd6wc9.json
99v KTK sharpie MB365UV-MB780IR,SyrNF-11,ark~=21198=r1vd6wc9.json
99v KTK sharpie MB365UV-VIS,SyrNF-11,ark~=21198=r1vd6wc9.json
99v KTK sharpie WBUVB47-VIS,SyrNF-11,ark~=21198=r1vd6wc9.json
99v KTK sharpie WBUVG58-MB780IR,SyrNF-11,ark~=21198=r1vd6wc9.json
99v KTK sharpie WBUVG58-VIS,SyrNF-11,ark~=21198=r1vd6wc9.json
99v KTK sharpie WBUVO22-MB780IR,SyrNF-11,ark~=21198=r1vd6wc9.json
99v KTK sharpie WBUVO22-VIS,SyrNF-11,ark~=21198=r1vd6wc9.json
99v KTK sharpie WBUVUVb-MB780IR,SyrNF-11,ark~=21198=r1vd6wc9.json
99v KTK sharpie WBUVUVb-VIS,SyrNF-11,ark~=21198=r1vd6wc9.json
1r KTK pseudo MB365UV-MB780IR,SyrNF-11,ark~=21198=r1vd6wc9.json
1r KTK pseudo MB365UV-VIS,SyrNF-11,ark~=21198=r1vd6wc9.json
1r KTK pseudo WBUVO22-VIS,SyrNF-11,ark~=21198=r1vd6wc9.json
1r KTK pseudo WBUVUVb-MB780IR,SyrNF-11,ark~=21198=r1vd6wc9.json
1r KTK pseudo WBUVUVb-VIS,SyrNF-11,ark~=21198=r1vd6wc9.json
1r KTK pseudo WBUVUVP-VIS,SyrNF-11,ark~=21198=r1vd6wc9.json
1r KTK sharpie avgUV-VIS,SyrNF-11,ark~=21198=r1vd6wc9.json
1r KTK sharpie MB365UV-MB780IR,SyrNF-11,ark~=21198=r1vd6wc9.json
1r KTK sharpie WBUVB47-VIS,SyrNF-11,ark~=21198=r1vd6wc9.json
1r KTK sharpie WBUVG58-MB780IR,SyrNF-11,ark~=21198=r1vd6wc9.json
1r KTK sharpie WBUVG58-VIS,SyrNF-11,ark~=21198=r1vd6wc9.json
1r KTK sharpie WBUVO22-MB780IR,SyrNF-11,ark~=21198=r1vd6wc9.json
1r KTK sharpie WBUVO22-VIS,SyrNF-11,ark~=21198=r1vd6wc9.json
1r KTK sharpie WBUVUVb-MB780IR,SyrNF-11,ark~=21198=r1vd6wc9.json
1r KTK sharpie WBUVUVb-VIS,SyrNF-11,ark~=21198=r1vd6wc9.json
1r KTK sharpie WBUVUVP-VIS,SyrNF-11,ark~=21198=r1vd6wc9.json
1v KTK pseudo MB365UV-MB780IR,SyrNF-11,ark~=21198=r1vd6wc9.json
1v KTK pseudo MB365UV-VIS,SyrNF-11,ark~=21198=r1vd6wc9.json
1v KTK pseudo WBUVO22-VIS,SyrNF-11,ark~=21198=r1vd6wc9.json
1v KTK pseudo WBUVUVb-MB780IR,SyrNF-11,ark~=21198=r1vd6wc9.json
1v KTK pseudo WBUVUVb-VIS,SyrNF-11,ark~=21198=r1vd6wc9.json
1v KTK sharpie avgUV-VIS,SyrNF-11,ark~=21198=r1vd6wc9.json
1v KTK sharpie MB365UV-MB780IR,SyrNF-11,ark~=21198=r1vd6wc9.json
1v KTK sharpie MB365UV-VIS,SyrNF-11,ark~=21198=r1vd6wc9.json
1v KTK sharpie WBUVB47-VIS,SyrNF-11,ark~=21198=r1vd6wc9.json
1v KTK sharpie WBUVG58-VIS,SyrNF-11,ark~=21198=r1vd6wc9.json
1v KTK sharpie WBUVO22-MB780IR,SyrNF-11,ark~=21198=r1vd6wc9.json
1v KTK sharpie WBUVO22-VIS,SyrNF-11,ark~=21198=r1vd6wc9.json
1v KTK sharpie WBUVUVb-MB780IR,SyrNF-11,ark~=21198=r1vd6wc9.json
1v KTK sharpie WBUVUVb-VIS,SyrNF-11,ark~=21198=r1vd6wc9.json
2r KTK pseudo MB365UV-MB780IR,SyrNF-37,ark~=21198=z10p1fn2.json
2r KTK pseudo MB365UV-VIS,SyrNF-37,ark~=21198=z10p1fn2.json
2r KTK pseudo WBUVO22-VIS,SyrNF-37,ark~=21198=z10p1fn2.json
2r KTK pseudo WBUVUVb-MB780IR,SyrNF-37,ark~=21198=z10p1fn2.json
2r KTK pseudo WBUVUVb-VIS,SyrNF-37,ark~=21198=z10p1fn2.json
2r KTK pseudo WBUVUVP-VIS,SyrNF-37,ark~=21198=z10p1fn2.json
2r KTK sharpie avgUV-VIS,SyrNF-37,ark~=21198=z10p1fn2.json
2r KTK sharpie MB365UV-MB780IR,SyrNF-37,ark~=21198=z10p1fn2.json
2r KTK sharpie MB365UV-VIS,SyrNF-37,ark~=21198=z10p1fn2.json
2r KTK sharpie WBUVB47-VIS,SyrNF-37,ark~=21198=z10p1fn2.json
2r KTK sharpie WBUVG58-MB780IR,SyrNF-37,ark~=21198=z10p1fn2.json
2r KTK sharpie WBUVG58-VIS,SyrNF-37,ark~=21198=z10p1fn2.json
2r KTK sharpie WBUVO22-MB780IR,SyrNF-37,ark~=21198=z10p1fn2.json
2r KTK sharpie WBUVO22-VIS,SyrNF-37,ark~=21198=z10p1fn2.json
2r KTK sharpie WBUVUVb-MB780IR,SyrNF-37,ark~=21198=z10p1fn2.json
2r KTK sharpie WBUVUVb-VIS,SyrNF-37,ark~=21198=z10p1fn2.json
2r KTK sharpie WBUVUVP-VIS,SyrNF-37,ark~=21198=z10p1fn2.json
2v KTK pseudo MB365UV-MB780IR,SyrNF-37,ark~=21198=z10p1fn2.json
2v KTK pseudo MB365UV-VIS,SyrNF-37,ark~=21198=z10p1fn2.json
2v KTK pseudo WBUVO22-VIS,SyrNF-37,ark~=21198=z10p1fn2.json
2v KTK pseudo WBUVUVb-MB780IR,SyrNF-37,ark~=21198=z10p1fn2.json
2v KTK pseudo WBUVUVb-VIS,SyrNF-37,ark~=21198=z10p1fn2.json
2v KTK pseudo WBUVUVP-VIS,SyrNF-37,ark~=21198=z10p1fn2.json
2v KTK sharpie avgUV-VIS,SyrNF-37,ark~=21198=z10p1fn2.json
2v KTK sharpie MB365UV-MB780IR,SyrNF-37,ark~=21198=z10p1fn2.json
2v KTK sharpie MB365UV-VIS,SyrNF-37,ark~=21198=z10p1fn2.json
2v KTK sharpie WBUVB47-VIS,SyrNF-37,ark~=21198=z10p1fn2.json
2v KTK sharpie WBUVG58-MB780IR,SyrNF-37,ark~=21198=z10p1fn2.json
2v KTK sharpie WBUVG58-VIS,SyrNF-37,ark~=21198=z10p1fn2.json
2v KTK sharpie WBUVO22-MB780IR,SyrNF-37,ark~=21198=z10p1fn2.json
2v KTK sharpie WBUVO22-VIS,SyrNF-37,ark~=21198=z10p1fn2.json
2v KTK sharpie WBUVUVb-MB780IR,SyrNF-37,ark~=21198=z10p1fn2.json
2v KTK sharpie WBUVUVb-VIS,SyrNF-37,ark~=21198=z10p1fn2.json
2v KTK sharpie WBUVUVP-VIS,SyrNF-37,ark~=21198=z10p1fn2.json
3r KTK pseudo MB365UV-MB780IR,SyrNF-37,ark~=21198=z10p1fn2.json
3r KTK pseudo MB365UV-VIS,SyrNF-37,ark~=21198=z10p1fn2.json
3r KTK pseudo WBUVO22-VIS,SyrNF-37,ark~=21198=z10p1fn2.json
3r KTK pseudo WBUVUVb-MB780IR,SyrNF-37,ark~=21198=z10p1fn2.json
3r KTK pseudo WBUVUVb-VIS,SyrNF-37,ark~=21198=z10p1fn2.json
3r KTK pseudo WBUVUVP-VIS,SyrNF-37,ark~=21198=z10p1fn2.json
3r KTK sharpie avgUV-VIS,SyrNF-37,ark~=21198=z10p1fn2.json
3r KTK sharpie MB365UV-MB780IR,SyrNF-37,ark~=21198=z10p1fn2.json
3r KTK sharpie MB365UV-VIS,SyrNF-37,ark~=21198=z10p1fn2.json
3r KTK sharpie WBUVB47-VIS,SyrNF-37,ark~=21198=z10p1fn2.json
3r KTK sharpie WBUVG58-VIS,SyrNF-37,ark~=21198=z10p1fn2.json
3r KTK sharpie WBUVUVb-MB780IR,SyrNF-37,ark~=21198=z10p1fn2.json
3r KTK sharpie WBUVUVP-VIS,SyrNF-37,ark~=21198=z10p1fn2.json
3v KTK pseudo MB365UV-MB780IR,SyrNF-37,ark~=21198=z10p1fn2.json
3v KTK pseudo MB365UV-VIS,SyrNF-37,ark~=21198=z10p1fn2.json
3v KTK pseudo WBUVO22-VIS,SyrNF-37,ark~=21198=z10p1fn2.json
3v KTK pseudo WBUVUVb-MB780IR,SyrNF-37,ark~=21198=z10p1fn2.json
3v KTK pseudo WBUVUVb-VIS,SyrNF-37,ark~=21198=z10p1fn2.json
3v KTK pseudo WBUVUVP-VIS,SyrNF-37,ark~=21198=z10p1fn2.json
3v KTK sharpie avgUV-VIS,SyrNF-37,ark~=21198=z10p1fn2.json
3v KTK sharpie MB365UV-MB780IR,SyrNF-37,ark~=21198=z10p1fn2.json
3v KTK sharpie MB365UV-VIS,SyrNF-37,ark~=21198=z10p1fn2.json
3v KTK sharpie WBUVB47-VIS,SyrNF-37,ark~=21198=z10p1fn2.json
3v KTK sharpie WBUVG58-MB780IR,SyrNF-37,ark~=21198=z10p1fn2.json
3v KTK sharpie WBUVG58-VIS,SyrNF-37,ark~=21198=z10p1fn2.json
3v KTK sharpie WBUVO22-MB780IR,SyrNF-37,ark~=21198=z10p1fn2.json
3v KTK sharpie WBUVO22-VIS,SyrNF-37,ark~=21198=z10p1fn2.json
3v KTK sharpie WBUVUVb-MB780IR,SyrNF-37,ark~=21198=z10p1fn2.json
3v KTK sharpie WBUVUVb-VIS,SyrNF-37,ark~=21198=z10p1fn2.json
3v KTK sharpie WBUVUVP-VIS,SyrNF-37,ark~=21198=z10p1fn2.json
4r KTK pseudo MB365UV-MB780IR,SyrNF-37,ark~=21198=z10p1fn2.json
4r KTK pseudo MB365UV-VIS,SyrNF-37,ark~=21198=z10p1fn2.json
4r KTK pseudo WBUVO22-VIS,SyrNF-37,ark~=21198=z10p1fn2.json
4r KTK pseudo WBUVUVb-MB780IR,SyrNF-37,ark~=21198=z10p1fn2.json
4r KTK pseudo WBUVUVb-VIS,SyrNF-37,ark~=21198=z10p1fn2.json
4r KTK pseudo WBUVUVP-VIS,SyrNF-37,ark~=21198=z10p1fn2.json
4r KTK sharpie avgUV-VIS,SyrNF-37,ark~=21198=z10p1fn2.json
4r KTK sharpie MB365UV-MB780IR,SyrNF-37,ark~=21198=z10p1fn2.json
4r KTK sharpie MB365UV-VIS,SyrNF-37,ark~=21198=z10p1fn2.json
4r KTK sharpie WBUVB47-VIS,SyrNF-37,ark~=21198=z10p1fn2.json
4r KTK sharpie WBUVG58-MB780IR,SyrNF-37,ark~=21198=z10p1fn2.json
4r KTK sharpie WBUVG58-VIS,SyrNF-37,ark~=21198=z10p1fn2.json
4r KTK sharpie WBUVO22-MB780IR,SyrNF-37,ark~=21198=z10p1fn2.json
4r KTK sharpie WBUVO22-VIS,SyrNF-37,ark~=21198=z10p1fn2.json
4r KTK sharpie WBUVUVb-MB780IR,SyrNF-37,ark~=21198=z10p1fn2.json
4r KTK sharpie WBUVUVb-VIS,SyrNF-37,ark~=21198=z10p1fn2.json
4r KTK sharpie WBUVUVP-VIS,SyrNF-37,ark~=21198=z10p1fn2.json
4v KTK pseudo MB365UV-MB780IR,SyrNF-37,ark~=21198=z10p1fn2.json
4v KTK pseudo MB365UV-VIS,SyrNF-37,ark~=21198=z10p1fn2.json
4v KTK pseudo WBUVO22-VIS,SyrNF-37,ark~=21198=z10p1fn2.json
4v KTK pseudo WBUVUVb-MB780IR,SyrNF-37,ark~=21198=z10p1fn2.json
4v KTK pseudo WBUVUVb-VIS,SyrNF-37,ark~=21198=z10p1fn2.json
4v KTK pseudo WBUVUVP-VIS,SyrNF-37,ark~=21198=z10p1fn2.json
4v KTK sharpie avgUV-VIS,SyrNF-37,ark~=21198=z10p1fn2.json
4v KTK sharpie MB365UV-MB780IR,SyrNF-37,ark~=21198=z10p1fn2.json
4v KTK sharpie MB365UV-VIS,SyrNF-37,ark~=21198=z10p1fn2.json
4v KTK sharpie WBUVB47-VIS,SyrNF-37,ark~=21198=z10p1fn2.json
4v KTK sharpie WBUVG58-MB780IR,SyrNF-37,ark~=21198=z10p1fn2.json
4v KTK sharpie WBUVG58-VIS,SyrNF-37,ark~=21198=z10p1fn2.json
4v KTK sharpie WBUVO22-MB780IR,SyrNF-37,ark~=21198=z10p1fn2.json
4v KTK sharpie WBUVO22-VIS,SyrNF-37,ark~=21198=z10p1fn2.json
4v KTK sharpie WBUVUVb-MB780IR,SyrNF-37,ark~=21198=z10p1fn2.json
4v KTK sharpie WBUVUVb-VIS,SyrNF-37,ark~=21198=z10p1fn2.json
4v KTK sharpie WBUVUVP-VIS,SyrNF-37,ark~=21198=z10p1fn2.json
5r KTK pseudo MB365UV-MB780IR,SyrNF-37,ark~=21198=z10p1fn2.json
5r KTK pseudo MB365UV-VIS,SyrNF-37,ark~=21198=z10p1fn2.json
5r KTK pseudo WBUVO22-VIS,SyrNF-37,ark~=21198=z10p1fn2.json
5r KTK pseudo WBUVUVb-MB780IR,SyrNF-37,ark~=21198=z10p1fn2.json
5r KTK pseudo WBUVUVb-VIS,SyrNF-37,ark~=21198=z10p1fn2.json
5r KTK pseudo WBUVUVP-VIS,SyrNF-37,ark~=21198=z10p1fn2.json
5r KTK sharpie avgUV-VIS,SyrNF-37,ark~=21198=z10p1fn2.json
5r KTK sharpie MB365UV-MB780IR,SyrNF-37,ark~=21198=z10p1fn2.json
5r KTK sharpie MB365UV-VIS,SyrNF-37,ark~=21198=z10p1fn2.json
5r KTK sharpie WBUVB47-VIS,SyrNF-37,ark~=21198=z10p1fn2.json
5r KTK sharpie WBUVG58-MB780IR,SyrNF-37,ark~=21198=z10p1fn2.json
5r KTK sharpie WBUVG58-VIS,SyrNF-37,ark~=21198=z10p1fn2.json
5r KTK sharpie WBUVO22-MB780IR,SyrNF-37,ark~=21198=z10p1fn2.json
5r KTK sharpie WBUVO22-VIS,SyrNF-37,ark~=21198=z10p1fn2.json
5r KTK sharpie WBUVUVb-MB780IR,SyrNF-37,ark~=21198=z10p1fn2.json
5r KTK sharpie WBUVUVb-VIS,SyrNF-37,ark~=21198=z10p1fn2.json
5r KTK sharpie WBUVUVP-VIS,SyrNF-37,ark~=21198=z10p1fn2.json
5v KTK pseudo MB365UV-MB780IR,SyrNF-37,ark~=21198=z10p1fn2.json
5v KTK pseudo MB365UV-VIS,SyrNF-37,ark~=21198=z10p1fn2.json
5v KTK pseudo WBUVO22-VIS,SyrNF-37,ark~=21198=z10p1fn2.json
5v KTK pseudo WBUVUVb-MB780IR,SyrNF-37,ark~=21198=z10p1fn2.json
5v KTK pseudo WBUVUVb-VIS,SyrNF-37,ark~=21198=z10p1fn2.json
5v KTK pseudo WBUVUVP-VIS,SyrNF-37,ark~=21198=z10p1fn2.json
5v KTK sharpie avgUV-VIS,SyrNF-37,ark~=21198=z10p1fn2.json
5v KTK sharpie MB365UV-MB780IR,SyrNF-37,ark~=21198=z10p1fn2.json
5v KTK sharpie MB365UV-VIS,SyrNF-37,ark~=21198=z10p1fn2.json
5v KTK sharpie WBUVB47-VIS,SyrNF-37,ark~=21198=z10p1fn2.json
5v KTK sharpie WBUVG58-MB780IR,SyrNF-37,ark~=21198=z10p1fn2.json
5v KTK sharpie WBUVG58-VIS,SyrNF-37,ark~=21198=z10p1fn2.json
5v KTK sharpie WBUVO22-MB780IR,SyrNF-37,ark~=21198=z10p1fn2.json
5v KTK sharpie WBUVO22-VIS,SyrNF-37,ark~=21198=z10p1fn2.json
5v KTK sharpie WBUVUVb-MB780IR,SyrNF-37,ark~=21198=z10p1fn2.json
5v KTK sharpie WBUVUVb-VIS,SyrNF-37,ark~=21198=z10p1fn2.json
5v KTK sharpie WBUVUVP-VIS,SyrNF-37,ark~=21198=z10p1fn2.json
6r KTK pseudo MB365UV-MB780IR,SyrNF-37,ark~=21198=z10p1fn2.json
6r KTK pseudo MB365UV-VIS,SyrNF-37,ark~=21198=z10p1fn2.json
6r KTK pseudo WBUVO22-VIS,SyrNF-37,ark~=21198=z10p1fn2.json
6r KTK pseudo WBUVUVb-MB780IR,SyrNF-37,ark~=21198=z10p1fn2.json
6r KTK pseudo WBUVUVb-VIS,SyrNF-37,ark~=21198=z10p1fn2.json
6r KTK pseudo WBUVUVP-VIS,SyrNF-37,ark~=21198=z10p1fn2.json
6r KTK sharpie avgUV-VIS,SyrNF-37,ark~=21198=z10p1fn2.json
6r KTK sharpie MB365UV-MB780IR,SyrNF-37,ark~=21198=z10p1fn2.json
6r KTK sharpie MB365UV-VIS,SyrNF-37,ark~=21198=z10p1fn2.json
6r KTK sharpie WBUVB47-VIS,SyrNF-37,ark~=21198=z10p1fn2.json
6r KTK sharpie WBUVG58-MB780IR,SyrNF-37,ark~=21198=z10p1fn2.json
6r KTK sharpie WBUVG58-VIS,SyrNF-37,ark~=21198=z10p1fn2.json
6r KTK sharpie WBUVO22-MB780IR,SyrNF-37,ark~=21198=z10p1fn2.json
6r KTK sharpie WBUVO22-VIS,SyrNF-37,ark~=21198=z10p1fn2.json
6r KTK sharpie WBUVUVb-MB780IR,SyrNF-37,ark~=21198=z10p1fn2.json
6r KTK sharpie WBUVUVb-VIS,SyrNF-37,ark~=21198=z10p1fn2.json
6r KTK sharpie WBUVUVP-VIS,SyrNF-37,ark~=21198=z10p1fn2.json
6v KTK pseudo MB365UV-MB780IR,SyrNF-37,ark~=21198=z10p1fn2.json
6v KTK pseudo MB365UV-VIS,SyrNF-37,ark~=21198=z10p1fn2.json
6v KTK pseudo WBUVO22-VIS,SyrNF-37,ark~=21198=z10p1fn2.json
6v KTK pseudo WBUVUVb-MB780IR,SyrNF-37,ark~=21198=z10p1fn2.json
6v KTK pseudo WBUVUVb-VIS,SyrNF-37,ark~=21198=z10p1fn2.json
6v KTK pseudo WBUVUVP-VIS,SyrNF-37,ark~=21198=z10p1fn2.json
6v KTK sharpie avgUV-VIS,SyrNF-37,ark~=21198=z10p1fn2.json
6v KTK sharpie MB365UV-MB780IR,SyrNF-37,ark~=21198=z10p1fn2.json
6v KTK sharpie MB365UV-VIS,SyrNF-37,ark~=21198=z10p1fn2.json
6v KTK sharpie WBUVB47-VIS,SyrNF-37,ark~=21198=z10p1fn2.json
6v KTK sharpie WBUVG58-MB780IR,SyrNF-37,ark~=21198=z10p1fn2.json
6v KTK sharpie WBUVG58-VIS,SyrNF-37,ark~=21198=z10p1fn2.json
6v KTK sharpie WBUVO22-MB780IR,SyrNF-37,ark~=21198=z10p1fn2.json
6v KTK sharpie WBUVO22-VIS,SyrNF-37,ark~=21198=z10p1fn2.json
6v KTK sharpie WBUVUVb-MB780IR,SyrNF-37,ark~=21198=z10p1fn2.json
6v KTK sharpie WBUVUVb-VIS,SyrNF-37,ark~=21198=z10p1fn2.json
6v KTK sharpie WBUVUVP-VIS,SyrNF-37,ark~=21198=z10p1fn2.json
1bis r KTK pseudo MB365UV-MB780IR,SyrNF-frg28,ark~=21198=z13n2cd2.json
1bis r KTK sharpie avgUV-VIS,SyrNF-frg28,ark~=21198=z13n2cd2.json
1bis r KTK sharpie MB365UV-VIS,SyrNF-frg28,ark~=21198=z13n2cd2.json
1bis r KTK sharpie WBUVB47-VIS,SyrNF-frg28,ark~=21198=z13n2cd2.json
1bis r KTK sharpie WBUVG58-VIS,SyrNF-frg28,ark~=21198=z13n2cd2.json
1bis r KTK sharpie WBUVO22-VIS,SyrNF-frg28,ark~=21198=z13n2cd2.json
1bis r KTK sharpie WBUVUVb-MB780IR,SyrNF-frg28,ark~=21198=z13n2cd2.json
1bis r KTK sharpie WBUVUVb-VIS,SyrNF-frg28,ark~=21198=z13n2cd2.json
1bis r KTK sharpie WBUVUVP-VIS,SyrNF-frg28,ark~=21198=z13n2cd2.json
1bis v KTK pseudo MB365UV-MB780IR,SyrNF-frg28,ark~=21198=z13n2cd2.json
1r-4v KTK pseudo MB365UV-MB780IR,SyrNF-frg28,ark~=21198=z13n2cd2.json
1r-4v KTK pseudo MB365UV-VIS,SyrNF-frg28,ark~=21198=z13n2cd2.json
1r-4v KTK pseudo WBUVO22-VIS,SyrNF-frg28,ark~=21198=z13n2cd2.json
1r-4v KTK pseudo WBUVUVb-MB780IR,SyrNF-frg28,ark~=21198=z13n2cd2.json
1r-4v KTK pseudo WBUVUVb-VIS,SyrNF-frg28,ark~=21198=z13n2cd2.json
1r-4v KTK pseudo WBUVUVP-VIS,SyrNF-frg28,ark~=21198=z13n2cd2.json
1r-4v KTK sharpie MB365UV-VIS,SyrNF-frg28,ark~=21198=z13n2cd2.json
1r-4v KTK sharpie WBUVG58-VIS,SyrNF-frg28,ark~=21198=z13n2cd2.json
1r-4v KTK sharpie WBUVO22-VIS,SyrNF-frg28,ark~=21198=z13n2cd2.json
1r-4v KTK sharpie WBUVUVb-MB780IR,SyrNF-frg28,ark~=21198=z13n2cd2.json
1r-4v KTK sharpie WBUVUVb-VIS,SyrNF-frg28,ark~=21198=z13n2cd2.json
1r-4v KTK sharpie WBUVUVP-VIS,SyrNF-frg28,ark~=21198=z13n2cd2.json
1v-4r KTK pseudo MB365UV-MB780IR,SyrNF-frg28,ark~=21198=z13n2cd2.json
1v-4r KTK pseudo MB365UV-VIS,SyrNF-frg28,ark~=21198=z13n2cd2.json
1v-4r KTK pseudo WBUVO22-VIS,SyrNF-frg28,ark~=21198=z13n2cd2.json
1v-4r KTK pseudo WBUVUVb-MB780IR,SyrNF-frg28,ark~=21198=z13n2cd2.json
1v-4r KTK pseudo WBUVUVb-VIS,SyrNF-frg28,ark~=21198=z13n2cd2.json
1v-4r KTK pseudo WBUVUVP-VIS,SyrNF-frg28,ark~=21198=z13n2cd2.json
1v-4r KTK sharpie MB365UV-MB780IR,SyrNF-frg28,ark~=21198=z13n2cd2.json
1v-4r KTK sharpie WBUVG58-MB780IR,SyrNF-frg28,ark~=21198=z13n2cd2.json
1v-4r KTK sharpie WBUVO22-MB780IR,SyrNF-frg28,ark~=21198=z13n2cd2.json
1v-4r KTK sharpie WBUVUVb-VIS,SyrNF-frg28,ark~=21198=z13n2cd2.json
1v-4r KTK sharpie WBUVUVP-VIS,SyrNF-frg28,ark~=21198=z13n2cd2.json
2r-3v KTK pseudo MB365UV-MB780IR,SyrNF-frg28,ark~=21198=z13n2cd2.json
2r-3v KTK pseudo MB365UV-VIS,SyrNF-frg28,ark~=21198=z13n2cd2.json
2r-3v KTK pseudo WBUVUVb-MB780IR,SyrNF-frg28,ark~=21198=z13n2cd2.json
2r-3v KTK pseudo WBUVUVb-VIS,SyrNF-frg28,ark~=21198=z13n2cd2.json
2r-3v KTK pseudo WBUVUVP-VIS,SyrNF-frg28,ark~=21198=z13n2cd2.json
2r-3v KTK sharpie avgUV-VIS,SyrNF-frg28,ark~=21198=z13n2cd2.json
2r-3v KTK sharpie WBUVB47-VIS,SyrNF-frg28,ark~=21198=z13n2cd2.json
2r-3v KTK sharpie WBUVG58-MB780IR,SyrNF-frg28,ark~=21198=z13n2cd2.json
2r-3v KTK sharpie WBUVG58-VIS,SyrNF-frg28,ark~=21198=z13n2cd2.json
2r-3v KTK sharpie WBUVO22-MB780IR,SyrNF-frg28,ark~=21198=z13n2cd2.json
2r-3v KTK sharpie WBUVO22-VIS,SyrNF-frg28,ark~=21198=z13n2cd2.json
2r-3v KTK sharpie WBUVUVP-VIS,SyrNF-frg28,ark~=21198=z13n2cd2.json
2v-3r KTK pseudo MB365UV-MB780IR,SyrNF-frg28,ark~=21198=z13n2cd2.json
2v-3r KTK pseudo MB365UV-VIS,SyrNF-frg28,ark~=21198=z13n2cd2.json
2v-3r KTK pseudo WBUVUVb-MB780IR,SyrNF-frg28,ark~=21198=z13n2cd2.json
2v-3r KTK pseudo WBUVUVP-VIS,SyrNF-frg28,ark~=21198=z13n2cd2.json
2v-3r KTK sharpie avgUV-VIS,SyrNF-frg28,ark~=21198=z13n2cd2.json
2v-3r KTK sharpie MB365UV-MB780IR,SyrNF-frg28,ark~=21198=z13n2cd2.json
2v-3r KTK sharpie WBUVB47-VIS,SyrNF-frg28,ark~=21198=z13n2cd2.json
2v-3r KTK sharpie WBUVG58-MB780IR,SyrNF-frg28,ark~=21198=z13n2cd2.json
2v-3r KTK sharpie WBUVG58-VIS,SyrNF-frg28,ark~=21198=z13n2cd2.json
2v-3r KTK sharpie WBUVO22-VIS,SyrNF-frg28,ark~=21198=z13n2cd2.json
2v-3r KTK sharpie WBUVUVb-MB780IR,SyrNF-frg28,ark~=21198=z13n2cd2.json
2v-3r KTK sharpie WBUVUVb-VIS,SyrNF-frg28,ark~=21198=z13n2cd2.json
1r KTK pseudo MB365UV-MB780IR,SyrNF-frg53,ark~=21198=z10v8dvq.json
1r KTK pseudo WBUVUVb-MB780IR,SyrNF-frg53,ark~=21198=z10v8dvq.json
1r KTK pseudo WBUVUVb-VIS,SyrNF-frg53,ark~=21198=z10v8dvq.json
1r KTK pseudo WBUVUVP-VIS,SyrNF-frg53,ark~=21198=z10v8dvq.json
1r KTK sharpie MB365UV-VIS,SyrNF-frg53,ark~=21198=z10v8dvq.json
1r KTK sharpie WBUVB47-VIS,SyrNF-frg53,ark~=21198=z10v8dvq.json
1r KTK sharpie WBUVUVP-VIS,SyrNF-frg53,ark~=21198=z10v8dvq.json
1v KTK pseudo MB365UV-MB780IR,SyrNF-frg53,ark~=21198=z10v8dvq.json
1v KTK sharpie WBUVB47-VIS,SyrNF-frg53,ark~=21198=z10v8dvq.json
1v KTK sharpie WBUVUVP-VIS,SyrNF-frg53,ark~=21198=z10v8dvq.json
2r KTK pseudo MB365UV-MB780IR,SyrNF-frg53,ark~=21198=z10v8dvq.json
2r KTK pseudo MB365UV-VIS,SyrNF-frg53,ark~=21198=z10v8dvq.json
2r KTK pseudo WBUVUVP-VIS,SyrNF-frg53,ark~=21198=z10v8dvq.json
2r KTK sharpie MB365UV-MB780IR,SyrNF-frg53,ark~=21198=z10v8dvq.json
2r KTK sharpie MB365UV-VIS,SyrNF-frg53,ark~=21198=z10v8dvq.json
2r KTK sharpie WBUVUVP-VIS,SyrNF-frg53,ark~=21198=z10v8dvq.json
2v KTK pseudo MB365UV-MB780IR,SyrNF-frg53,ark~=21198=z10v8dvq.json
2v KTK pseudo MB365UV-VIS,SyrNF-frg53,ark~=21198=z10v8dvq.json
2v KTK pseudo WBUVUVP-VIS,SyrNF-frg53,ark~=21198=z10v8dvq.json
2v KTK sharpie MB365UV-MB780IR,SyrNF-frg53,ark~=21198=z10v8dvq.json
2v KTK sharpie MB365UV-VIS,SyrNF-frg53,ark~=21198=z10v8dvq.json
2v KTK sharpie WBUVUVP-VIS,SyrNF-frg53,ark~=21198=z10v8dvq.json
3r KTK pseudo MB365UV-MB780IR,SyrNF-frg53,ark~=21198=z10v8dvq.json
3r KTK pseudo MB365UV-VIS,SyrNF-frg53,ark~=21198=z10v8dvq.json
3r KTK pseudo WBUVUVP-VIS,SyrNF-frg53,ark~=21198=z10v8dvq.json
3r KTK sharpie MB365UV-MB780IR,SyrNF-frg53,ark~=21198=z10v8dvq.json
3r KTK sharpie MB365UV-VIS,SyrNF-frg53,ark~=21198=z10v8dvq.json
3v KTK pseudo MB365UV-MB780IR,SyrNF-frg53,ark~=21198=z10v8dvq.json
3v KTK pseudo MB365UV-VIS,SyrNF-frg53,ark~=21198=z10v8dvq.json
3v KTK pseudo WBUVUVP-VIS,SyrNF-frg53,ark~=21198=z10v8dvq.json
3v KTK sharpie MB365UV-MB780IR,SyrNF-frg53,ark~=21198=z10v8dvq.json
3v KTK sharpie MB365UV-VIS,SyrNF-frg53,ark~=21198=z10v8dvq.json
3v KTK sharpie WBUVUVP-VIS,SyrNF-frg53,ark~=21198=z10v8dvq.json
4r KTK pseudo MB365UV-MB780IR,SyrNF-frg53,ark~=21198=z10v8dvq.json
4r KTK pseudo MB365UV-VIS,SyrNF-frg53,ark~=21198=z10v8dvq.json
4r KTK pseudo WBUVUVP-VIS,SyrNF-frg53,ark~=21198=z10v8dvq.json
4r KTK sharpie MB365UV-MB780IR,SyrNF-frg53,ark~=21198=z10v8dvq.json
4r KTK sharpie MB365UV-VIS,SyrNF-frg53,ark~=21198=z10v8dvq.json
4r KTK sharpie WBUVUVP-VIS,SyrNF-frg53,ark~=21198=z10v8dvq.json
4v KTK pseudo MB365UV-MB780IR,SyrNF-frg53,ark~=21198=z10v8dvq.json
4v KTK pseudo MB365UV-VIS,SyrNF-frg53,ark~=21198=z10v8dvq.json
4v KTK pseudo WBUVUVP-VIS,SyrNF-frg53,ark~=21198=z10v8dvq.json
4v KTK sharpie MB365UV-MB780IR,SyrNF-frg53,ark~=21198=z10v8dvq.json
4v KTK sharpie MB365UV-VIS,SyrNF-frg53,ark~=21198=z10v8dvq.json
4v KTK sharpie WBUVUVP-VIS,SyrNF-frg53,ark~=21198=z10v8dvq.json
5r KTK pseudo MB365UV-MB780IR,SyrNF-frg53,ark~=21198=z10v8dvq.json
5r KTK pseudo MB365UV-VIS,SyrNF-frg53,ark~=21198=z10v8dvq.json
5r KTK pseudo WBUVUVP-VIS,SyrNF-frg53,ark~=21198=z10v8dvq.json
5r KTK sharpie avgUV-VIS,SyrNF-frg53,ark~=21198=z10v8dvq.json
5r KTK sharpie MB365UV-MB780IR,SyrNF-frg53,ark~=21198=z10v8dvq.json
5r KTK sharpie WBUVG58-MB780IR,SyrNF-frg53,ark~=21198=z10v8dvq.json
5r KTK sharpie WBUVUVb-MB780IR,SyrNF-frg53,ark~=21198=z10v8dvq.json
5v KTK pseudo MB365UV-MB780IR,SyrNF-frg53,ark~=21198=z10v8dvq.json
5v KTK pseudo MB365UV-VIS,SyrNF-frg53,ark~=21198=z10v8dvq.json
5v KTK pseudo WBUVUVP-VIS,SyrNF-frg53,ark~=21198=z10v8dvq.json
5v KTK sharpie MB365UV-MB780IR,SyrNF-frg53,ark~=21198=z10v8dvq.json
5v KTK sharpie MB365UV-VIS,SyrNF-frg53,ark~=21198=z10v8dvq.json
5v KTK sharpie WBUVUVP-VIS,SyrNF-frg53,ark~=21198=z10v8dvq.json
1r KTK pseudo WBUVUVP-VIS,Geo-49,ark~=21198=z12v3d24.json
1r KTK sharpie MB365UV-VIS,Geo-49,ark~=21198=z12v3d24.json
2r KTK pseudo WBUVO22-VIS,Geo-49,ark~=21198=z12v3d24.json
2r KTK pseudo WBUVUVb-VIS,Geo-49,ark~=21198=z12v3d24.json
3r KTK sharpie WBUVG58-VIS,Geo-49,ark~=21198=z12v3d24.json
3v KTK sharpie MB365UV-VIS,Geo-49,ark~=21198=z12v3d24.json
3v KTK sharpie WBUVUVP-VIS,Geo-49,ark~=21198=z12v3d24.json
4r KTK sharpie MB365UV-VIS,Geo-49,ark~=21198=z12v3d24.json
5r KTK pseudo WBUVUVP-VIS,Geo-49,ark~=21198=z12v3d24.json
5r KTK sharpie WBUVUVb-VIS,Geo-49,ark~=21198=z12v3d24.json